Phi[deg],Theta[deg],dB(DirTotal)
-180,0,6.41645
-178,0,6.41645
-176,0,6.41645
-174,0,6.41645
-172,0,6.41645
-170,0,6.41645
-168,0,6.41645
-166,0,6.41645
-164,0,6.41645
-162,0,6.41645
-160,0,6.41645
-158,0,6.41645
-156,0,6.41645
-154,0,6.41645
-152,0,6.41645
-150,0,6.41645
-148,0,6.41645
-146,0,6.41645
-144,0,6.41645
-142,0,6.41645
-140,0,6.41645
-138,0,6.41645
-136,0,6.41645
-134,0,6.41645
-132,0,6.41645
-130,0,6.41645
-128,0,6.41645
-126,0,6.41645
-124,0,6.41645
-122,0,6.41645
-120,0,6.41645
-118,0,6.41645
-116,0,6.41645
-114,0,6.41645
-112,0,6.41645
-110,0,6.41645
-108,0,6.41645
-106,0,6.41645
-104,0,6.41645
-102,0,6.41645
-100,0,6.41645
-98,0,6.41645
-96,0,6.41645
-94,0,6.41645
-92,0,6.41645
-90,0,6.41645
-88,0,6.41645
-86,0,6.41645
-84,0,6.41645
-82,0,6.41645
-80,0,6.41645
-78,0,6.41645
-76,0,6.41645
-74,0,6.41645
-72,0,6.41645
-70,0,6.41645
-68,0,6.41645
-66,0,6.41645
-64,0,6.41645
-62,0,6.41645
-60,0,6.41645
-58,0,6.41645
-56,0,6.41645
-54,0,6.41645
-52,0,6.41645
-50,0,6.41645
-48,0,6.41645
-46,0,6.41645
-44,0,6.41645
-42,0,6.41645
-40,0,6.41645
-38,0,6.41645
-36,0,6.41645
-34,0,6.41645
-32,0,6.41645
-30,0,6.41645
-28,0,6.41645
-26,0,6.41645
-24,0,6.41645
-22,0,6.41645
-20,0,6.41645
-18,0,6.41645
-16,0,6.41645
-14,0,6.41645
-12,0,6.41645
-10,0,6.41645
-8,0,6.41645
-6,0,6.41645
-4,0,6.41645
-2,0,6.41645
0,0,6.41645
2,0,6.41645
4,0,6.41645
6,0,6.41645
8,0,6.41645
10,0,6.41645
12,0,6.41645
14,0,6.41645
16,0,6.41645
18,0,6.41645
20,0,6.41645
22,0,6.41645
24,0,6.41645
26,0,6.41645
28,0,6.41645
30,0,6.41645
32,0,6.41645
34,0,6.41645
36,0,6.41645
38,0,6.41645
40,0,6.41645
42,0,6.41645
44,0,6.41645
46,0,6.41645
48,0,6.41645
50,0,6.41645
52,0,6.41645
54,0,6.41645
56,0,6.41645
58,0,6.41645
60,0,6.41645
62,0,6.41645
64,0,6.41645
66,0,6.41645
68,0,6.41645
70,0,6.41645
72,0,6.41645
74,0,6.41645
76,0,6.41645
78,0,6.41645
80,0,6.41645
82,0,6.41645
84,0,6.41645
86,0,6.41645
88,0,6.41645
90,0,6.41645
92,0,6.41645
94,0,6.41645
96,0,6.41645
98,0,6.41645
100,0,6.41645
102,0,6.41645
104,0,6.41645
106,0,6.41645
108,0,6.41645
110,0,6.41645
112,0,6.41645
114,0,6.41645
116,0,6.41645
118,0,6.41645
120,0,6.41645
122,0,6.41645
124,0,6.41645
126,0,6.41645
128,0,6.41645
130,0,6.41645
132,0,6.41645
134,0,6.41645
136,0,6.41645
138,0,6.41645
140,0,6.41645
142,0,6.41645
144,0,6.41645
146,0,6.41645
148,0,6.41645
150,0,6.41645
152,0,6.41645
154,0,6.41645
156,0,6.41645
158,0,6.41645
160,0,6.41645
162,0,6.41645
164,0,6.41645
166,0,6.41645
168,0,6.41645
170,0,6.41645
172,0,6.41645
174,0,6.41645
176,0,6.41645
178,0,6.41645
180,0,6.41645
-180,2,6.40525
-178,2,6.40507
-176,2,6.40489
-174,2,6.40472
-172,2,6.40455
-170,2,6.4044
-168,2,6.40425
-166,2,6.40411
-164,2,6.40398
-162,2,6.40386
-160,2,6.40374
-158,2,6.40364
-156,2,6.40354
-154,2,6.40346
-152,2,6.40338
-150,2,6.40331
-148,2,6.40325
-146,2,6.4032
-144,2,6.40316
-142,2,6.40312
-140,2,6.4031
-138,2,6.40309
-136,2,6.40308
-134,2,6.40309
-132,2,6.4031
-130,2,6.40312
-128,2,6.40316
-126,2,6.4032
-124,2,6.40324
-122,2,6.4033
-120,2,6.40337
-118,2,6.40344
-116,2,6.40353
-114,2,6.40362
-112,2,6.40372
-110,2,6.40382
-108,2,6.40394
-106,2,6.40406
-104,2,6.40419
-102,2,6.40432
-100,2,6.40447
-98,2,6.40462
-96,2,6.40477
-94,2,6.40493
-92,2,6.4051
-90,2,6.40528
-88,2,6.40545
-86,2,6.40564
-84,2,6.40583
-82,2,6.40602
-80,2,6.40622
-78,2,6.40642
-76,2,6.40663
-74,2,6.40684
-72,2,6.40705
-70,2,6.40727
-68,2,6.40749
-66,2,6.40771
-64,2,6.40793
-62,2,6.40816
-60,2,6.40839
-58,2,6.40862
-56,2,6.40885
-54,2,6.40908
-52,2,6.40932
-50,2,6.40955
-48,2,6.40979
-46,2,6.41002
-44,2,6.41026
-42,2,6.41049
-40,2,6.41072
-38,2,6.41096
-36,2,6.41119
-34,2,6.41142
-32,2,6.41165
-30,2,6.41187
-28,2,6.4121
-26,2,6.41232
-24,2,6.41254
-22,2,6.41276
-20,2,6.41298
-18,2,6.41319
-16,2,6.4134
-14,2,6.41361
-12,2,6.41381
-10,2,6.41401
-8,2,6.4142
-6,2,6.41439
-4,2,6.41458
-2,2,6.41476
0,2,6.41493
2,2,6.41511
4,2,6.41527
6,2,6.41543
8,2,6.41559
10,2,6.41574
12,2,6.41588
14,2,6.41602
16,2,6.41616
18,2,6.41628
20,2,6.4164
22,2,6.41651
24,2,6.41662
26,2,6.41672
28,2,6.41681
30,2,6.4169
32,2,6.41698
34,2,6.41705
36,2,6.41711
38,2,6.41717
40,2,6.41721
42,2,6.41725
44,2,6.41729
46,2,6.41731
48,2,6.41733
50,2,6.41733
52,2,6.41733
54,2,6.41733
56,2,6.41731
58,2,6.41728
60,2,6.41725
62,2,6.41721
64,2,6.41715
66,2,6.41709
68,2,6.41703
70,2,6.41695
72,2,6.41686
74,2,6.41677
76,2,6.41667
78,2,6.41656
80,2,6.41644
82,2,6.41632
84,2,6.41618
86,2,6.41604
88,2,6.41589
90,2,6.41573
92,2,6.41557
94,2,6.41539
96,2,6.41521
98,2,6.41503
100,2,6.41484
102,2,6.41464
104,2,6.41443
106,2,6.41422
108,2,6.414
110,2,6.41378
112,2,6.41355
114,2,6.41332
116,2,6.41308
118,2,6.41284
120,2,6.4126
122,2,6.41235
124,2,6.4121
126,2,6.41184
128,2,6.41159
130,2,6.41133
132,2,6.41107
134,2,6.4108
136,2,6.41054
138,2,6.41028
140,2,6.41001
142,2,6.40975
144,2,6.40949
146,2,6.40922
148,2,6.40896
150,2,6.4087
152,2,6.40844
154,2,6.40819
156,2,6.40794
158,2,6.40769
160,2,6.40744
162,2,6.4072
164,2,6.40696
166,2,6.40673
168,2,6.4065
170,2,6.40628
172,2,6.40606
174,2,6.40585
176,2,6.40564
178,2,6.40544
180,2,6.40525
-180,4,6.38134
-178,4,6.38096
-176,4,6.3806
-174,4,6.38026
-172,4,6.37993
-170,4,6.37962
-168,4,6.37932
-166,4,6.37905
-164,4,6.3788
-162,4,6.37856
-160,4,6.37834
-158,4,6.37815
-156,4,6.37797
-154,4,6.37781
-152,4,6.37767
-150,4,6.37755
-148,4,6.37745
-146,4,6.37737
-144,4,6.37731
-142,4,6.37727
-140,4,6.37725
-138,4,6.37725
-136,4,6.37727
-134,4,6.37731
-132,4,6.37736
-130,4,6.37743
-128,4,6.37753
-126,4,6.37764
-124,4,6.37776
-122,4,6.37791
-120,4,6.37807
-118,4,6.37825
-116,4,6.37844
-114,4,6.37865
-112,4,6.37887
-110,4,6.37911
-108,4,6.37937
-106,4,6.37963
-104,4,6.37991
-102,4,6.38021
-100,4,6.38052
-98,4,6.38083
-96,4,6.38116
-94,4,6.3815
-92,4,6.38186
-90,4,6.38222
-88,4,6.38259
-86,4,6.38297
-84,4,6.38335
-82,4,6.38375
-80,4,6.38415
-78,4,6.38456
-76,4,6.38497
-74,4,6.38539
-72,4,6.38582
-70,4,6.38625
-68,4,6.38668
-66,4,6.38712
-64,4,6.38756
-62,4,6.388
-60,4,6.38844
-58,4,6.38889
-56,4,6.38934
-54,4,6.38978
-52,4,6.39023
-50,4,6.39068
-48,4,6.39112
-46,4,6.39157
-44,4,6.39201
-42,4,6.39245
-40,4,6.39289
-38,4,6.39333
-36,4,6.39376
-34,4,6.39419
-32,4,6.39462
-30,4,6.39504
-28,4,6.39546
-26,4,6.39587
-24,4,6.39628
-22,4,6.39668
-20,4,6.39708
-18,4,6.39747
-16,4,6.39786
-14,4,6.39824
-12,4,6.39862
-10,4,6.39898
-8,4,6.39934
-6,4,6.3997
-4,4,6.40005
-2,4,6.40038
0,4,6.40072
2,4,6.40104
4,4,6.40136
6,4,6.40166
8,4,6.40196
10,4,6.40225
12,4,6.40253
14,4,6.4028
16,4,6.40307
18,4,6.40332
20,4,6.40356
22,4,6.40379
24,4,6.40401
26,4,6.40422
28,4,6.40441
30,4,6.4046
32,4,6.40477
34,4,6.40493
36,4,6.40508
38,4,6.40521
40,4,6.40534
42,4,6.40544
44,4,6.40553
46,4,6.40561
48,4,6.40567
50,4,6.40572
52,4,6.40575
54,4,6.40577
56,4,6.40577
58,4,6.40575
60,4,6.40572
62,4,6.40567
64,4,6.4056
66,4,6.40552
68,4,6.40541
70,4,6.4053
72,4,6.40516
74,4,6.405
76,4,6.40483
78,4,6.40464
80,4,6.40443
82,4,6.4042
84,4,6.40396
86,4,6.40369
88,4,6.40341
90,4,6.40311
92,4,6.4028
94,4,6.40247
96,4,6.40212
98,4,6.40175
100,4,6.40137
102,4,6.40098
104,4,6.40057
106,4,6.40014
108,4,6.3997
110,4,6.39925
112,4,6.39879
114,4,6.39831
116,4,6.39782
118,4,6.39732
120,4,6.39681
122,4,6.3963
124,4,6.39577
126,4,6.39524
128,4,6.3947
130,4,6.39415
132,4,6.3936
134,4,6.39305
136,4,6.39249
138,4,6.39193
140,4,6.39137
142,4,6.39081
144,4,6.39025
146,4,6.38969
148,4,6.38914
150,4,6.38858
152,4,6.38804
154,4,6.3875
156,4,6.38696
158,4,6.38643
160,4,6.38591
162,4,6.3854
164,4,6.3849
166,4,6.38441
168,4,6.38393
170,4,6.38347
172,4,6.38301
174,4,6.38257
176,4,6.38215
178,4,6.38174
180,4,6.38134
-180,6,6.34476
-178,6,6.34419
-176,6,6.34364
-174,6,6.34312
-172,6,6.34264
-170,6,6.34218
-168,6,6.34175
-166,6,6.34135
-164,6,6.34099
-162,6,6.34065
-160,6,6.34035
-158,6,6.34008
-156,6,6.33984
-154,6,6.33963
-152,6,6.33945
-150,6,6.33931
-148,6,6.33919
-146,6,6.33911
-144,6,6.33906
-142,6,6.33903
-140,6,6.33904
-138,6,6.33908
-136,6,6.33914
-134,6,6.33924
-132,6,6.33936
-130,6,6.33951
-128,6,6.33969
-126,6,6.33989
-124,6,6.34012
-122,6,6.34037
-120,6,6.34065
-118,6,6.34096
-116,6,6.34128
-114,6,6.34163
-112,6,6.342
-110,6,6.34239
-108,6,6.34281
-106,6,6.34324
-104,6,6.34369
-102,6,6.34416
-100,6,6.34464
-98,6,6.34515
-96,6,6.34567
-94,6,6.3462
-92,6,6.34675
-90,6,6.34731
-88,6,6.34788
-86,6,6.34846
-84,6,6.34906
-82,6,6.34966
-80,6,6.35027
-78,6,6.35089
-76,6,6.35152
-74,6,6.35215
-72,6,6.35279
-70,6,6.35343
-68,6,6.35408
-66,6,6.35473
-64,6,6.35538
-62,6,6.35603
-60,6,6.35668
-58,6,6.35733
-56,6,6.35798
-54,6,6.35863
-52,6,6.35927
-50,6,6.35991
-48,6,6.36055
-46,6,6.36118
-44,6,6.36181
-42,6,6.36244
-40,6,6.36305
-38,6,6.36367
-36,6,6.36427
-34,6,6.36487
-32,6,6.36546
-30,6,6.36605
-28,6,6.36662
-26,6,6.36719
-24,6,6.36775
-22,6,6.36831
-20,6,6.36885
-18,6,6.36939
-16,6,6.36992
-14,6,6.37044
-12,6,6.37095
-10,6,6.37146
-8,6,6.37195
-6,6,6.37244
-4,6,6.37292
-2,6,6.37339
0,6,6.37385
2,6,6.3743
4,6,6.37474
6,6,6.37518
8,6,6.3756
10,6,6.37602
12,6,6.37642
14,6,6.37681
16,6,6.3772
18,6,6.37757
20,6,6.37793
22,6,6.37828
24,6,6.37862
26,6,6.37894
28,6,6.37925
30,6,6.37955
32,6,6.37983
34,6,6.3801
36,6,6.38035
38,6,6.38058
40,6,6.3808
42,6,6.381
44,6,6.38118
46,6,6.38134
48,6,6.38148
50,6,6.3816
52,6,6.3817
54,6,6.38178
56,6,6.38183
58,6,6.38186
60,6,6.38186
62,6,6.38184
64,6,6.3818
66,6,6.38172
68,6,6.38162
70,6,6.38149
72,6,6.38134
74,6,6.38115
76,6,6.38094
78,6,6.3807
80,6,6.38043
82,6,6.38013
84,6,6.37979
86,6,6.37943
88,6,6.37904
90,6,6.37862
92,6,6.37817
94,6,6.3777
96,6,6.37719
98,6,6.37666
100,6,6.37609
102,6,6.3755
104,6,6.37489
106,6,6.37425
108,6,6.37358
110,6,6.37289
112,6,6.37218
114,6,6.37144
116,6,6.37069
118,6,6.36991
120,6,6.36912
122,6,6.36831
124,6,6.36748
126,6,6.36664
128,6,6.36579
130,6,6.36493
132,6,6.36406
134,6,6.36318
136,6,6.3623
138,6,6.36141
140,6,6.36052
142,6,6.35963
144,6,6.35874
146,6,6.35785
148,6,6.35697
150,6,6.35609
152,6,6.35522
154,6,6.35437
156,6,6.35352
158,6,6.35268
160,6,6.35186
162,6,6.35106
164,6,6.35027
166,6,6.34951
168,6,6.34876
170,6,6.34803
172,6,6.34733
174,6,6.34665
176,6,6.346
178,6,6.34537
180,6,6.34476
-180,8,6.29558
-178,8,6.29482
-176,8,6.29409
-174,8,6.29341
-172,8,6.29278
-170,8,6.29218
-168,8,6.29164
-166,8,6.29114
-164,8,6.29068
-162,8,6.29027
-160,8,6.2899
-158,8,6.28958
-156,8,6.2893
-154,8,6.28907
-152,8,6.28888
-150,8,6.28873
-148,8,6.28863
-146,8,6.28857
-144,8,6.28855
-142,8,6.28857
-140,8,6.28863
-138,8,6.28873
-136,8,6.28887
-134,8,6.28905
-132,8,6.28926
-130,8,6.28951
-128,8,6.28979
-126,8,6.29011
-124,8,6.29046
-122,8,6.29084
-120,8,6.29126
-118,8,6.2917
-116,8,6.29218
-114,8,6.29268
-112,8,6.29321
-110,8,6.29377
-108,8,6.29435
-106,8,6.29496
-104,8,6.29559
-102,8,6.29625
-100,8,6.29693
-98,8,6.29762
-96,8,6.29834
-94,8,6.29908
-92,8,6.29983
-90,8,6.3006
-88,8,6.30138
-86,8,6.30218
-84,8,6.30299
-82,8,6.30381
-80,8,6.30464
-78,8,6.30547
-76,8,6.30632
-74,8,6.30717
-72,8,6.30802
-70,8,6.30888
-68,8,6.30974
-66,8,6.3106
-64,8,6.31146
-62,8,6.31232
-60,8,6.31317
-58,8,6.31402
-56,8,6.31487
-54,8,6.31571
-52,8,6.31654
-50,8,6.31736
-48,8,6.31817
-46,8,6.31898
-44,8,6.31977
-42,8,6.32056
-40,8,6.32133
-38,8,6.32209
-36,8,6.32284
-34,8,6.32358
-32,8,6.32431
-30,8,6.32502
-28,8,6.32572
-26,8,6.32641
-24,8,6.32709
-22,8,6.32776
-20,8,6.32841
-18,8,6.32906
-16,8,6.32969
-14,8,6.33031
-12,8,6.33093
-10,8,6.33153
-8,8,6.33212
-6,8,6.33271
-4,8,6.33328
-2,8,6.33385
0,8,6.33441
2,8,6.33496
4,8,6.33551
6,8,6.33604
8,8,6.33657
10,8,6.33709
12,8,6.3376
14,8,6.3381
16,8,6.3386
18,8,6.33908
20,8,6.33956
22,8,6.34003
24,8,6.34048
26,8,6.34093
28,8,6.34136
30,8,6.34178
32,8,6.34219
34,8,6.34258
36,8,6.34295
38,8,6.34331
40,8,6.34365
42,8,6.34396
44,8,6.34426
46,8,6.34454
48,8,6.34479
50,8,6.34501
52,8,6.34521
54,8,6.34538
56,8,6.34552
58,8,6.34563
60,8,6.34571
62,8,6.34576
64,8,6.34577
66,8,6.34574
68,8,6.34568
70,8,6.34558
72,8,6.34544
74,8,6.34526
76,8,6.34504
78,8,6.34478
80,8,6.34447
82,8,6.34413
84,8,6.34374
86,8,6.3433
88,8,6.34282
90,8,6.3423
92,8,6.34173
94,8,6.34112
96,8,6.34047
98,8,6.33977
100,8,6.33904
102,8,6.33826
104,8,6.33743
106,8,6.33657
108,8,6.33567
110,8,6.33474
112,8,6.33376
114,8,6.33276
116,8,6.33172
118,8,6.33065
120,8,6.32955
122,8,6.32842
124,8,6.32728
126,8,6.3261
128,8,6.32491
130,8,6.3237
132,8,6.32248
134,8,6.32124
136,8,6.32
138,8,6.31875
140,8,6.31749
142,8,6.31623
144,8,6.31498
146,8,6.31373
148,8,6.31248
150,8,6.31125
152,8,6.31003
154,8,6.30882
156,8,6.30764
158,8,6.30647
160,8,6.30532
162,8,6.3042
164,8,6.30311
166,8,6.30205
168,8,6.30102
170,8,6.30002
172,8,6.29905
174,8,6.29813
176,8,6.29724
178,8,6.29639
180,8,6.29558
-180,10,6.23389
-178,10,6.23295
-176,10,6.23206
-174,10,6.23123
-172,10,6.23047
-170,10,6.22976
-168,10,6.22912
-166,10,6.22854
-164,10,6.22802
-162,10,6.22756
-160,10,6.22716
-158,10,6.22682
-156,10,6.22654
-154,10,6.22631
-152,10,6.22614
-150,10,6.22603
-148,10,6.22597
-146,10,6.22596
-144,10,6.226
-142,10,6.22609
-140,10,6.22623
-138,10,6.22642
-136,10,6.22666
-134,10,6.22694
-132,10,6.22726
-130,10,6.22762
-128,10,6.22803
-126,10,6.22848
-124,10,6.22896
-122,10,6.22948
-120,10,6.23004
-118,10,6.23064
-116,10,6.23127
-114,10,6.23193
-112,10,6.23263
-110,10,6.23336
-108,10,6.23412
-106,10,6.23491
-104,10,6.23573
-102,10,6.23657
-100,10,6.23745
-98,10,6.23834
-96,10,6.23926
-94,10,6.24021
-92,10,6.24117
-90,10,6.24215
-88,10,6.24315
-86,10,6.24417
-84,10,6.2452
-82,10,6.24625
-80,10,6.2473
-78,10,6.24836
-76,10,6.24944
-74,10,6.25051
-72,10,6.25159
-70,10,6.25267
-68,10,6.25375
-66,10,6.25483
-64,10,6.2559
-62,10,6.25697
-60,10,6.25803
-58,10,6.25908
-56,10,6.26011
-54,10,6.26114
-52,10,6.26215
-50,10,6.26315
-48,10,6.26413
-46,10,6.26509
-44,10,6.26604
-42,10,6.26696
-40,10,6.26787
-38,10,6.26876
-36,10,6.26963
-34,10,6.27048
-32,10,6.27131
-30,10,6.27212
-28,10,6.27291
-26,10,6.27369
-24,10,6.27444
-22,10,6.27518
-20,10,6.27591
-18,10,6.27662
-16,10,6.27731
-14,10,6.278
-12,10,6.27867
-10,10,6.27933
-8,10,6.27998
-6,10,6.28062
-4,10,6.28126
-2,10,6.28189
0,10,6.28251
2,10,6.28313
4,10,6.28374
6,10,6.28435
8,10,6.28496
10,10,6.28556
12,10,6.28616
14,10,6.28676
16,10,6.28735
18,10,6.28794
20,10,6.28853
22,10,6.28911
24,10,6.28968
26,10,6.29025
28,10,6.29081
30,10,6.29136
32,10,6.29191
34,10,6.29244
36,10,6.29295
38,10,6.29345
40,10,6.29393
42,10,6.2944
44,10,6.29484
46,10,6.29526
48,10,6.29565
50,10,6.29601
52,10,6.29635
54,10,6.29665
56,10,6.29691
58,10,6.29714
60,10,6.29733
62,10,6.29748
64,10,6.29759
66,10,6.29764
68,10,6.29766
70,10,6.29762
72,10,6.29753
74,10,6.29739
76,10,6.29719
78,10,6.29694
80,10,6.29663
82,10,6.29627
84,10,6.29584
86,10,6.29536
88,10,6.29481
90,10,6.29421
92,10,6.29354
94,10,6.29281
96,10,6.29202
98,10,6.29118
100,10,6.29027
102,10,6.2893
104,10,6.28828
106,10,6.28719
108,10,6.28606
110,10,6.28487
112,10,6.28362
114,10,6.28233
116,10,6.28099
118,10,6.27961
120,10,6.27819
122,10,6.27672
124,10,6.27522
126,10,6.27369
128,10,6.27213
130,10,6.27054
132,10,6.26893
134,10,6.2673
136,10,6.26566
138,10,6.26401
140,10,6.26235
142,10,6.26069
144,10,6.25903
146,10,6.25738
148,10,6.25574
150,10,6.25412
152,10,6.25251
154,10,6.25093
156,10,6.24937
158,10,6.24784
160,10,6.24635
162,10,6.24489
164,10,6.24347
166,10,6.2421
168,10,6.24077
170,10,6.23949
172,10,6.23826
174,10,6.23708
176,10,6.23596
178,10,6.2349
180,10,6.23389
-180,12,6.15982
-178,12,6.15871
-176,12,6.15768
-174,12,6.15673
-172,12,6.15586
-170,12,6.15507
-168,12,6.15437
-166,12,6.15374
-164,12,6.15319
-162,12,6.15272
-160,12,6.15233
-158,12,6.15201
-156,12,6.15175
-154,12,6.15157
-152,12,6.15146
-150,12,6.15141
-148,12,6.15143
-146,12,6.15151
-144,12,6.15164
-142,12,6.15184
-140,12,6.15209
-138,12,6.15239
-136,12,6.15274
-134,12,6.15314
-132,12,6.15359
-130,12,6.15408
-128,12,6.15462
-126,12,6.15521
-124,12,6.15583
-122,12,6.1565
-120,12,6.15721
-118,12,6.15796
-116,12,6.15874
-114,12,6.15956
-112,12,6.16042
-110,12,6.16132
-108,12,6.16225
-106,12,6.16322
-104,12,6.16422
-102,12,6.16525
-100,12,6.16631
-98,12,6.16741
-96,12,6.16853
-94,12,6.16968
-92,12,6.17085
-90,12,6.17205
-88,12,6.17327
-86,12,6.17452
-84,12,6.17578
-82,12,6.17705
-80,12,6.17834
-78,12,6.17964
-76,12,6.18095
-74,12,6.18226
-72,12,6.18358
-70,12,6.18489
-68,12,6.1862
-66,12,6.18751
-64,12,6.18881
-62,12,6.19009
-60,12,6.19136
-58,12,6.19262
-56,12,6.19385
-54,12,6.19507
-52,12,6.19626
-50,12,6.19743
-48,12,6.19857
-46,12,6.19968
-44,12,6.20077
-42,12,6.20182
-40,12,6.20285
-38,12,6.20384
-36,12,6.2048
-34,12,6.20574
-32,12,6.20664
-30,12,6.20752
-28,12,6.20837
-26,12,6.20919
-24,12,6.20998
-22,12,6.21076
-20,12,6.21151
-18,12,6.21224
-16,12,6.21295
-14,12,6.21365
-12,12,6.21434
-10,12,6.21501
-8,12,6.21568
-6,12,6.21633
-4,12,6.21699
-2,12,6.21764
0,12,6.21828
2,12,6.21893
4,12,6.21958
6,12,6.22023
8,12,6.22089
10,12,6.22155
12,12,6.22222
14,12,6.22289
16,12,6.22357
18,12,6.22425
20,12,6.22494
22,12,6.22563
24,12,6.22633
26,12,6.22702
28,12,6.22772
30,12,6.22841
32,12,6.2291
34,12,6.22979
36,12,6.23046
38,12,6.23113
40,12,6.23178
42,12,6.23241
44,12,6.23302
46,12,6.23361
48,12,6.23418
50,12,6.23471
52,12,6.23521
54,12,6.23568
56,12,6.2361
58,12,6.23648
60,12,6.23682
62,12,6.2371
64,12,6.23734
66,12,6.23752
68,12,6.23764
70,12,6.23769
72,12,6.23769
74,12,6.23762
76,12,6.23748
78,12,6.23727
80,12,6.23698
82,12,6.23662
84,12,6.23619
86,12,6.23568
88,12,6.23509
90,12,6.23442
92,12,6.23367
94,12,6.23284
96,12,6.23193
98,12,6.23094
100,12,6.22987
102,12,6.22872
104,12,6.2275
106,12,6.2262
108,12,6.22482
110,12,6.22337
112,12,6.22185
114,12,6.22026
116,12,6.21861
118,12,6.2169
120,12,6.21512
122,12,6.2133
124,12,6.21142
126,12,6.2095
128,12,6.20754
130,12,6.20554
132,12,6.20351
134,12,6.20146
136,12,6.19938
138,12,6.1973
140,12,6.1952
142,12,6.1931
144,12,6.191
146,12,6.18891
148,12,6.18684
150,12,6.18479
152,12,6.18276
154,12,6.18077
156,12,6.17881
158,12,6.17689
160,12,6.17503
162,12,6.17321
164,12,6.17145
166,12,6.16975
168,12,6.16811
170,12,6.16655
172,12,6.16505
174,12,6.16363
176,12,6.16228
178,12,6.16101
180,12,6.15982
-180,14,6.0735
-178,14,6.07225
-176,14,6.0711
-174,14,6.07006
-172,14,6.06913
-170,14,6.0683
-168,14,6.06757
-166,14,6.06694
-164,14,6.06641
-162,14,6.06597
-160,14,6.06562
-158,14,6.06537
-156,14,6.0652
-154,14,6.0651
-152,14,6.06509
-150,14,6.06515
-148,14,6.06529
-146,14,6.06549
-144,14,6.06575
-142,14,6.06608
-140,14,6.06646
-138,14,6.06689
-136,14,6.06738
-134,14,6.06792
-132,14,6.06851
-130,14,6.06915
-128,14,6.06983
-126,14,6.07055
-124,14,6.07131
-122,14,6.07212
-120,14,6.07297
-118,14,6.07386
-116,14,6.07479
-114,14,6.07576
-112,14,6.07677
-110,14,6.07781
-108,14,6.0789
-106,14,6.08003
-104,14,6.0812
-102,14,6.0824
-100,14,6.08364
-98,14,6.08492
-96,14,6.08624
-94,14,6.08759
-92,14,6.08897
-90,14,6.09039
-88,14,6.09183
-86,14,6.0933
-84,14,6.0948
-82,14,6.09631
-80,14,6.09784
-78,14,6.09939
-76,14,6.10095
-74,14,6.10251
-72,14,6.10408
-70,14,6.10565
-68,14,6.10721
-66,14,6.10876
-64,14,6.1103
-62,14,6.11182
-60,14,6.11332
-58,14,6.11479
-56,14,6.11623
-54,14,6.11765
-52,14,6.11903
-50,14,6.12037
-48,14,6.12167
-46,14,6.12293
-44,14,6.12415
-42,14,6.12532
-40,14,6.12645
-38,14,6.12753
-36,14,6.12857
-34,14,6.12956
-32,14,6.13051
-30,14,6.13142
-28,14,6.13229
-26,14,6.13312
-24,14,6.13391
-22,14,6.13468
-20,14,6.13541
-18,14,6.13612
-16,14,6.1368
-14,14,6.13747
-12,14,6.13812
-10,14,6.13876
-8,14,6.13939
-6,14,6.14001
-4,14,6.14064
-2,14,6.14126
0,14,6.1419
2,14,6.14254
4,14,6.14319
6,14,6.14385
8,14,6.14453
10,14,6.14522
12,14,6.14593
14,14,6.14666
16,14,6.1474
18,14,6.14817
20,14,6.14895
22,14,6.14975
24,14,6.15056
26,14,6.15139
28,14,6.15223
30,14,6.15308
32,14,6.15393
34,14,6.15478
36,14,6.15564
38,14,6.15649
40,14,6.15733
42,14,6.15816
44,14,6.15897
46,14,6.15976
48,14,6.16052
50,14,6.16125
52,14,6.16195
54,14,6.16261
56,14,6.16322
58,14,6.16379
60,14,6.1643
62,14,6.16476
64,14,6.16515
66,14,6.16548
68,14,6.16574
70,14,6.16592
72,14,6.16603
74,14,6.16606
76,14,6.166
78,14,6.16586
80,14,6.16562
82,14,6.1653
84,14,6.16488
86,14,6.16437
88,14,6.16375
90,14,6.16304
92,14,6.16223
94,14,6.16131
96,14,6.1603
98,14,6.15918
100,14,6.15796
102,14,6.15664
104,14,6.15522
106,14,6.1537
108,14,6.15208
110,14,6.15037
112,14,6.14857
114,14,6.14667
116,14,6.1447
118,14,6.14264
120,14,6.1405
122,14,6.13829
124,14,6.13602
126,14,6.13368
128,14,6.13129
130,14,6.12885
132,14,6.12637
134,14,6.12385
136,14,6.12131
138,14,6.11875
140,14,6.11617
142,14,6.11359
144,14,6.11101
146,14,6.10845
148,14,6.1059
150,14,6.10339
152,14,6.10091
154,14,6.09847
156,14,6.09608
158,14,6.09375
160,14,6.09148
162,14,6.08928
164,14,6.08716
166,14,6.08513
168,14,6.08318
170,14,6.08132
172,14,6.07955
174,14,6.07789
176,14,6.07632
178,14,6.07486
180,14,6.0735
-180,16,5.97512
-178,16,5.97375
-176,16,5.97253
-174,16,5.97143
-172,16,5.97047
-170,16,5.96964
-168,16,5.96894
-166,16,5.96836
-164,16,5.96789
-162,16,5.96754
-160,16,5.9673
-158,16,5.96716
-156,16,5.96712
-154,16,5.96718
-152,16,5.96731
-150,16,5.96753
-148,16,5.96783
-146,16,5.96819
-144,16,5.96862
-142,16,5.96911
-140,16,5.96965
-138,16,5.97025
-136,16,5.97089
-134,16,5.97158
-132,16,5.97232
-130,16,5.9731
-128,16,5.97391
-126,16,5.97477
-124,16,5.97566
-122,16,5.9766
-120,16,5.97757
-118,16,5.97858
-116,16,5.97963
-114,16,5.98072
-112,16,5.98185
-110,16,5.98303
-108,16,5.98425
-106,16,5.98551
-104,16,5.98682
-102,16,5.98818
-100,16,5.98958
-98,16,5.99103
-96,16,5.99252
-94,16,5.99406
-92,16,5.99564
-90,16,5.99726
-88,16,5.99893
-86,16,6.00063
-84,16,6.00236
-82,16,6.00412
-80,16,6.00591
-78,16,6.00771
-76,16,6.00954
-74,16,6.01137
-72,16,6.01321
-70,16,6.01505
-68,16,6.01689
-66,16,6.01871
-64,16,6.02051
-62,16,6.02229
-60,16,6.02404
-58,16,6.02575
-56,16,6.02742
-54,16,6.02905
-52,16,6.03063
-50,16,6.03216
-48,16,6.03363
-46,16,6.03504
-44,16,6.03638
-42,16,6.03767
-40,16,6.03889
-38,16,6.04005
-36,16,6.04114
-34,16,6.04217
-32,16,6.04314
-30,16,6.04405
-28,16,6.0449
-26,16,6.0457
-24,16,6.04646
-22,16,6.04716
-20,16,6.04783
-18,16,6.04847
-16,16,6.04907
-14,16,6.04966
-12,16,6.05022
-10,16,6.05077
-8,16,6.05132
-6,16,6.05186
-4,16,6.05241
-2,16,6.05297
0,16,6.05354
2,16,6.05413
4,16,6.05474
6,16,6.05538
8,16,6.05605
10,16,6.05674
12,16,6.05748
14,16,6.05824
16,16,6.05904
18,16,6.05988
20,16,6.06075
22,16,6.06165
24,16,6.06258
26,16,6.06354
28,16,6.06453
30,16,6.06554
32,16,6.06657
34,16,6.06761
36,16,6.06866
38,16,6.06971
40,16,6.07077
42,16,6.07181
44,16,6.07285
46,16,6.07386
48,16,6.07485
50,16,6.07581
52,16,6.07674
54,16,6.07762
56,16,6.07845
58,16,6.07923
60,16,6.07995
62,16,6.0806
64,16,6.08118
66,16,6.08168
68,16,6.08211
70,16,6.08244
72,16,6.08269
74,16,6.08284
76,16,6.08289
78,16,6.08284
80,16,6.08268
82,16,6.08241
84,16,6.08203
86,16,6.08154
88,16,6.08092
90,16,6.08018
92,16,6.07933
94,16,6.07835
96,16,6.07724
98,16,6.07601
100,16,6.07465
102,16,6.07317
104,16,6.07156
106,16,6.06983
108,16,6.06798
110,16,6.06601
112,16,6.06392
114,16,6.06172
116,16,6.05941
118,16,6.05699
120,16,6.05448
122,16,6.05187
124,16,6.04918
126,16,6.0464
128,16,6.04355
130,16,6.04064
132,16,6.03767
134,16,6.03466
136,16,6.03161
138,16,6.02853
140,16,6.02544
142,16,6.02233
144,16,6.01924
146,16,6.01615
148,16,6.0131
150,16,6.01008
152,16,6.0071
154,16,6.00418
156,16,6.00133
158,16,5.99855
160,16,5.99586
162,16,5.99326
164,16,5.99077
166,16,5.98838
168,16,5.9861
170,16,5.98395
172,16,5.98192
174,16,5.98002
176,16,5.97825
178,16,5.97662
180,16,5.97512
-180,18,5.86486
-178,18,5.86342
-176,18,5.86215
-174,18,5.86105
-172,18,5.86011
-170,18,5.85933
-168,18,5.85871
-166,18,5.85824
-164,18,5.85791
-162,18,5.85771
-160,18,5.85763
-158,18,5.85768
-156,18,5.85783
-154,18,5.85808
-152,18,5.85843
-150,18,5.85886
-148,18,5.85936
-146,18,5.85993
-144,18,5.86057
-142,18,5.86125
-140,18,5.86199
-138,18,5.86277
-136,18,5.86359
-134,18,5.86444
-132,18,5.86532
-130,18,5.86624
-128,18,5.86719
-126,18,5.86816
-124,18,5.86917
-122,18,5.8702
-120,18,5.87127
-118,18,5.87237
-116,18,5.87351
-114,18,5.87469
-112,18,5.87591
-110,18,5.87717
-108,18,5.87849
-106,18,5.87985
-104,18,5.88127
-102,18,5.88274
-100,18,5.88427
-98,18,5.88585
-96,18,5.8875
-94,18,5.88921
-92,18,5.89097
-90,18,5.89279
-88,18,5.89467
-86,18,5.89659
-84,18,5.89857
-82,18,5.90058
-80,18,5.90264
-78,18,5.90472
-76,18,5.90683
-74,18,5.90896
-72,18,5.9111
-70,18,5.91324
-68,18,5.91538
-66,18,5.9175
-64,18,5.9196
-62,18,5.92166
-60,18,5.92369
-58,18,5.92568
-56,18,5.9276
-54,18,5.92947
-52,18,5.93127
-50,18,5.933
-48,18,5.93465
-46,18,5.93622
-44,18,5.9377
-42,18,5.9391
-40,18,5.94041
-38,18,5.94163
-36,18,5.94276
-34,18,5.9438
-32,18,5.94476
-30,18,5.94564
-28,18,5.94645
-26,18,5.94718
-24,18,5.94785
-22,18,5.94846
-20,18,5.94902
-18,18,5.94953
-16,18,5.95
-14,18,5.95045
-12,18,5.95087
-10,18,5.95128
-8,18,5.95169
-6,18,5.9521
-4,18,5.95252
-2,18,5.95296
0,18,5.95343
2,18,5.95393
4,18,5.95446
6,18,5.95504
8,18,5.95567
10,18,5.95634
12,18,5.95707
14,18,5.95785
16,18,5.95869
18,18,5.95959
20,18,5.96054
22,18,5.96154
24,18,5.96259
26,18,5.96369
28,18,5.96484
30,18,5.96602
32,18,5.96724
34,18,5.96848
36,18,5.96975
38,18,5.97103
40,18,5.97232
42,18,5.97361
44,18,5.97489
46,18,5.97615
48,18,5.9774
50,18,5.97861
52,18,5.97978
54,18,5.98091
56,18,5.98198
58,18,5.98299
60,18,5.98394
62,18,5.98481
64,18,5.9856
66,18,5.9863
68,18,5.98691
70,18,5.98742
72,18,5.98782
74,18,5.98812
76,18,5.9883
78,18,5.98836
80,18,5.9883
82,18,5.9881
84,18,5.98778
86,18,5.98732
88,18,5.98673
90,18,5.98599
92,18,5.98511
94,18,5.98408
96,18,5.9829
98,18,5.98157
100,18,5.9801
102,18,5.97847
104,18,5.97669
106,18,5.97476
108,18,5.97268
110,18,5.97046
112,18,5.96809
114,18,5.96558
116,18,5.96293
118,18,5.96015
120,18,5.95725
122,18,5.95423
124,18,5.95109
126,18,5.94786
128,18,5.94453
130,18,5.94112
132,18,5.93763
134,18,5.93409
136,18,5.93049
138,18,5.92686
140,18,5.9232
142,18,5.91954
144,18,5.91587
146,18,5.91223
148,18,5.90861
150,18,5.90505
152,18,5.90154
154,18,5.8981
156,18,5.89475
158,18,5.89149
160,18,5.88835
162,18,5.88532
164,18,5.88243
166,18,5.87968
168,18,5.87707
170,18,5.87462
172,18,5.87233
174,18,5.87021
176,18,5.86825
178,18,5.86647
180,18,5.86486
-180,20,5.74293
-178,20,5.74146
-176,20,5.74019
-174,20,5.73914
-172,20,5.73828
-170,20,5.73762
-168,20,5.73715
-166,20,5.73685
-164,20,5.73672
-162,20,5.73675
-160,20,5.73691
-158,20,5.73721
-156,20,5.73763
-154,20,5.73815
-152,20,5.73876
-150,20,5.73946
-148,20,5.74023
-146,20,5.74106
-144,20,5.74194
-142,20,5.74286
-140,20,5.74382
-138,20,5.7448
-136,20,5.74581
-134,20,5.74683
-132,20,5.74786
-130,20,5.74891
-128,20,5.74997
-126,20,5.75105
-124,20,5.75213
-122,20,5.75324
-120,20,5.75436
-118,20,5.75551
-116,20,5.75669
-114,20,5.75791
-112,20,5.75916
-110,20,5.76046
-108,20,5.76182
-106,20,5.76323
-104,20,5.7647
-102,20,5.76625
-100,20,5.76786
-98,20,5.76955
-96,20,5.77132
-94,20,5.77316
-92,20,5.77509
-90,20,5.77709
-88,20,5.77917
-86,20,5.78132
-84,20,5.78353
-82,20,5.78581
-80,20,5.78815
-78,20,5.79053
-76,20,5.79295
-74,20,5.7954
-72,20,5.79787
-70,20,5.80035
-68,20,5.80282
-66,20,5.80528
-64,20,5.80772
-62,20,5.81011
-60,20,5.81246
-58,20,5.81475
-56,20,5.81697
-54,20,5.81911
-52,20,5.82116
-50,20,5.82311
-48,20,5.82496
-46,20,5.8267
-44,20,5.82833
-42,20,5.82985
-40,20,5.83124
-38,20,5.83252
-36,20,5.83368
-34,20,5.83472
-32,20,5.83565
-30,20,5.83647
-28,20,5.83719
-26,20,5.83782
-24,20,5.83836
-22,20,5.83883
-20,20,5.83922
-18,20,5.83956
-16,20,5.83985
-14,20,5.8401
-12,20,5.84033
-10,20,5.84055
-8,20,5.84076
-6,20,5.84098
-4,20,5.84123
-2,20,5.8415
0,20,5.84181
2,20,5.84217
4,20,5.84259
6,20,5.84307
8,20,5.84362
10,20,5.84425
12,20,5.84495
14,20,5.84573
16,20,5.8466
18,20,5.84754
20,20,5.84857
22,20,5.84967
24,20,5.85085
26,20,5.8521
28,20,5.85341
30,20,5.85478
32,20,5.8562
34,20,5.85767
36,20,5.85917
38,20,5.8607
40,20,5.86224
42,20,5.86379
44,20,5.86534
46,20,5.86688
48,20,5.86839
50,20,5.86987
52,20,5.87132
54,20,5.87271
56,20,5.87404
58,20,5.87531
60,20,5.87649
62,20,5.8776
64,20,5.87861
66,20,5.87953
68,20,5.88034
70,20,5.88103
72,20,5.88161
74,20,5.88206
76,20,5.88239
78,20,5.88258
80,20,5.88263
82,20,5.88253
84,20,5.88228
86,20,5.88188
88,20,5.88132
90,20,5.8806
92,20,5.87972
94,20,5.87866
96,20,5.87744
98,20,5.87604
100,20,5.87446
102,20,5.87271
104,20,5.87077
106,20,5.86866
108,20,5.86637
110,20,5.86391
112,20,5.86126
114,20,5.85845
116,20,5.85547
118,20,5.85233
120,20,5.84903
122,20,5.84559
124,20,5.84201
126,20,5.83829
128,20,5.83446
130,20,5.83052
132,20,5.82649
134,20,5.82237
136,20,5.81819
138,20,5.81397
140,20,5.80971
142,20,5.80543
144,20,5.80116
146,20,5.7969
148,20,5.79269
150,20,5.78852
152,20,5.78444
154,20,5.78044
156,20,5.77655
158,20,5.77278
160,20,5.76915
162,20,5.76567
164,20,5.76236
166,20,5.75923
168,20,5.75628
170,20,5.75353
172,20,5.75099
174,20,5.74865
176,20,5.74653
178,20,5.74462
180,20,5.74293
-180,22,5.60958
-178,22,5.60811
-176,22,5.60691
-174,22,5.60596
-172,22,5.60525
-170,22,5.60478
-168,22,5.60453
-166,22,5.60448
-164,22,5.60463
-162,22,5.60496
-160,22,5.60545
-158,22,5.60608
-156,22,5.60684
-154,22,5.60771
-152,22,5.60867
-150,22,5.6097
-148,22,5.6108
-146,22,5.61194
-144,22,5.61311
-142,22,5.61431
-140,22,5.61551
-138,22,5.61672
-136,22,5.61792
-134,22,5.61912
-132,22,5.6203
-130,22,5.62146
-128,22,5.62261
-126,22,5.62375
-124,22,5.62488
-122,22,5.62601
-120,22,5.62714
-118,22,5.62828
-116,22,5.62944
-114,22,5.63063
-112,22,5.63186
-110,22,5.63313
-108,22,5.63446
-106,22,5.63586
-104,22,5.63733
-102,22,5.63889
-100,22,5.64054
-98,22,5.64228
-96,22,5.64412
-94,22,5.64607
-92,22,5.64813
-90,22,5.65029
-88,22,5.65256
-86,22,5.65492
-84,22,5.65738
-82,22,5.65993
-80,22,5.66256
-78,22,5.66526
-76,22,5.66802
-74,22,5.67083
-72,22,5.67367
-70,22,5.67652
-68,22,5.67938
-66,22,5.68222
-64,22,5.68504
-62,22,5.68781
-60,22,5.69053
-58,22,5.69317
-56,22,5.69572
-54,22,5.69817
-52,22,5.70051
-50,22,5.70272
-48,22,5.7048
-46,22,5.70674
-44,22,5.70853
-42,22,5.71017
-40,22,5.71166
-38,22,5.71299
-36,22,5.71417
-34,22,5.71519
-32,22,5.71607
-30,22,5.71681
-28,22,5.71742
-26,22,5.7179
-24,22,5.71827
-22,22,5.71854
-20,22,5.71872
-18,22,5.71883
-16,22,5.71888
-14,22,5.71889
-12,22,5.71886
-10,22,5.71883
-8,22,5.71879
-6,22,5.71877
-4,22,5.71878
-2,22,5.71884
0,22,5.71895
2,22,5.71913
4,22,5.71939
6,22,5.71974
8,22,5.72018
10,22,5.72073
12,22,5.72138
14,22,5.72215
16,22,5.72303
18,22,5.72402
20,22,5.72511
22,22,5.72632
24,22,5.72763
26,22,5.72903
28,22,5.73053
30,22,5.7321
32,22,5.73374
34,22,5.73545
36,22,5.7372
38,22,5.739
40,22,5.74081
42,22,5.74265
44,22,5.74448
46,22,5.74631
48,22,5.74812
50,22,5.74989
52,22,5.75161
54,22,5.75328
56,22,5.75489
58,22,5.75641
60,22,5.75786
62,22,5.7592
64,22,5.76045
66,22,5.76158
68,22,5.7626
70,22,5.76349
72,22,5.76425
74,22,5.76487
76,22,5.76534
78,22,5.76567
80,22,5.76584
82,22,5.76586
84,22,5.7657
86,22,5.76538
88,22,5.76488
90,22,5.7642
92,22,5.76333
94,22,5.76228
96,22,5.76102
98,22,5.75958
100,22,5.75793
102,22,5.75607
104,22,5.75401
106,22,5.75174
108,22,5.74926
110,22,5.74657
112,22,5.74367
114,22,5.74057
116,22,5.73727
118,22,5.73377
120,22,5.73008
122,22,5.72621
124,22,5.72217
126,22,5.71796
128,22,5.71361
130,22,5.70911
132,22,5.7045
134,22,5.69979
136,22,5.69499
138,22,5.69013
140,22,5.68522
142,22,5.68029
144,22,5.67536
146,22,5.67044
148,22,5.66557
150,22,5.66076
152,22,5.65605
154,22,5.65144
156,22,5.64697
158,22,5.64264
160,22,5.63849
162,22,5.63454
164,22,5.63078
166,22,5.62725
168,22,5.62396
170,22,5.62091
172,22,5.61811
174,22,5.61558
176,22,5.61331
178,22,5.61131
180,22,5.60958
-180,24,5.46505
-178,24,5.46365
-176,24,5.46256
-174,24,5.46177
-172,24,5.46129
-170,24,5.46108
-168,24,5.46113
-166,24,5.46143
-164,24,5.46195
-162,24,5.46267
-160,24,5.46357
-158,24,5.46463
-156,24,5.46581
-154,24,5.46711
-152,24,5.46849
-150,24,5.46994
-148,24,5.47142
-146,24,5.47294
-144,24,5.47445
-142,24,5.47596
-140,24,5.47745
-138,24,5.4789
-136,24,5.48031
-134,24,5.48168
-132,24,5.48299
-130,24,5.48425
-128,24,5.48546
-126,24,5.48662
-124,24,5.48775
-122,24,5.48884
-120,24,5.48992
-118,24,5.49098
-116,24,5.49205
-114,24,5.49313
-112,24,5.49425
-110,24,5.49542
-108,24,5.49665
-106,24,5.49795
-104,24,5.49935
-102,24,5.50085
-100,24,5.50246
-98,24,5.5042
-96,24,5.50607
-94,24,5.50808
-92,24,5.51023
-90,24,5.51252
-88,24,5.51496
-86,24,5.51753
-84,24,5.52024
-82,24,5.52307
-80,24,5.52601
-78,24,5.52905
-76,24,5.53218
-74,24,5.53538
-72,24,5.53863
-70,24,5.54191
-68,24,5.54521
-66,24,5.54849
-64,24,5.55175
-62,24,5.55496
-60,24,5.55809
-58,24,5.56114
-56,24,5.56408
-54,24,5.56689
-52,24,5.56957
-50,24,5.57208
-48,24,5.57442
-46,24,5.57659
-44,24,5.57857
-42,24,5.58035
-40,24,5.58194
-38,24,5.58333
-36,24,5.58452
-34,24,5.58551
-32,24,5.58632
-30,24,5.58695
-28,24,5.58741
-26,24,5.58771
-24,24,5.58787
-22,24,5.5879
-20,24,5.58782
-18,24,5.58765
-16,24,5.5874
-14,24,5.5871
-12,24,5.58677
-10,24,5.58642
-8,24,5.58607
-6,24,5.58575
-4,24,5.58548
-2,24,5.58526
0,24,5.58512
2,24,5.58508
4,24,5.58514
6,24,5.58532
8,24,5.58563
10,24,5.58608
12,24,5.58666
14,24,5.5874
16,24,5.58828
18,24,5.58931
20,24,5.59048
22,24,5.59179
24,24,5.59324
26,24,5.59481
28,24,5.59649
30,24,5.59829
32,24,5.60017
34,24,5.60213
36,24,5.60416
38,24,5.60624
40,24,5.60836
42,24,5.61049
44,24,5.61263
46,24,5.61476
48,24,5.61687
50,24,5.61894
52,24,5.62096
54,24,5.62291
56,24,5.62479
58,24,5.62659
60,24,5.62828
62,24,5.62987
64,24,5.63135
66,24,5.6327
68,24,5.63392
70,24,5.635
72,24,5.63594
74,24,5.63673
76,24,5.63737
78,24,5.63784
80,24,5.63814
82,24,5.63827
84,24,5.63823
86,24,5.63799
88,24,5.63757
90,24,5.63695
92,24,5.63613
94,24,5.6351
96,24,5.63385
98,24,5.63238
100,24,5.63069
102,24,5.62877
104,24,5.62661
106,24,5.62421
108,24,5.62157
110,24,5.61869
112,24,5.61556
114,24,5.61219
116,24,5.60858
118,24,5.60474
120,24,5.60067
122,24,5.59637
124,24,5.59186
126,24,5.58716
128,24,5.58226
130,24,5.5772
132,24,5.57199
134,24,5.56665
136,24,5.56119
138,24,5.55565
140,24,5.55005
142,24,5.54441
144,24,5.53876
146,24,5.53314
148,24,5.52756
150,24,5.52205
152,24,5.51665
154,24,5.51139
156,24,5.50628
158,24,5.50136
160,24,5.49665
162,24,5.49217
164,24,5.48795
166,24,5.484
168,24,5.48035
170,24,5.47699
172,24,5.47395
174,24,5.47123
176,24,5.46884
178,24,5.46678
180,24,5.46505
-180,26,5.30962
-178,26,5.30832
-176,26,5.30741
-174,26,5.30687
-172,26,5.30668
-170,26,5.30682
-168,26,5.30727
-166,26,5.308
-164,26,5.30899
-162,26,5.31021
-160,26,5.31162
-158,26,5.31319
-156,26,5.31491
-154,26,5.31672
-152,26,5.31861
-150,26,5.32055
-148,26,5.3225
-146,26,5.32444
-144,26,5.32636
-142,26,5.32822
-140,26,5.33002
-138,26,5.33174
-136,26,5.33336
-134,26,5.33489
-132,26,5.33632
-130,26,5.33765
-128,26,5.33888
-126,26,5.34002
-124,26,5.34108
-122,26,5.34207
-120,26,5.34301
-118,26,5.34391
-116,26,5.3448
-114,26,5.34569
-112,26,5.34661
-110,26,5.34757
-108,26,5.34861
-106,26,5.34973
-104,26,5.35096
-102,26,5.35232
-100,26,5.35382
-98,26,5.35548
-96,26,5.35732
-94,26,5.35934
-92,26,5.36154
-90,26,5.36393
-88,26,5.36651
-86,26,5.36928
-84,26,5.37223
-82,26,5.37535
-80,26,5.37862
-78,26,5.38204
-76,26,5.38557
-74,26,5.38921
-72,26,5.39292
-70,26,5.39668
-68,26,5.40047
-66,26,5.40427
-64,26,5.40803
-62,26,5.41174
-60,26,5.41537
-58,26,5.41889
-56,26,5.42228
-54,26,5.42551
-52,26,5.42857
-50,26,5.43144
-48,26,5.43409
-46,26,5.43652
-44,26,5.43871
-42,26,5.44066
-40,26,5.44236
-38,26,5.44382
-36,26,5.44502
-34,26,5.44598
-32,26,5.4467
-30,26,5.4472
-28,26,5.44748
-26,26,5.44757
-24,26,5.44747
-22,26,5.44722
-20,26,5.44682
-18,26,5.44632
-16,26,5.44572
-14,26,5.44505
-12,26,5.44435
-10,26,5.44362
-8,26,5.44291
-6,26,5.44224
-4,26,5.44162
-2,26,5.44108
0,26,5.44065
2,26,5.44033
4,26,5.44016
6,26,5.44014
8,26,5.44028
10,26,5.4406
12,26,5.4411
14,26,5.44179
16,26,5.44266
18,26,5.44373
20,26,5.44498
22,26,5.4464
24,26,5.448
26,26,5.44975
28,26,5.45165
30,26,5.45368
32,26,5.45582
34,26,5.45806
36,26,5.46039
38,26,5.46277
40,26,5.4652
42,26,5.46765
44,26,5.47011
46,26,5.47256
48,26,5.47498
50,26,5.47735
52,26,5.47967
54,26,5.4819
56,26,5.48406
58,26,5.48611
60,26,5.48805
62,26,5.48987
64,26,5.49157
66,26,5.49313
68,26,5.49454
70,26,5.49581
72,26,5.49692
74,26,5.49788
76,26,5.49866
78,26,5.49928
80,26,5.49972
82,26,5.49998
84,26,5.50004
86,26,5.49992
88,26,5.49959
90,26,5.49906
92,26,5.4983
94,26,5.49733
96,26,5.49612
98,26,5.49467
100,26,5.49297
102,26,5.49102
104,26,5.4888
106,26,5.48632
108,26,5.48355
110,26,5.48051
112,26,5.47719
114,26,5.47358
116,26,5.46969
118,26,5.46552
120,26,5.46108
122,26,5.45637
124,26,5.45141
126,26,5.44619
128,26,5.44076
130,26,5.43511
132,26,5.42927
134,26,5.42326
136,26,5.41711
138,26,5.41085
140,26,5.40451
142,26,5.39811
144,26,5.3917
146,26,5.3853
148,26,5.37896
150,26,5.3727
152,26,5.36656
154,26,5.36057
156,26,5.35478
158,26,5.34921
160,26,5.3439
162,26,5.33886
164,26,5.33414
166,26,5.32975
168,26,5.32572
170,26,5.32205
172,26,5.31877
174,26,5.31588
176,26,5.31339
178,26,5.31131
180,26,5.30962
-180,28,5.14356
-178,28,5.14244
-176,28,5.14177
-174,28,5.14154
-172,28,5.14173
-170,28,5.14231
-168,28,5.14326
-166,28,5.14453
-164,28,5.14609
-162,28,5.14791
-160,28,5.14994
-158,28,5.15214
-156,28,5.15448
-154,28,5.15692
-152,28,5.15941
-150,28,5.16192
-148,28,5.16441
-146,28,5.16685
-144,28,5.16922
-142,28,5.17149
-140,28,5.17363
-138,28,5.17563
-136,28,5.17747
-134,28,5.17916
-132,28,5.18068
-130,28,5.18204
-128,28,5.18324
-126,28,5.1843
-124,28,5.18522
-122,28,5.18603
-120,28,5.18675
-118,28,5.1874
-116,28,5.188
-114,28,5.18859
-112,28,5.1892
-110,28,5.18985
-108,28,5.19058
-106,28,5.19141
-104,28,5.19237
-102,28,5.19349
-100,28,5.1948
-98,28,5.1963
-96,28,5.19803
-94,28,5.19999
-92,28,5.2022
-90,28,5.20465
-88,28,5.20735
-86,28,5.2103
-84,28,5.21349
-82,28,5.21691
-80,28,5.22053
-78,28,5.22435
-76,28,5.22833
-74,28,5.23246
-72,28,5.23669
-70,28,5.241
-68,28,5.24536
-66,28,5.24973
-64,28,5.25407
-62,28,5.25836
-60,28,5.26256
-58,28,5.26663
-56,28,5.27054
-54,28,5.27427
-52,28,5.27778
-50,28,5.28105
-48,28,5.28407
-46,28,5.28681
-44,28,5.28925
-42,28,5.2914
-40,28,5.29324
-38,28,5.29477
-36,28,5.29599
-34,28,5.29691
-32,28,5.29753
-30,28,5.29787
-28,28,5.29795
-26,28,5.29779
-24,28,5.2974
-22,28,5.29681
-20,28,5.29606
-18,28,5.29516
-16,28,5.29415
-14,28,5.29306
-12,28,5.29192
-10,28,5.29077
-8,28,5.28963
-6,28,5.28854
-4,28,5.28753
-2,28,5.28662
0,28,5.28583
2,28,5.28521
4,28,5.28476
6,28,5.2845
8,28,5.28445
10,28,5.28462
12,28,5.28502
14,28,5.28566
16,28,5.28652
18,28,5.28763
20,28,5.28896
22,28,5.29051
24,28,5.29226
26,28,5.29422
28,28,5.29634
30,28,5.29863
32,28,5.30106
34,28,5.3036
36,28,5.30624
38,28,5.30895
40,28,5.3117
42,28,5.31449
44,28,5.31728
46,28,5.32005
48,28,5.32278
50,28,5.32546
52,28,5.32806
54,28,5.33058
56,28,5.33299
58,28,5.33529
60,28,5.33746
62,28,5.3395
64,28,5.34139
66,28,5.34314
68,28,5.34473
70,28,5.34616
72,28,5.34743
74,28,5.34853
76,28,5.34946
78,28,5.35021
80,28,5.35078
82,28,5.35117
84,28,5.35136
86,28,5.35136
88,28,5.35114
90,28,5.35072
92,28,5.35006
94,28,5.34918
96,28,5.34804
98,28,5.34665
100,28,5.345
102,28,5.34306
104,28,5.34083
106,28,5.3383
108,28,5.33547
110,28,5.33231
112,28,5.32883
114,28,5.32503
116,28,5.32089
118,28,5.31643
120,28,5.31164
122,28,5.30653
124,28,5.30112
126,28,5.29541
128,28,5.28942
130,28,5.28317
132,28,5.27668
134,28,5.26998
136,28,5.26311
138,28,5.25609
140,28,5.24896
142,28,5.24175
144,28,5.23452
146,28,5.22729
148,28,5.22011
150,28,5.21303
152,28,5.20608
154,28,5.19932
156,28,5.19278
158,28,5.18651
160,28,5.18054
162,28,5.17491
164,28,5.16965
166,28,5.16479
168,28,5.16035
170,28,5.15637
172,28,5.15285
174,28,5.1498
176,28,5.14724
178,28,5.14516
180,28,5.14356
-180,30,4.96718
-178,30,4.96628
-176,30,4.96593
-174,30,4.9661
-172,30,4.96676
-170,30,4.96788
-168,30,4.96942
-166,30,4.97134
-164,30,4.97359
-162,30,4.97612
-160,30,4.97889
-158,30,4.98184
-156,30,4.98492
-154,30,4.98808
-152,30,4.99127
-150,30,4.99444
-148,30,4.99756
-146,30,5.00057
-144,30,5.00345
-142,30,5.00616
-140,30,5.00868
-138,30,5.01098
-136,30,5.01305
-134,30,5.01488
-132,30,5.01646
-130,30,5.01781
-128,30,5.01893
-126,30,5.01983
-124,30,5.02054
-122,30,5.02107
-120,30,5.02146
-118,30,5.02174
-116,30,5.02195
-114,30,5.02212
-112,30,5.02229
-110,30,5.0225
-108,30,5.0228
-106,30,5.02322
-104,30,5.0238
-102,30,5.02457
-100,30,5.02557
-98,30,5.02683
-96,30,5.02837
-94,30,5.03021
-92,30,5.03236
-90,30,5.03483
-88,30,5.03762
-86,30,5.04073
-84,30,5.04416
-82,30,5.04788
-80,30,5.05188
-78,30,5.05614
-76,30,5.06062
-74,30,5.06528
-72,30,5.0701
-70,30,5.07503
-68,30,5.08004
-66,30,5.08507
-64,30,5.09008
-62,30,5.09504
-60,30,5.09989
-58,30,5.10459
-56,30,5.10911
-54,30,5.11341
-52,30,5.11745
-50,30,5.1212
-48,30,5.12464
-46,30,5.12774
-44,30,5.13049
-42,30,5.13287
-40,30,5.13487
-38,30,5.13649
-36,30,5.13774
-34,30,5.13862
-32,30,5.13913
-30,30,5.13931
-28,30,5.13916
-26,30,5.13871
-24,30,5.13799
-22,30,5.13703
-20,30,5.13586
-18,30,5.13452
-16,30,5.13304
-14,30,5.13147
-12,30,5.12984
-10,30,5.12819
-8,30,5.12657
-6,30,5.12501
-4,30,5.12354
-2,30,5.1222
0,30,5.12103
2,30,5.12004
4,30,5.11928
6,30,5.11875
8,30,5.11849
10,30,5.11849
12,30,5.11878
14,30,5.11935
16,30,5.12021
18,30,5.12136
20,30,5.12278
22,30,5.12447
24,30,5.1264
26,30,5.12857
28,30,5.13095
30,30,5.13352
32,30,5.13625
34,30,5.13912
36,30,5.14209
38,30,5.14514
40,30,5.14824
42,30,5.15137
44,30,5.1545
46,30,5.15759
48,30,5.16064
50,30,5.16361
52,30,5.16649
54,30,5.16927
56,30,5.17192
58,30,5.17444
60,30,5.17681
62,30,5.17903
64,30,5.1811
66,30,5.183
68,30,5.18473
70,30,5.1863
72,30,5.1877
74,30,5.18893
76,30,5.18998
78,30,5.19086
80,30,5.19156
82,30,5.19207
84,30,5.19239
86,30,5.19252
88,30,5.19244
90,30,5.19215
92,30,5.19163
94,30,5.19087
96,30,5.18985
98,30,5.18857
100,30,5.187
102,30,5.18513
104,30,5.18295
106,30,5.18044
108,30,5.17758
110,30,5.17437
112,30,5.17079
114,30,5.16683
116,30,5.1625
118,30,5.15778
120,30,5.15267
122,30,5.1472
124,30,5.14135
126,30,5.13515
128,30,5.1286
130,30,5.12174
132,30,5.1146
134,30,5.10719
136,30,5.09955
138,30,5.09173
140,30,5.08376
142,30,5.07569
144,30,5.06757
146,30,5.05945
148,30,5.05137
150,30,5.0434
152,30,5.03559
154,30,5.02798
156,30,5.02063
158,30,5.01359
160,30,5.0069
162,30,5.00062
164,30,4.99478
166,30,4.98942
168,30,4.98457
170,30,4.98025
172,30,4.97649
174,30,4.97329
176,30,4.97068
178,30,4.96864
180,30,4.96718
-180,32,4.78079
-178,32,4.78018
-176,32,4.78021
-174,32,4.78086
-172,32,4.78209
-170,32,4.78385
-168,32,4.7861
-166,32,4.78878
-164,32,4.79184
-162,32,4.79521
-160,32,4.79884
-158,32,4.80265
-156,32,4.80658
-154,32,4.81058
-152,32,4.81458
-150,32,4.81852
-148,32,4.82234
-146,32,4.826
-144,32,4.82945
-142,32,4.83265
-140,32,4.83557
-138,32,4.83819
-136,32,4.84048
-134,32,4.84244
-132,32,4.84406
-130,32,4.84534
-128,32,4.84631
-126,32,4.84698
-124,32,4.84737
-122,32,4.84753
-120,32,4.84748
-118,32,4.84727
-116,32,4.84694
-114,32,4.84655
-112,32,4.84615
-110,32,4.84579
-108,32,4.84551
-106,32,4.84539
-104,32,4.84545
-102,32,4.84576
-100,32,4.84634
-98,32,4.84725
-96,32,4.8485
-94,32,4.85013
-92,32,4.85216
-90,32,4.8546
-88,32,4.85745
-86,32,4.86071
-84,32,4.86437
-82,32,4.86841
-80,32,4.87281
-78,32,4.87754
-76,32,4.88257
-74,32,4.88784
-72,32,4.89332
-70,32,4.89895
-68,32,4.90469
-66,32,4.91048
-64,32,4.91626
-62,32,4.92198
-60,32,4.92758
-58,32,4.93302
-56,32,4.93824
-54,32,4.9432
-52,32,4.94785
-50,32,4.95216
-48,32,4.95609
-46,32,4.95962
-44,32,4.96271
-42,32,4.96537
-40,32,4.96757
-38,32,4.96931
-36,32,4.9706
-34,32,4.97144
-32,32,4.97185
-30,32,4.97184
-28,32,4.97144
-26,32,4.97067
-24,32,4.96958
-22,32,4.9682
-20,32,4.96657
-18,32,4.96473
-16,32,4.96273
-14,32,4.96062
-12,32,4.95844
-10,32,4.95624
-8,32,4.95407
-6,32,4.95198
-4,32,4.95
-2,32,4.94819
0,32,4.94657
2,32,4.94519
4,32,4.94408
6,32,4.94326
8,32,4.94275
10,32,4.94257
12,32,4.94273
14,32,4.94324
16,32,4.94409
18,32,4.94529
20,32,4.94681
22,32,4.94866
24,32,4.95079
26,32,4.95321
28,32,4.95586
30,32,4.95874
32,32,4.9618
34,32,4.96501
36,32,4.96833
38,32,4.97174
40,32,4.97521
42,32,4.97868
44,32,4.98214
46,32,4.98556
48,32,4.98891
50,32,4.99217
52,32,4.99531
54,32,4.99831
56,32,5.00117
58,32,5.00388
60,32,5.00642
62,32,5.00878
64,32,5.01097
66,32,5.01299
68,32,5.01483
70,32,5.0165
72,32,5.01799
74,32,5.01931
76,32,5.02047
78,32,5.02145
80,32,5.02226
82,32,5.0229
84,32,5.02335
86,32,5.02363
88,32,5.0237
90,32,5.02357
92,32,5.02321
94,32,5.02262
96,32,5.02177
98,32,5.02065
100,32,5.01923
102,32,5.01749
104,32,5.01542
106,32,5.01299
108,32,5.01017
110,32,5.00697
112,32,5.00335
114,32,4.9993
116,32,4.99482
118,32,4.98989
120,32,4.98452
122,32,4.9787
124,32,4.97245
126,32,4.96577
128,32,4.95868
130,32,4.95121
132,32,4.94339
134,32,4.93525
136,32,4.92682
138,32,4.91815
140,32,4.9093
142,32,4.90031
144,32,4.89125
146,32,4.88216
148,32,4.87312
150,32,4.86419
152,32,4.85542
154,32,4.84689
156,32,4.83866
158,32,4.83079
160,32,4.82333
162,32,4.81634
164,32,4.80987
166,32,4.80397
168,32,4.79867
170,32,4.794
172,32,4.79
174,32,4.78667
176,32,4.78402
178,32,4.78207
180,32,4.78079
-180,34,4.58471
-178,34,4.58445
-176,34,4.58495
-174,34,4.58616
-172,34,4.58805
-170,34,4.59057
-168,34,4.59364
-166,34,4.5972
-164,34,4.60119
-162,34,4.60553
-160,34,4.61015
-158,34,4.61495
-156,34,4.61987
-154,34,4.62482
-152,34,4.62973
-150,34,4.63454
-148,34,4.63916
-146,34,4.64354
-144,34,4.64762
-142,34,4.65136
-140,34,4.65472
-138,34,4.65766
-136,34,4.66017
-134,34,4.66223
-132,34,4.66384
-130,34,4.66501
-128,34,4.66576
-126,34,4.6661
-124,34,4.66608
-122,34,4.66574
-120,34,4.66512
-118,34,4.66428
-116,34,4.66328
-114,34,4.66218
-112,34,4.66105
-110,34,4.65995
-108,34,4.65896
-106,34,4.65814
-104,34,4.65754
-102,34,4.65724
-100,34,4.65728
-98,34,4.65772
-96,34,4.65859
-94,34,4.65993
-92,34,4.66177
-90,34,4.66412
-88,34,4.66698
-86,34,4.67037
-84,34,4.67426
-82,34,4.67863
-80,34,4.68346
-78,34,4.68872
-76,34,4.69434
-74,34,4.70029
-72,34,4.70651
-70,34,4.71294
-68,34,4.71951
-66,34,4.72615
-64,34,4.73281
-62,34,4.7394
-60,34,4.74587
-58,34,4.75215
-56,34,4.75818
-54,34,4.7639
-52,34,4.76925
-50,34,4.77421
-48,34,4.77871
-46,34,4.78273
-44,34,4.78624
-42,34,4.78922
-40,34,4.79166
-38,34,4.79356
-36,34,4.79491
-34,34,4.79572
-32,34,4.79601
-30,34,4.79581
-28,34,4.79514
-26,34,4.79403
-24,34,4.79254
-22,34,4.79069
-20,34,4.78855
-18,34,4.78617
-16,34,4.78359
-14,34,4.78087
-12,34,4.77808
-10,34,4.77527
-8,34,4.7725
-6,34,4.76982
-4,34,4.76728
-2,34,4.76494
0,34,4.76284
2,34,4.76102
4,34,4.75952
6,34,4.75838
8,34,4.7576
10,34,4.75723
12,34,4.75726
14,34,4.7577
16,34,4.75855
18,34,4.75981
20,34,4.76145
22,34,4.76347
24,34,4.76583
26,34,4.76851
28,34,4.77147
30,34,4.77467
32,34,4.77809
34,34,4.78167
36,34,4.78537
38,34,4.78915
40,34,4.79298
42,34,4.79681
44,34,4.80061
46,34,4.80434
48,34,4.80798
50,34,4.81149
52,34,4.81486
54,34,4.81806
56,34,4.82109
58,34,4.82394
60,34,4.82659
62,34,4.82905
64,34,4.83132
66,34,4.8334
68,34,4.83529
70,34,4.83701
72,34,4.83856
74,34,4.83994
76,34,4.84115
78,34,4.84222
80,34,4.84313
82,34,4.84388
84,34,4.84447
86,34,4.8449
88,34,4.84514
90,34,4.8452
92,34,4.84505
94,34,4.84467
96,34,4.84404
98,34,4.84314
100,34,4.84193
102,34,4.8404
104,34,4.8385
106,34,4.83623
108,34,4.83354
110,34,4.83041
112,34,4.82682
114,34,4.82275
116,34,4.81818
118,34,4.81311
120,34,4.80751
122,34,4.8014
124,34,4.79478
126,34,4.78765
128,34,4.78003
130,34,4.77196
132,34,4.76345
134,34,4.75455
136,34,4.7453
138,34,4.73576
140,34,4.72598
142,34,4.71601
144,34,4.70594
146,34,4.69583
148,34,4.68574
150,34,4.67577
152,34,4.66598
154,34,4.65645
156,34,4.64726
158,34,4.63848
160,34,4.63018
162,34,4.62242
164,34,4.61527
166,34,4.60879
168,34,4.60301
170,34,4.59797
172,34,4.59371
174,34,4.59025
176,34,4.5876
178,34,4.58575
180,34,4.58471
-180,36,4.37928
-178,36,4.37944
-176,36,4.38047
-174,36,4.38234
-172,36,4.385
-170,36,4.38837
-168,36,4.39238
-166,36,4.39696
-164,36,4.40202
-162,36,4.40746
-160,36,4.41319
-158,36,4.41912
-156,36,4.42515
-154,36,4.43118
-152,36,4.43712
-150,36,4.44289
-148,36,4.4484
-146,36,4.45358
-144,36,4.45836
-142,36,4.46268
-140,36,4.46651
-138,36,4.46979
-136,36,4.4725
-134,36,4.47464
-132,36,4.4762
-130,36,4.47719
-128,36,4.47763
-126,36,4.47755
-124,36,4.477
-122,36,4.47603
-120,36,4.47471
-118,36,4.47309
-116,36,4.47125
-114,36,4.46928
-112,36,4.46725
-110,36,4.46526
-108,36,4.46337
-106,36,4.46169
-104,36,4.46027
-102,36,4.45922
-100,36,4.45858
-98,36,4.45842
-96,36,4.4588
-94,36,4.45975
-92,36,4.46132
-90,36,4.46352
-88,36,4.46636
-86,36,4.46985
-84,36,4.47396
-82,36,4.47868
-80,36,4.48398
-78,36,4.4898
-76,36,4.49609
-74,36,4.5028
-72,36,4.50985
-70,36,4.51716
-68,36,4.52467
-66,36,4.53229
-64,36,4.53994
-62,36,4.54753
-60,36,4.55498
-58,36,4.56222
-56,36,4.56917
-54,36,4.57576
-52,36,4.58193
-50,36,4.58763
-48,36,4.59279
-46,36,4.59739
-44,36,4.60138
-42,36,4.60475
-40,36,4.60748
-38,36,4.60956
-36,36,4.61099
-34,36,4.61179
-32,36,4.61197
-30,36,4.61157
-28,36,4.61061
-26,36,4.60914
-24,36,4.60721
-22,36,4.60487
-20,36,4.60217
-18,36,4.59918
-16,36,4.59597
-14,36,4.5926
-12,36,4.58914
-10,36,4.58565
-8,36,4.58222
-6,36,4.57889
-4,36,4.57574
-2,36,4.57282
0,36,4.57019
2,36,4.5679
4,36,4.56598
6,36,4.56448
8,36,4.56343
10,36,4.56284
12,36,4.56274
14,36,4.56311
16,36,4.56397
18,36,4.5653
20,36,4.56709
22,36,4.5693
24,36,4.57191
26,36,4.57488
28,36,4.57818
30,36,4.58174
32,36,4.58553
34,36,4.5895
36,36,4.5936
38,36,4.59777
40,36,4.60197
42,36,4.60616
44,36,4.61028
46,36,4.61431
48,36,4.61821
50,36,4.62195
52,36,4.62551
54,36,4.62887
56,36,4.63201
58,36,4.63494
60,36,4.63765
62,36,4.64014
64,36,4.64242
66,36,4.6445
68,36,4.64639
70,36,4.6481
72,36,4.64964
74,36,4.65104
76,36,4.65228
78,36,4.6534
80,36,4.65438
82,36,4.65524
84,36,4.65597
86,36,4.65656
88,36,4.657
90,36,4.65728
92,36,4.65737
94,36,4.65725
96,36,4.6569
98,36,4.65628
100,36,4.65536
102,36,4.65411
104,36,4.65248
106,36,4.65044
108,36,4.64795
110,36,4.64499
112,36,4.64151
114,36,4.6375
116,36,4.63292
118,36,4.62776
120,36,4.62201
122,36,4.61565
124,36,4.60869
126,36,4.60115
128,36,4.59302
130,36,4.58435
132,36,4.57516
134,36,4.56549
136,36,4.5554
138,36,4.54494
140,36,4.53418
142,36,4.52319
144,36,4.51205
146,36,4.50083
148,36,4.48963
150,36,4.47854
152,36,4.46764
154,36,4.45703
156,36,4.4468
158,36,4.43703
160,36,4.42781
162,36,4.41923
164,36,4.41134
166,36,4.40422
168,36,4.39792
170,36,4.3925
172,36,4.38797
174,36,4.38439
176,36,4.38174
178,36,4.38004
180,36,4.37928
-180,38,4.16485
-178,38,4.16548
-176,38,4.16713
-174,38,4.16975
-172,38,4.17327
-170,38,4.17761
-168,38,4.18269
-166,38,4.18841
-164,38,4.19467
-162,38,4.20135
-160,38,4.20834
-158,38,4.21553
-156,38,4.2228
-154,38,4.23004
-152,38,4.23713
-150,38,4.24397
-148,38,4.25046
-146,38,4.25652
-144,38,4.26206
-142,38,4.26701
-140,38,4.27132
-138,38,4.27495
-136,38,4.27786
-134,38,4.28004
-132,38,4.2815
-130,38,4.28223
-128,38,4.28227
-126,38,4.28167
-124,38,4.28047
-122,38,4.27873
-120,38,4.27654
-118,38,4.27398
-116,38,4.27114
-114,38,4.26812
-112,38,4.26501
-110,38,4.26193
-108,38,4.25898
-106,38,4.25625
-104,38,4.25385
-102,38,4.25188
-100,38,4.2504
-98,38,4.24952
-96,38,4.24928
-94,38,4.24975
-92,38,4.25096
-90,38,4.25294
-88,38,4.25572
-86,38,4.25928
-84,38,4.26362
-82,38,4.2687
-80,38,4.27449
-78,38,4.28094
-76,38,4.28797
-74,38,4.29551
-72,38,4.30349
-70,38,4.31181
-68,38,4.32037
-66,38,4.32909
-64,38,4.33786
-62,38,4.34657
-60,38,4.35515
-58,38,4.36348
-56,38,4.37148
-54,38,4.37907
-52,38,4.38617
-50,38,4.39271
-48,38,4.39863
-46,38,4.40389
-44,38,4.40845
-42,38,4.41227
-40,38,4.41534
-38,38,4.41765
-36,38,4.4192
-34,38,4.42
-32,38,4.42009
-30,38,4.41948
-28,38,4.41823
-26,38,4.41637
-24,38,4.41397
-22,38,4.41108
-20,38,4.40779
-18,38,4.40415
-16,38,4.40025
-14,38,4.39617
-12,38,4.39198
-10,38,4.38776
-8,38,4.38361
-6,38,4.37958
-4,38,4.37576
-2,38,4.37222
0,38,4.36901
2,38,4.3662
4,38,4.36384
6,38,4.36197
8,38,4.36062
10,38,4.35981
12,38,4.35956
14,38,4.35988
16,38,4.36076
18,38,4.36218
20,38,4.36413
22,38,4.36656
24,38,4.36945
26,38,4.37274
28,38,4.37639
30,38,4.38035
32,38,4.38454
34,38,4.38892
36,38,4.39343
38,38,4.398
40,38,4.40257
42,38,4.40711
44,38,4.41155
46,38,4.41585
48,38,4.41999
50,38,4.42391
52,38,4.42761
54,38,4.43107
56,38,4.43427
58,38,4.43722
60,38,4.43991
62,38,4.44236
64,38,4.44458
66,38,4.44658
68,38,4.44839
70,38,4.45003
72,38,4.45151
74,38,4.45286
76,38,4.45409
78,38,4.45522
80,38,4.45626
82,38,4.45721
84,38,4.45807
86,38,4.45883
88,38,4.45949
90,38,4.46002
92,38,4.4604
94,38,4.46061
96,38,4.4606
98,38,4.46033
100,38,4.45978
102,38,4.45888
104,38,4.4576
106,38,4.45589
108,38,4.45371
110,38,4.451
112,38,4.44773
114,38,4.44386
116,38,4.43935
118,38,4.43418
120,38,4.42834
122,38,4.4218
124,38,4.41456
126,38,4.40663
128,38,4.39803
130,38,4.38877
132,38,4.3789
134,38,4.36846
136,38,4.35751
138,38,4.3461
140,38,4.33432
142,38,4.32225
144,38,4.30997
146,38,4.29758
148,38,4.28519
150,38,4.27289
152,38,4.2608
154,38,4.24902
156,38,4.23766
158,38,4.22683
160,38,4.21662
162,38,4.20713
164,38,4.19844
166,38,4.19063
168,38,4.18378
170,38,4.17793
172,38,4.17313
174,38,4.16942
176,38,4.1668
178,38,4.16528
180,38,4.16485
-180,40,3.94176
-178,40,3.94293
-176,40,3.94528
-174,40,3.94874
-172,40,3.95323
-170,40,3.95866
-168,40,3.96493
-166,40,3.97193
-164,40,3.97952
-162,40,3.98758
-160,40,3.99597
-158,40,4.00456
-156,40,4.01321
-154,40,4.02177
-152,40,4.03013
-150,40,4.03815
-148,40,4.04572
-146,40,4.05274
-144,40,4.05909
-142,40,4.06472
-140,40,4.06955
-138,40,4.07352
-136,40,4.07661
-134,40,4.0788
-132,40,4.08008
-130,40,4.08048
-128,40,4.08003
-126,40,4.07878
-124,40,4.07679
-122,40,4.07414
-120,40,4.07093
-118,40,4.06725
-116,40,4.06321
-114,40,4.05895
-112,40,4.05457
-110,40,4.05021
-108,40,4.04599
-106,40,4.04204
-104,40,4.03847
-102,40,4.0354
-100,40,4.03294
-98,40,4.03118
-96,40,4.0302
-94,40,4.03006
-92,40,4.03083
-90,40,4.03253
-88,40,4.03519
-86,40,4.03881
-84,40,4.04336
-82,40,4.04883
-80,40,4.05515
-78,40,4.06228
-76,40,4.07012
-74,40,4.0786
-72,40,4.08761
-70,40,4.09704
-68,40,4.1068
-66,40,4.11675
-64,40,4.12677
-62,40,4.13676
-60,40,4.1466
-58,40,4.15616
-56,40,4.16535
-54,40,4.17407
-52,40,4.18223
-50,40,4.18974
-48,40,4.19653
-46,40,4.20255
-44,40,4.20776
-42,40,4.2121
-40,40,4.21558
-38,40,4.21817
-36,40,4.21987
-34,40,4.22071
-32,40,4.22071
-30,40,4.2199
-28,40,4.21834
-26,40,4.21608
-24,40,4.21318
-22,40,4.20972
-20,40,4.20579
-18,40,4.20145
-16,40,4.19681
-14,40,4.19196
-12,40,4.18698
-10,40,4.18198
-8,40,4.17705
-6,40,4.17226
-4,40,4.16773
-2,40,4.16351
0,40,4.15969
2,40,4.15633
4,40,4.15349
6,40,4.15122
8,40,4.14956
10,40,4.14852
12,40,4.14814
14,40,4.1484
16,40,4.14931
18,40,4.15084
20,40,4.15297
22,40,4.15565
24,40,4.15885
26,40,4.16249
28,40,4.16653
30,40,4.1709
32,40,4.17552
34,40,4.18033
36,40,4.18526
38,40,4.19023
40,40,4.19519
42,40,4.20006
44,40,4.20479
46,40,4.20934
48,40,4.21367
50,40,4.21773
52,40,4.22151
54,40,4.225
56,40,4.22819
58,40,4.23107
60,40,4.23367
62,40,4.23599
64,40,4.23806
66,40,4.23991
68,40,4.24156
70,40,4.24305
72,40,4.24441
74,40,4.24565
76,40,4.24682
78,40,4.24793
80,40,4.24899
82,40,4.25001
84,40,4.251
86,40,4.25195
88,40,4.25284
90,40,4.25366
92,40,4.25438
94,40,4.25496
96,40,4.25536
98,40,4.25553
100,40,4.25542
102,40,4.25498
104,40,4.25415
106,40,4.25287
108,40,4.25108
110,40,4.24872
112,40,4.24576
114,40,4.24212
116,40,4.23778
118,40,4.23269
120,40,4.22683
122,40,4.22018
124,40,4.21272
126,40,4.20446
128,40,4.19541
130,40,4.1856
132,40,4.17506
134,40,4.16385
136,40,4.15201
138,40,4.13963
140,40,4.12679
142,40,4.11358
144,40,4.10011
146,40,4.08648
148,40,4.07281
150,40,4.05923
152,40,4.04586
154,40,4.03283
156,40,4.02025
158,40,4.00827
160,40,3.99698
162,40,3.98651
164,40,3.97695
166,40,3.96841
168,40,3.96095
170,40,3.95465
172,40,3.94956
174,40,3.94571
176,40,3.94313
178,40,3.94182
180,40,3.94176
-180,42,3.7104
-178,42,3.71217
-176,42,3.71528
-174,42,3.71967
-172,42,3.72524
-170,42,3.73188
-168,42,3.73947
-166,42,3.74787
-164,42,3.75694
-162,42,3.76652
-160,42,3.77646
-158,42,3.78659
-156,42,3.79674
-154,42,3.80677
-152,42,3.81651
-150,42,3.82582
-148,42,3.83456
-146,42,3.8426
-144,42,3.84984
-142,42,3.85617
-140,42,3.86153
-138,42,3.86585
-136,42,3.8691
-134,42,3.87125
-132,42,3.8723
-130,42,3.87228
-128,42,3.87122
-126,42,3.86919
-124,42,3.86627
-122,42,3.86255
-120,42,3.85813
-118,42,3.85315
-116,42,3.84773
-114,42,3.84202
-112,42,3.83616
-110,42,3.83032
-108,42,3.82463
-106,42,3.81924
-104,42,3.81432
-102,42,3.80998
-100,42,3.80635
-98,42,3.80356
-96,42,3.8017
-94,42,3.80085
-92,42,3.80108
-90,42,3.80242
-88,42,3.80492
-86,42,3.80856
-84,42,3.81333
-82,42,3.81919
-80,42,3.82609
-78,42,3.83396
-76,42,3.8427
-74,42,3.85221
-72,42,3.86236
-70,42,3.87305
-68,42,3.88413
-66,42,3.89546
-64,42,3.9069
-62,42,3.91831
-60,42,3.92956
-58,42,3.94052
-56,42,3.95105
-54,42,3.96104
-52,42,3.97039
-50,42,3.97899
-48,42,3.98678
-46,42,3.99367
-44,42,3.99962
-42,42,4.00458
-40,42,4.00852
-38,42,4.01145
-36,42,4.01336
-34,42,4.01426
-32,42,4.01419
-30,42,4.01319
-28,42,4.01132
-26,42,4.00864
-24,42,4.00522
-22,42,4.00116
-20,42,3.99654
-18,42,3.99147
-16,42,3.98604
-14,42,3.98036
-12,42,3.97454
-10,42,3.9687
-8,42,3.96293
-6,42,3.95734
-4,42,3.95203
-2,42,3.94709
0,42,3.94261
2,42,3.93867
4,42,3.93533
6,42,3.93264
8,42,3.93065
10,42,3.92938
12,42,3.92886
14,42,3.92908
16,42,3.93003
18,42,3.93169
20,42,3.93403
22,42,3.93699
24,42,3.94052
26,42,3.94455
28,42,3.949
30,42,3.95381
32,42,3.95888
34,42,3.96414
36,42,3.9695
38,42,3.97488
40,42,3.9802
42,42,3.98539
44,42,3.99039
46,42,3.99514
48,42,3.99961
50,42,4.00375
52,42,4.00755
54,42,4.011
56,42,4.01408
58,42,4.01681
60,42,4.01922
62,42,4.02132
64,42,4.02315
66,42,4.02475
68,42,4.02616
70,42,4.02742
72,42,4.02857
74,42,4.02965
76,42,4.03069
78,42,4.03173
80,42,4.03278
82,42,4.03387
84,42,4.03498
86,42,4.03612
88,42,4.03728
90,42,4.03843
92,42,4.03953
94,42,4.04055
96,42,4.04142
98,42,4.04211
100,42,4.04254
102,42,4.04265
104,42,4.04236
106,42,4.04161
108,42,4.04033
110,42,4.03844
112,42,4.03588
114,42,4.03259
116,42,4.02851
118,42,4.02359
120,42,4.01781
122,42,4.01112
124,42,4.00351
126,42,3.99498
128,42,3.98553
130,42,3.9752
132,42,3.96401
134,42,3.95202
136,42,3.9393
138,42,3.92592
140,42,3.91198
142,42,3.89759
144,42,3.88287
146,42,3.86793
148,42,3.85291
150,42,3.83797
152,42,3.82323
154,42,3.80885
156,42,3.79497
158,42,3.78174
160,42,3.76929
162,42,3.75776
164,42,3.74727
166,42,3.73792
168,42,3.72981
170,42,3.72302
172,42,3.71762
174,42,3.71364
176,42,3.71111
178,42,3.71004
180,42,3.7104
-180,44,3.47113
-178,44,3.47356
-176,44,3.47752
-174,44,3.48293
-172,44,3.48968
-170,44,3.49764
-168,44,3.50667
-166,44,3.51662
-164,44,3.5273
-162,44,3.53855
-160,44,3.55017
-158,44,3.56198
-156,44,3.57378
-154,44,3.58539
-152,44,3.59663
-150,44,3.60733
-148,44,3.61733
-146,44,3.62647
-144,44,3.63464
-142,44,3.64173
-140,44,3.64763
-138,44,3.65229
-136,44,3.65566
-134,44,3.65772
-132,44,3.65846
-130,44,3.65792
-128,44,3.65615
-126,44,3.65321
-124,44,3.6492
-122,44,3.64423
-120,44,3.63843
-118,44,3.63194
-116,44,3.62493
-114,44,3.61756
-112,44,3.61001
-110,44,3.60246
-108,44,3.59508
-106,44,3.58806
-104,44,3.58157
-102,44,3.57576
-100,44,3.5708
-98,44,3.56682
-96,44,3.56394
-94,44,3.56225
-92,44,3.56183
-90,44,3.56275
-88,44,3.56502
-86,44,3.56866
-84,44,3.57364
-82,44,3.57993
-80,44,3.58745
-78,44,3.59613
-76,44,3.60585
-74,44,3.61649
-72,44,3.62793
-70,44,3.63999
-68,44,3.65254
-66,44,3.66541
-64,44,3.67843
-62,44,3.69144
-60,44,3.70427
-58,44,3.71678
-56,44,3.72881
-54,44,3.74024
-52,44,3.75092
-50,44,3.76076
-48,44,3.76967
-46,44,3.77755
-44,44,3.78434
-42,44,3.79
-40,44,3.79451
-38,44,3.79784
-36,44,3.79999
-34,44,3.801
-32,44,3.80089
-30,44,3.79971
-28,44,3.79753
-26,44,3.79442
-24,44,3.79046
-22,44,3.78577
-20,44,3.78043
-18,44,3.77457
-16,44,3.7683
-14,44,3.76175
-12,44,3.75504
-10,44,3.7483
-8,44,3.74164
-6,44,3.73519
-4,44,3.72906
-2,44,3.72336
0,44,3.71818
2,44,3.71362
4,44,3.70975
6,44,3.70662
8,44,3.70429
10,44,3.70279
12,44,3.70213
14,44,3.70231
16,44,3.70333
18,44,3.70514
20,44,3.70771
22,44,3.71097
24,44,3.71487
26,44,3.71931
28,44,3.72421
30,44,3.72948
32,44,3.73502
34,44,3.74074
36,44,3.74653
38,44,3.75231
40,44,3.75798
42,44,3.76347
44,44,3.7687
46,44,3.77361
48,44,3.77816
50,44,3.78232
52,44,3.78605
54,44,3.78936
56,44,3.79225
58,44,3.79474
60,44,3.79685
62,44,3.79863
64,44,3.80011
66,44,3.80136
68,44,3.80243
70,44,3.80336
72,44,3.80423
74,44,3.80507
76,44,3.80593
78,44,3.80686
80,44,3.80787
82,44,3.80899
84,44,3.81023
86,44,3.81158
88,44,3.81302
90,44,3.81453
92,44,3.81607
94,44,3.81759
96,44,3.81902
98,44,3.8203
100,44,3.82136
102,44,3.82212
104,44,3.82249
106,44,3.82238
108,44,3.82171
110,44,3.8204
112,44,3.81837
114,44,3.81553
116,44,3.81182
118,44,3.80718
120,44,3.80156
122,44,3.79492
124,44,3.78724
126,44,3.7785
128,44,3.76871
130,44,3.75789
132,44,3.74608
134,44,3.73334
136,44,3.71972
138,44,3.70534
140,44,3.69028
142,44,3.67466
144,44,3.65863
146,44,3.64232
148,44,3.62588
150,44,3.60948
152,44,3.59329
154,44,3.57747
156,44,3.5622
158,44,3.54764
160,44,3.53395
162,44,3.52128
164,44,3.50977
166,44,3.49956
168,44,3.49075
170,44,3.48344
172,44,3.4777
174,44,3.47358
176,44,3.47111
178,44,3.4703
180,44,3.47113
-180,46,3.22434
-178,46,3.22749
-176,46,3.23237
-174,46,3.23889
-172,46,3.24693
-170,46,3.25632
-168,46,3.26692
-166,46,3.27854
-164,46,3.29098
-162,46,3.30403
-160,46,3.31748
-158,46,3.3311
-156,46,3.34468
-154,46,3.358
-152,46,3.37086
-150,46,3.38305
-148,46,3.39439
-146,46,3.4047
-144,46,3.41386
-142,46,3.42171
-140,46,3.42817
-138,46,3.43316
-136,46,3.43661
-134,46,3.43852
-132,46,3.43887
-130,46,3.43771
-128,46,3.43509
-126,46,3.4311
-124,46,3.42583
-122,46,3.41944
-120,46,3.41206
-118,46,3.40386
-116,46,3.39504
-114,46,3.38579
-112,46,3.37632
-110,46,3.36683
-108,46,3.35754
-106,46,3.34866
-104,46,3.34039
-102,46,3.33292
-100,46,3.32644
-98,46,3.3211
-96,46,3.31704
-94,46,3.31438
-92,46,3.31322
-90,46,3.31363
-88,46,3.31563
-86,46,3.31923
-84,46,3.32443
-82,46,3.33116
-80,46,3.33936
-78,46,3.34891
-76,46,3.35971
-74,46,3.37161
-72,46,3.38444
-70,46,3.39804
-68,46,3.41222
-66,46,3.42679
-64,46,3.44156
-62,46,3.45634
-60,46,3.47094
-58,46,3.48518
-56,46,3.49889
-54,46,3.51191
-52,46,3.5241
-50,46,3.53532
-48,46,3.54548
-46,46,3.55448
-44,46,3.56224
-42,46,3.5687
-40,46,3.57385
-38,46,3.57765
-36,46,3.58012
-34,46,3.58128
-32,46,3.58116
-30,46,3.57982
-28,46,3.57733
-26,46,3.57379
-24,46,3.56928
-22,46,3.56393
-20,46,3.55784
-18,46,3.55116
-16,46,3.54401
-14,46,3.53653
-12,46,3.52887
-10,46,3.52117
-8,46,3.51357
-6,46,3.50621
-4,46,3.49922
-2,46,3.49271
0,46,3.4868
2,46,3.48158
4,46,3.47715
6,46,3.47357
8,46,3.47089
10,46,3.46914
12,46,3.46835
14,46,3.46851
16,46,3.46961
18,46,3.47159
20,46,3.47442
22,46,3.47801
24,46,3.4823
26,46,3.48718
28,46,3.49255
30,46,3.49831
32,46,3.50433
34,46,3.51051
36,46,3.51674
38,46,3.5229
40,46,3.5289
42,46,3.53465
44,46,3.54007
46,46,3.54508
48,46,3.54965
50,46,3.55374
52,46,3.55732
54,46,3.5604
56,46,3.56299
58,46,3.56512
60,46,3.56682
62,46,3.56816
64,46,3.56919
66,46,3.56998
68,46,3.57059
70,46,3.57111
72,46,3.57161
74,46,3.57213
76,46,3.57275
78,46,3.57352
80,46,3.57446
82,46,3.5756
84,46,3.57695
86,46,3.57852
88,46,3.58027
90,46,3.58219
92,46,3.58421
94,46,3.58629
96,46,3.58836
98,46,3.59033
100,46,3.59211
102,46,3.59362
104,46,3.59475
106,46,3.5954
108,46,3.59547
110,46,3.59485
112,46,3.59346
114,46,3.5912
116,46,3.58797
118,46,3.58372
120,46,3.57837
122,46,3.57188
124,46,3.56421
126,46,3.55534
128,46,3.54527
130,46,3.53402
132,46,3.52162
134,46,3.50814
136,46,3.49365
138,46,3.47824
140,46,3.46203
142,46,3.44516
144,46,3.42777
146,46,3.41003
148,46,3.3921
150,46,3.37418
152,46,3.35645
154,46,3.33911
156,46,3.32235
158,46,3.30637
160,46,3.29135
162,46,3.27746
164,46,3.26487
166,46,3.25373
168,46,3.24417
170,46,3.2363
172,46,3.2302
174,46,3.22593
176,46,3.22353
178,46,3.22301
180,46,3.22434
-180,48,2.97043
-178,48,2.97435
-176,48,2.98023
-174,48,2.98795
-172,48,2.99736
-170,48,3.00831
-168,48,3.0206
-166,48,3.03403
-164,48,3.04835
-162,48,3.06334
-160,48,3.07875
-158,48,3.09432
-156,48,3.10981
-154,48,3.12496
-152,48,3.13954
-150,48,3.15331
-148,48,3.16607
-146,48,3.17763
-144,48,3.1878
-142,48,3.19646
-140,48,3.20347
-138,48,3.20876
-136,48,3.21226
-134,48,3.21394
-132,48,3.21382
-130,48,3.21192
-128,48,3.20832
-126,48,3.20311
-124,48,3.19643
-122,48,3.18841
-120,48,3.17925
-118,48,3.16913
-116,48,3.15828
-114,48,3.14691
-112,48,3.13528
-110,48,3.12362
-108,48,3.11218
-106,48,3.10121
-104,48,3.09095
-102,48,3.08161
-100,48,3.0734
-98,48,3.06653
-96,48,3.06114
-94,48,3.05739
-92,48,3.05538
-90,48,3.05518
-88,48,3.05686
-86,48,3.06041
-84,48,3.06581
-82,48,3.07301
-80,48,3.08193
-78,48,3.09245
-76,48,3.10443
-74,48,3.1177
-72,48,3.13208
-70,48,3.14736
-68,48,3.16334
-66,48,3.17979
-64,48,3.19649
-62,48,3.21323
-60,48,3.22978
-58,48,3.24594
-56,48,3.26151
-54,48,3.27631
-52,48,3.29017
-50,48,3.30294
-48,48,3.31451
-46,48,3.32475
-44,48,3.3336
-42,48,3.34099
-40,48,3.34687
-38,48,3.35123
-36,48,3.35408
-34,48,3.35543
-32,48,3.35534
-30,48,3.35387
-28,48,3.3511
-26,48,3.34712
-24,48,3.34205
-22,48,3.33601
-20,48,3.32915
-18,48,3.3216
-16,48,3.31353
-14,48,3.30508
-12,48,3.29643
-10,48,3.28772
-8,48,3.27913
-6,48,3.27081
-4,48,3.2629
-2,48,3.25554
0,48,3.24885
2,48,3.24296
4,48,3.23794
6,48,3.23389
8,48,3.23085
10,48,3.22886
12,48,3.22794
14,48,3.22809
16,48,3.22928
18,48,3.23146
20,48,3.23456
22,48,3.23851
24,48,3.24322
26,48,3.24856
28,48,3.25442
30,48,3.26067
32,48,3.26719
34,48,3.27384
36,48,3.28049
38,48,3.28702
40,48,3.29332
42,48,3.29928
44,48,3.30483
46,48,3.30988
48,48,3.31438
50,48,3.31831
52,48,3.32164
54,48,3.32438
56,48,3.32656
58,48,3.32821
60,48,3.32939
62,48,3.33016
64,48,3.33061
66,48,3.33082
68,48,3.33088
70,48,3.33089
72,48,3.33091
74,48,3.33105
76,48,3.33136
78,48,3.33191
80,48,3.33274
82,48,3.33388
84,48,3.33535
86,48,3.33714
88,48,3.33923
90,48,3.34159
92,48,3.34416
94,48,3.34687
96,48,3.34964
98,48,3.35238
100,48,3.35499
102,48,3.35735
104,48,3.35936
106,48,3.36088
108,48,3.36181
110,48,3.36201
112,48,3.36139
114,48,3.35982
116,48,3.3572
118,48,3.35345
120,48,3.34849
122,48,3.34225
124,48,3.33468
126,48,3.32576
128,48,3.31549
130,48,3.30386
132,48,3.29093
134,48,3.27674
136,48,3.26139
138,48,3.24496
140,48,3.2276
142,48,3.20944
144,48,3.19066
146,48,3.17143
148,48,3.15195
150,48,3.13243
152,48,3.11309
154,48,3.09414
156,48,3.07582
158,48,3.05833
160,48,3.04189
162,48,3.0267
164,48,3.01296
166,48,3.00083
168,48,2.99047
170,48,2.98199
172,48,2.9755
174,48,2.97108
176,48,2.96876
178,48,2.96855
180,48,2.97043
-180,50,2.70979
-178,50,2.71454
-176,50,2.72149
-174,50,2.73049
-172,50,2.74139
-170,50,2.754
-168,50,2.7681
-166,50,2.78345
-164,50,2.7998
-162,50,2.81686
-160,50,2.83436
-158,50,2.85201
-156,50,2.86953
-154,50,2.88662
-152,50,2.90302
-150,50,2.91847
-148,50,2.93272
-146,50,2.94556
-144,50,2.9568
-142,50,2.96626
-140,50,2.97382
-138,50,2.97938
-136,50,2.98287
-134,50,2.98425
-132,50,2.98355
-130,50,2.98079
-128,50,2.97607
-126,50,2.96949
-124,50,2.9612
-122,50,2.95137
-120,50,2.94021
-118,50,2.92794
-116,50,2.91482
-114,50,2.9011
-112,50,2.88706
-110,50,2.87299
-108,50,2.85916
-106,50,2.84587
-104,50,2.83338
-102,50,2.82195
-100,50,2.81183
-98,50,2.80324
-96,50,2.79637
-94,50,2.79138
-92,50,2.7884
-90,50,2.78753
-88,50,2.78882
-86,50,2.79228
-84,50,2.7979
-82,50,2.80561
-80,50,2.81531
-78,50,2.82687
-76,50,2.84013
-74,50,2.8549
-72,50,2.87096
-70,50,2.88809
-68,50,2.90605
-66,50,2.92457
-64,50,2.9434
-62,50,2.9623
-60,50,2.981
-58,50,2.99928
-56,50,3.01691
-54,50,3.03367
-52,50,3.04938
-50,50,3.06388
-48,50,3.07701
-46,50,3.08866
-44,50,3.09873
-42,50,3.10715
-40,50,3.11388
-38,50,3.11889
-36,50,3.12219
-34,50,3.12381
-32,50,3.12379
-30,50,3.12222
-28,50,3.11918
-26,50,3.11477
-24,50,3.10913
-22,50,3.10241
-20,50,3.09474
-18,50,3.0863
-16,50,3.07726
-14,50,3.0678
-12,50,3.0581
-10,50,3.04835
-8,50,3.03871
-6,50,3.02938
-4,50,3.02051
-2,50,3.01226
0,50,3.00476
2,50,2.99815
4,50,2.99253
6,50,2.98799
8,50,2.98458
10,50,2.98234
12,50,2.9813
14,50,2.98145
16,50,2.98274
18,50,2.98513
20,50,2.98854
22,50,2.99287
24,50,2.99801
26,50,3.00383
28,50,3.01019
30,50,3.01696
32,50,3.02396
34,50,3.03107
36,50,3.03813
38,50,3.045
40,50,3.05156
42,50,3.05768
44,50,3.06329
46,50,3.0683
48,50,3.07265
50,50,3.07632
52,50,3.07929
54,50,3.08157
56,50,3.08321
58,50,3.08425
60,50,3.08477
62,50,3.08485
64,50,3.08459
66,50,3.08411
68,50,3.0835
70,50,3.08288
72,50,3.08235
74,50,3.08201
76,50,3.08194
78,50,3.08222
80,50,3.08291
82,50,3.08403
84,50,3.0856
86,50,3.08763
88,50,3.09009
90,50,3.09293
92,50,3.09609
94,50,3.0995
96,50,3.10305
98,50,3.10666
100,50,3.11018
102,50,3.11351
104,50,3.1165
106,50,3.11902
108,50,3.12092
110,50,3.12208
112,50,3.12235
114,50,3.1216
116,50,3.11972
118,50,3.1166
120,50,3.11214
122,50,3.10626
124,50,3.09891
126,50,3.09004
128,50,3.07964
130,50,3.06771
132,50,3.05429
134,50,3.03945
136,50,3.02325
138,50,3.00582
140,50,2.9873
142,50,2.96784
144,50,2.94763
146,50,2.92688
148,50,2.90579
150,50,2.88461
152,50,2.86358
154,50,2.84295
156,50,2.82298
158,50,2.8039
160,50,2.78597
162,50,2.76941
164,50,2.75444
166,50,2.74126
168,50,2.73004
170,50,2.72092
172,50,2.71403
174,50,2.70944
176,50,2.7072
178,50,2.70732
180,50,2.70979
-180,52,2.44284
-178,52,2.44848
-176,52,2.45656
-174,52,2.46692
-172,52,2.4794
-170,52,2.49378
-168,52,2.50981
-166,52,2.52721
-164,52,2.5457
-162,52,2.56496
-160,52,2.58468
-158,52,2.60453
-156,52,2.62419
-154,52,2.64333
-152,52,2.66164
-150,52,2.67884
-148,52,2.69465
-146,52,2.70883
-144,52,2.72115
-142,52,2.73142
-140,52,2.73951
-138,52,2.7453
-136,52,2.74871
-134,52,2.74971
-132,52,2.74832
-130,52,2.74457
-128,52,2.73857
-126,52,2.73045
-124,52,2.72036
-122,52,2.70851
-120,52,2.69513
-118,52,2.68048
-116,52,2.66485
-114,52,2.64852
-112,52,2.63183
-110,52,2.61509
-108,52,2.59863
-106,52,2.58277
-104,52,2.56782
-102,52,2.55408
-100,52,2.54184
-98,52,2.53135
-96,52,2.52283
-94,52,2.51646
-92,52,2.51241
-90,52,2.51077
-88,52,2.51162
-86,52,2.51497
-84,52,2.5208
-82,52,2.52904
-80,52,2.53958
-78,52,2.55227
-76,52,2.56693
-74,52,2.58333
-72,52,2.60124
-70,52,2.62039
-68,52,2.64051
-66,52,2.6613
-64,52,2.68247
-62,52,2.70373
-60,52,2.7248
-58,52,2.74541
-56,52,2.7653
-54,52,2.78423
-52,52,2.80199
-50,52,2.81839
-48,52,2.83326
-46,52,2.84647
-44,52,2.8579
-42,52,2.86749
-40,52,2.87518
-38,52,2.88094
-36,52,2.88478
-34,52,2.88673
-32,52,2.88685
-30,52,2.88521
-28,52,2.88192
-26,52,2.87711
-24,52,2.8709
-22,52,2.86347
-20,52,2.85498
-18,52,2.84562
-16,52,2.83559
-14,52,2.82507
-12,52,2.81429
-10,52,2.80343
-8,52,2.79271
-6,52,2.78232
-4,52,2.77245
-2,52,2.76327
0,52,2.75493
2,52,2.74757
4,52,2.74132
6,52,2.73627
8,52,2.73248
10,52,2.73
12,52,2.72884
14,52,2.72898
16,52,2.7304
18,52,2.73301
20,52,2.73674
22,52,2.74147
24,52,2.74706
26,52,2.75337
28,52,2.76025
30,52,2.76752
32,52,2.77501
34,52,2.78256
36,52,2.79
38,52,2.79716
40,52,2.80393
42,52,2.81015
44,52,2.81575
46,52,2.82062
48,52,2.82472
50,52,2.82801
52,52,2.83049
54,52,2.83219
56,52,2.83316
58,52,2.83345
60,52,2.83317
62,52,2.83242
64,52,2.83133
66,52,2.83002
68,52,2.82862
70,52,2.82726
72,52,2.82608
74,52,2.82518
76,52,2.82467
78,52,2.82463
80,52,2.82513
82,52,2.82621
84,52,2.82789
86,52,2.83017
88,52,2.83301
90,52,2.83637
92,52,2.84018
94,52,2.84435
96,52,2.84877
98,52,2.85332
100,52,2.85786
102,52,2.86225
104,52,2.86634
106,52,2.86997
108,52,2.87298
110,52,2.87521
112,52,2.87651
114,52,2.87672
116,52,2.87571
118,52,2.87335
120,52,2.86952
122,52,2.86412
124,52,2.85709
126,52,2.84838
128,52,2.83794
130,52,2.8258
132,52,2.81197
134,52,2.79651
136,52,2.77952
138,52,2.76112
140,52,2.74144
142,52,2.72068
144,52,2.69902
146,52,2.6767
148,52,2.65397
150,52,2.63107
152,52,2.6083
154,52,2.58591
156,52,2.56421
158,52,2.54348
160,52,2.52398
162,52,2.50598
164,52,2.48972
166,52,2.47543
168,52,2.46331
170,52,2.45351
172,52,2.44618
174,52,2.44141
176,52,2.43926
178,52,2.43975
180,52,2.44284
-180,54,2.17
-178,54,2.17657
-176,54,2.18585
-174,54,2.19766
-172,54,2.21182
-170,54,2.22806
-168,54,2.24612
-166,54,2.26569
-164,54,2.28644
-162,54,2.30802
-160,54,2.33008
-158,54,2.35224
-156,54,2.37414
-154,54,2.39542
-152,54,2.41574
-150,54,2.43476
-148,54,2.45217
-146,54,2.46771
-144,54,2.48113
-142,54,2.49221
-140,54,2.5008
-138,54,2.50676
-136,54,2.51002
-134,54,2.51055
-132,54,2.50834
-130,54,2.50347
-128,54,2.49603
-126,54,2.48618
-124,54,2.47409
-122,54,2.46001
-120,54,2.44418
-118,54,2.42691
-116,54,2.40852
-114,54,2.38934
-112,54,2.36973
-110,54,2.35006
-108,54,2.3307
-106,54,2.31203
-104,54,2.29438
-102,54,2.27811
-100,54,2.26354
-98,54,2.25096
-96,54,2.24062
-94,54,2.23274
-92,54,2.22749
-90,54,2.22501
-88,54,2.22535
-86,54,2.22857
-84,54,2.23461
-82,54,2.24342
-80,54,2.25486
-78,54,2.26878
-76,54,2.28494
-74,54,2.30313
-72,54,2.32304
-70,54,2.34439
-68,54,2.36686
-66,54,2.39013
-64,54,2.41385
-62,54,2.4377
-60,54,2.46136
-58,54,2.48452
-56,54,2.50689
-54,54,2.5282
-52,54,2.54821
-50,54,2.56671
-48,54,2.5835
-46,54,2.59844
-44,54,2.6114
-42,54,2.62229
-40,54,2.63106
-38,54,2.63768
-36,54,2.64216
-34,54,2.64452
-32,54,2.64484
-30,54,2.64319
-28,54,2.63969
-26,54,2.63448
-24,54,2.62772
-22,54,2.61958
-20,54,2.61026
-18,54,2.59996
-16,54,2.5889
-14,54,2.57729
-12,54,2.56538
-10,54,2.55339
-8,54,2.54154
-6,54,2.53005
-4,54,2.51913
-2,54,2.50897
0,54,2.49976
2,54,2.49163
4,54,2.48473
6,54,2.47915
8,54,2.47497
10,54,2.47223
12,54,2.47095
14,54,2.47111
16,54,2.47265
18,54,2.4755
20,54,2.47956
22,54,2.48469
24,54,2.49075
26,54,2.49756
28,54,2.50495
30,54,2.51271
32,54,2.52067
34,54,2.52863
36,54,2.53641
38,54,2.54382
40,54,2.55072
42,54,2.55697
44,54,2.56246
46,54,2.56709
48,54,2.57082
50,54,2.57362
52,54,2.57549
54,54,2.57646
56,54,2.57661
58,54,2.57601
60,54,2.57479
62,54,2.57306
64,54,2.57099
66,54,2.56872
68,54,2.56641
70,54,2.56421
72,54,2.56227
74,54,2.56073
76,54,2.55971
78,54,2.5593
80,54,2.55958
82,54,2.56059
84,54,2.56237
86,54,2.5649
88,54,2.56815
90,54,2.57207
92,54,2.57657
94,54,2.58157
96,54,2.58692
98,54,2.5925
100,54,2.59816
102,54,2.60372
104,54,2.60902
106,54,2.61389
108,54,2.61813
110,54,2.62156
112,54,2.62402
114,54,2.62533
116,54,2.62532
118,54,2.62385
120,54,2.62079
122,54,2.61601
124,54,2.60943
126,54,2.60098
128,54,2.59062
130,54,2.57835
132,54,2.56418
134,54,2.54819
136,54,2.53045
138,54,2.5111
140,54,2.4903
142,54,2.46823
144,54,2.44513
146,54,2.42123
148,54,2.39681
150,54,2.37215
152,54,2.34758
154,54,2.32339
156,54,2.2999
158,54,2.27744
160,54,2.2563
162,54,2.2368
164,54,2.21919
166,54,2.20374
168,54,2.19067
170,54,2.18017
172,54,2.17238
174,54,2.16743
176,54,2.16538
178,54,2.16624
180,54,2.17
-180,56,1.89168
-178,56,1.89925
-176,56,1.90979
-174,56,1.92313
-172,56,1.93904
-170,56,1.95724
-168,56,1.97744
-166,56,1.99928
-164,56,2.02241
-162,56,2.04642
-160,56,2.07092
-158,56,2.09549
-156,56,2.11973
-154,56,2.14324
-152,56,2.16562
-150,56,2.18652
-148,56,2.20558
-146,56,2.22251
-144,56,2.23702
-142,56,2.24889
-140,56,2.25794
-138,56,2.26402
-136,56,2.26704
-134,56,2.26698
-132,56,2.26383
-130,56,2.25768
-128,56,2.24864
-126,56,2.23686
-124,56,2.22258
-122,56,2.20603
-120,56,2.18752
-118,56,2.16738
-116,56,2.14597
-114,56,2.12367
-112,56,2.10088
-110,56,2.07802
-108,56,2.05551
-106,56,2.03376
-104,56,2.01317
-102,56,1.99414
-100,56,1.97703
-98,56,1.96216
-96,56,1.94983
-94,56,1.94029
-92,56,1.93373
-90,56,1.9303
-88,56,1.9301
-86,56,1.93314
-84,56,1.93941
-82,56,1.94883
-80,56,1.96124
-78,56,1.97647
-76,56,1.99428
-74,56,2.01438
-72,56,2.03647
-70,56,2.06022
-68,56,2.08525
-66,56,2.1112
-64,56,2.1377
-62,56,2.16437
-60,56,2.19085
-58,56,2.2168
-56,56,2.24188
-54,56,2.26579
-52,56,2.28827
-50,56,2.30906
-48,56,2.32797
-46,56,2.34482
-44,56,2.35947
-42,56,2.37182
-40,56,2.38182
-38,56,2.38942
-36,56,2.39463
-34,56,2.3975
-32,56,2.39808
-30,56,2.39647
-28,56,2.39281
-26,56,2.38724
-24,56,2.37994
-22,56,2.3711
-20,56,2.36094
-18,56,2.34968
-16,56,2.33757
-14,56,2.32485
-12,56,2.31177
-10,56,2.2986
-8,56,2.28558
-6,56,2.27295
-4,56,2.26095
-2,56,2.24979
0,56,2.23966
2,56,2.23074
4,56,2.22316
6,56,2.21704
8,56,2.21245
10,56,2.20946
12,56,2.20805
14,56,2.20822
16,56,2.2099
18,56,2.21299
20,56,2.21739
22,56,2.22293
24,56,2.22945
26,56,2.23675
28,56,2.24463
30,56,2.25288
32,56,2.26127
34,56,2.2696
36,56,2.27766
38,56,2.28525
40,56,2.29222
42,56,2.2984
44,56,2.30367
46,56,2.30795
48,56,2.31119
50,56,2.31335
52,56,2.31446
54,56,2.31456
56,56,2.31374
58,56,2.31209
60,56,2.30977
62,56,2.30693
64,56,2.30373
66,56,2.30036
68,56,2.29701
70,56,2.29386
72,56,2.29107
74,56,2.2888
76,56,2.28719
78,56,2.28636
80,56,2.28637
82,56,2.2873
84,56,2.28917
86,56,2.29196
88,56,2.29564
90,56,2.30015
92,56,2.30541
94,56,2.31128
96,56,2.31764
98,56,2.32434
100,56,2.33119
102,56,2.33803
104,56,2.34465
106,56,2.35087
108,56,2.35646
110,56,2.36124
112,56,2.365
114,56,2.36754
116,56,2.36868
118,56,2.36825
120,56,2.36609
122,56,2.36207
124,56,2.35606
126,56,2.34801
128,56,2.33784
130,56,2.32554
132,56,2.31114
134,56,2.29468
136,56,2.27626
138,56,2.25602
140,56,2.23412
142,56,2.21078
144,56,2.18623
146,56,2.16074
148,56,2.13462
150,56,2.10818
152,56,2.08176
154,56,2.05572
156,56,2.0304
158,56,2.00615
160,56,1.98333
162,56,1.96226
164,56,1.94326
166,56,1.9266
168,56,1.91255
170,56,1.90131
172,56,1.89305
174,56,1.88791
176,56,1.88596
178,56,1.88723
180,56,1.89168
-180,58,1.60834
-178,58,1.61694
-176,58,1.62881
-174,58,1.64374
-172,58,1.66149
-170,58,1.68175
-168,58,1.70418
-166,58,1.7284
-164,58,1.75399
-162,58,1.78053
-160,58,1.80757
-158,58,1.83464
-156,58,1.86131
-154,58,1.88711
-152,58,1.91162
-150,58,1.93443
-148,58,1.95517
-146,58,1.97348
-144,58,1.98908
-142,58,2.00171
-140,58,2.01116
-138,58,2.01728
-136,58,2.01997
-134,58,2.0192
-132,58,2.01498
-130,58,2.00739
-128,58,1.99655
-126,58,1.98266
-124,58,1.96596
-122,58,1.94672
-120,58,1.92529
-118,58,1.90202
-116,58,1.87732
-114,58,1.85163
-112,58,1.82539
-110,58,1.79907
-108,58,1.77314
-106,58,1.74806
-104,58,1.72428
-102,58,1.70225
-100,58,1.68238
-98,58,1.66503
-96,58,1.65053
-94,58,1.63918
-92,58,1.63119
-90,58,1.62674
-88,58,1.62592
-86,58,1.62877
-84,58,1.63527
-82,58,1.64533
-80,58,1.65879
-78,58,1.67544
-76,58,1.69501
-74,58,1.7172
-72,58,1.74164
-70,58,1.76797
-68,58,1.79578
-66,58,1.82465
-64,58,1.85416
-62,58,1.88389
-60,58,1.91344
-58,58,1.94241
-56,58,1.97044
-54,58,1.99719
-52,58,2.02236
-50,58,2.04567
-48,58,2.0669
-46,58,2.08585
-44,58,2.10237
-42,58,2.11634
-40,58,2.1277
-38,58,2.13642
-36,58,2.14249
-34,58,2.14595
-32,58,2.14688
-30,58,2.1454
-28,58,2.14162
-26,58,2.13573
-24,58,2.12792
-22,58,2.11839
-20,58,2.10739
-18,58,2.09517
-16,58,2.08199
-14,58,2.06812
-12,58,2.05386
-10,58,2.03948
-8,58,2.02525
-6,58,2.01145
-4,58,1.99833
-2,58,1.98613
0,58,1.97506
2,58,1.9653
4,58,1.95703
6,58,1.95034
8,58,1.94535
10,58,1.94208
12,58,1.94054
14,58,1.94072
16,58,1.94253
18,58,1.94587
20,58,1.95059
22,58,1.95654
24,58,1.96351
26,58,1.97129
28,58,1.97964
30,58,1.98833
32,58,1.99711
34,58,2.00576
36,58,2.01403
38,58,2.02173
40,58,2.02866
42,58,2.03466
44,58,2.03961
46,58,2.04341
48,58,2.04601
50,58,2.04739
52,58,2.04758
54,58,2.04665
56,58,2.04469
58,58,2.04184
60,58,2.03826
62,58,2.03414
64,58,2.02968
66,58,2.02508
68,58,2.02056
70,58,2.01633
72,58,2.01259
74,58,2.00951
76,58,2.00724
78,58,2.00592
80,58,2.00564
82,58,2.00646
84,58,2.0084
86,58,2.01146
88,58,2.0156
90,58,2.02073
92,58,2.02677
94,58,2.03359
96,58,2.04102
98,58,2.04891
100,58,2.05706
102,58,2.06526
104,58,2.07332
106,58,2.081
108,58,2.08808
110,58,2.09433
112,58,2.09953
114,58,2.10345
116,58,2.10589
118,58,2.10664
120,58,2.10554
122,58,2.10241
124,58,2.09713
126,58,2.0896
128,58,2.07975
130,58,2.06754
132,58,2.053
134,58,2.03618
136,58,2.01716
138,58,1.99609
140,58,1.97315
142,58,1.94856
144,58,1.92259
146,58,1.89552
148,58,1.86769
150,58,1.83946
152,58,1.81118
154,58,1.78324
156,58,1.75605
158,58,1.72998
160,58,1.70543
162,58,1.68276
164,58,1.66231
166,58,1.64442
168,58,1.62935
170,58,1.61735
172,58,1.60862
174,58,1.60329
176,58,1.60146
178,58,1.60315
180,58,1.60834
-180,60,1.3204
-178,60,1.33009
-176,60,1.34334
-174,60,1.35994
-172,60,1.3796
-170,60,1.402
-168,60,1.42675
-166,60,1.45343
-164,60,1.48159
-162,60,1.51074
-160,60,1.5404
-158,60,1.57005
-156,60,1.5992
-154,60,1.62735
-152,60,1.65403
-150,60,1.67879
-148,60,1.70121
-146,60,1.72091
-144,60,1.73757
-142,60,1.7509
-140,60,1.76069
-138,60,1.76676
-136,60,1.76901
-134,60,1.7674
-132,60,1.76195
-130,60,1.75275
-128,60,1.73994
-126,60,1.72373
-124,60,1.70438
-122,60,1.68221
-120,60,1.6576
-118,60,1.63094
-116,60,1.6027
-114,60,1.57334
-112,60,1.54337
-110,60,1.51331
-108,60,1.48368
-106,60,1.455
-104,60,1.42778
-102,60,1.40251
-100,60,1.37965
-98,60,1.35961
-96,60,1.34278
-94,60,1.32946
-92,60,1.31992
-90,60,1.31435
-88,60,1.31286
-86,60,1.3155
-84,60,1.32224
-82,60,1.33299
-80,60,1.34757
-78,60,1.36574
-76,60,1.38722
-74,60,1.41165
-72,60,1.43863
-70,60,1.46776
-68,60,1.49856
-66,60,1.53058
-64,60,1.56335
-62,60,1.59639
-60,60,1.62926
-58,60,1.66151
-56,60,1.69274
-54,60,1.72258
-52,60,1.75067
-50,60,1.77673
-48,60,1.80049
-46,60,1.82175
-44,60,1.84032
-42,60,1.85609
-40,60,1.86898
-38,60,1.87895
-36,60,1.886
-34,60,1.89017
-32,60,1.89156
-30,60,1.89026
-28,60,1.88644
-26,60,1.88028
-24,60,1.87198
-22,60,1.86179
-20,60,1.84997
-18,60,1.83678
-16,60,1.82253
-14,60,1.80751
-12,60,1.79203
-10,60,1.77641
-8,60,1.76095
-6,60,1.74594
-4,60,1.73167
-2,60,1.7184
0,60,1.70636
2,60,1.69575
4,60,1.68675
6,60,1.67949
8,60,1.67406
10,60,1.67051
12,60,1.66884
14,60,1.66901
16,60,1.67094
18,60,1.67451
20,60,1.67956
22,60,1.68589
24,60,1.69329
26,60,1.70151
28,60,1.7103
30,60,1.71938
32,60,1.7285
34,60,1.73738
36,60,1.74579
38,60,1.75349
40,60,1.76027
42,60,1.76597
44,60,1.77046
46,60,1.77363
48,60,1.77544
50,60,1.77589
52,60,1.775
54,60,1.77286
56,60,1.7696
58,60,1.76538
60,60,1.76038
62,60,1.75482
64,60,1.74893
66,60,1.74296
68,60,1.73714
70,60,1.73173
72,60,1.72693
74,60,1.72295
76,60,1.71996
78,60,1.7181
80,60,1.71747
82,60,1.71815
84,60,1.72016
86,60,1.72349
88,60,1.72809
90,60,1.73389
92,60,1.74075
94,60,1.74856
96,60,1.75713
98,60,1.76628
100,60,1.77581
102,60,1.78548
104,60,1.79507
106,60,1.80434
108,60,1.81303
110,60,1.82089
112,60,1.82767
114,60,1.83312
116,60,1.837
118,60,1.8391
120,60,1.8392
122,60,1.83713
124,60,1.83272
126,60,1.82586
128,60,1.81646
130,60,1.80448
132,60,1.78993
134,60,1.77283
136,60,1.75331
138,60,1.73149
140,60,1.70757
142,60,1.68179
144,60,1.65444
146,60,1.62582
148,60,1.5963
150,60,1.56626
152,60,1.53612
154,60,1.50628
156,60,1.47719
158,60,1.44928
160,60,1.42296
162,60,1.39866
164,60,1.37675
166,60,1.35759
168,60,1.34149
170,60,1.32872
172,60,1.3195
174,60,1.31399
176,60,1.31229
178,60,1.31443
180,60,1.3204
-180,62,1.02831
-178,62,1.03913
-176,62,1.05383
-174,62,1.07216
-172,62,1.09381
-170,62,1.11842
-168,62,1.14557
-166,62,1.17479
-164,62,1.20558
-162,62,1.23743
-160,62,1.26977
-158,62,1.30206
-156,62,1.33375
-154,62,1.36429
-152,62,1.39316
-150,62,1.41987
-148,62,1.44397
-146,62,1.46503
-144,62,1.48271
-142,62,1.49669
-140,62,1.50673
-138,62,1.51266
-136,62,1.51435
-134,62,1.51176
-132,62,1.50492
-130,62,1.49392
-128,62,1.47894
-126,62,1.46018
-124,62,1.43796
-122,62,1.41262
-120,62,1.38457
-118,62,1.35426
-116,62,1.32218
-114,62,1.28888
-112,62,1.2549
-110,62,1.22081
-108,62,1.1872
-106,62,1.15465
-104,62,1.12372
-102,62,1.09497
-100,62,1.06889
-98,62,1.04596
-96,62,1.0266
-94,62,1.01117
-92,62,0.999955
-90,62,0.993169
-88,62,0.99095
-86,62,0.993354
-84,62,1.00035
-82,62,1.01183
-80,62,1.02762
-78,62,1.04743
-76,62,1.07095
-74,62,1.09779
-72,62,1.12752
-70,62,1.15965
-68,62,1.19368
-66,62,1.2291
-64,62,1.26538
-62,62,1.302
-60,62,1.33845
-58,62,1.37425
-56,62,1.40894
-54,62,1.44211
-52,62,1.47339
-50,62,1.50243
-48,62,1.52895
-46,62,1.55272
-44,62,1.57355
-42,62,1.59131
-40,62,1.60589
-38,62,1.61727
-36,62,1.62544
-34,62,1.63044
-32,62,1.63238
-30,62,1.63137
-28,62,1.62758
-26,62,1.6212
-24,62,1.61248
-22,62,1.60166
-20,62,1.58903
-18,62,1.57489
-16,62,1.55957
-14,62,1.54338
-12,62,1.52668
-10,62,1.50981
-8,62,1.49309
-6,62,1.47685
-4,62,1.4614
-2,62,1.44703
0,62,1.43399
2,62,1.4225
4,62,1.41276
6,62,1.4049
8,62,1.39902
10,62,1.39516
12,62,1.39334
14,62,1.39349
16,62,1.39553
18,62,1.39932
20,62,1.40466
22,62,1.41135
24,62,1.41914
26,62,1.42776
28,62,1.43693
30,62,1.44634
32,62,1.45571
34,62,1.46474
36,62,1.47318
38,62,1.48076
40,62,1.48727
42,62,1.49253
44,62,1.49641
46,62,1.49879
48,62,1.49965
50,62,1.49898
52,62,1.49683
54,62,1.49332
56,62,1.48857
58,62,1.4828
60,62,1.4762
62,62,1.46904
64,62,1.46157
66,62,1.45408
68,62,1.44684
70,62,1.44012
72,62,1.43416
74,62,1.42919
76,62,1.4254
78,62,1.42294
80,62,1.42194
82,62,1.42245
84,62,1.42451
86,62,1.42811
88,62,1.43319
90,62,1.43966
92,62,1.44739
94,62,1.45623
96,62,1.466
98,62,1.47649
100,62,1.48747
102,62,1.49871
104,62,1.50994
106,62,1.52091
108,62,1.53133
110,62,1.54094
112,62,1.54944
114,62,1.55658
116,62,1.56207
118,62,1.56567
120,62,1.56715
122,62,1.56629
124,62,1.56291
126,62,1.55688
128,62,1.54808
130,62,1.53647
132,62,1.52202
134,62,1.50478
136,62,1.48486
138,62,1.46239
140,62,1.43757
142,62,1.41067
144,62,1.38199
146,62,1.35186
148,62,1.32068
150,62,1.28887
152,62,1.25687
154,62,1.22513
156,62,1.19415
158,62,1.16437
160,62,1.13629
162,62,1.11034
164,62,1.08695
166,62,1.06651
168,62,1.04937
170,62,1.03583
172,62,1.02613
174,62,1.02045
176,62,1.0189
178,62,1.02153
180,62,1.02831
-180,64,0.732522
-178,64,0.74453
-176,64,0.760725
-174,64,0.780841
-172,64,0.804544
-170,64,0.831431
-168,64,0.861045
-166,64,0.892876
-164,64,0.926377
-162,64,0.960969
-160,64,0.996055
-158,64,1.03103
-156,64,1.06528
-154,64,1.09823
-152,64,1.12931
-150,64,1.15796
-148,64,1.18371
-146,64,1.2061
-144,64,1.22473
-142,64,1.23928
-140,64,1.24949
-138,64,1.25514
-136,64,1.25614
-134,64,1.25242
-132,64,1.24402
-130,64,1.23104
-128,64,1.21367
-126,64,1.19216
-124,64,1.16682
-122,64,1.13806
-120,64,1.1063
-118,64,1.07205
-116,64,1.03587
-114,64,0.998324
-112,64,0.960034
-110,64,0.921631
-108,64,0.883758
-106,64,0.847055
-104,64,0.812151
-102,64,0.77965
-100,64,0.750122
-98,64,0.724089
-96,64,0.702018
-94,64,0.68431
-92,64,0.671289
-90,64,0.663197
-88,64,0.660192
-86,64,0.662337
-84,64,0.669605
-82,64,0.681876
-80,64,0.698944
-78,64,0.720521
-76,64,0.74624
-74,64,0.775674
-72,64,0.808338
-70,64,0.843703
-68,64,0.881212
-66,64,0.920287
-64,64,0.960346
-62,64,1.00081
-60,64,1.04112
-58,64,1.08074
-56,64,1.11917
-54,64,1.15595
-52,64,1.19066
-50,64,1.22293
-48,64,1.25245
-46,64,1.27896
-44,64,1.30226
-42,64,1.32219
-40,64,1.33866
-38,64,1.35161
-36,64,1.36105
-34,64,1.36702
-32,64,1.36963
-30,64,1.369
-28,64,1.36533
-26,64,1.35882
-24,64,1.34972
-22,64,1.33832
-20,64,1.32492
-18,64,1.30986
-16,64,1.29347
-14,64,1.27613
-12,64,1.2582
-10,64,1.24006
-8,64,1.22206
-6,64,1.20457
-4,64,1.18792
-2,64,1.17243
0,64,1.15837
2,64,1.14598
4,64,1.13547
6,64,1.12699
8,64,1.12064
10,64,1.11646
12,64,1.11446
14,64,1.11457
16,64,1.11669
18,64,1.12066
20,64,1.12626
22,64,1.13327
24,64,1.1414
26,64,1.15036
28,64,1.15983
30,64,1.16948
32,64,1.179
34,64,1.18808
36,64,1.19642
38,64,1.20375
40,64,1.20984
42,64,1.21451
44,64,1.2176
46,64,1.21902
48,64,1.21874
50,64,1.21677
52,64,1.21318
54,64,1.20809
56,64,1.20168
58,64,1.19416
60,64,1.1858
62,64,1.17686
64,64,1.16766
66,64,1.15851
68,64,1.14971
70,64,1.14155
72,64,1.13433
74,64,1.12828
76,64,1.12361
78,64,1.1205
80,64,1.11906
82,64,1.11938
84,64,1.12147
86,64,1.12533
88,64,1.13089
90,64,1.13806
92,64,1.14669
94,64,1.15661
96,64,1.16763
98,64,1.17952
100,64,1.19204
102,64,1.20493
104,64,1.21792
106,64,1.23071
108,64,1.243
110,64,1.25449
112,64,1.26487
114,64,1.27384
116,64,1.28111
118,64,1.28638
120,64,1.2894
122,64,1.28992
124,64,1.28775
126,64,1.28271
128,64,1.27467
130,64,1.26357
132,64,1.24938
134,64,1.23213
136,64,1.21192
138,64,1.18891
140,64,1.1633
142,64,1.13537
144,64,1.10543
146,64,1.07386
148,64,1.04107
150,64,1.00752
152,64,0.973694
154,64,0.940087
156,64,0.907218
158,64,0.875602
160,64,0.845752
162,64,0.81816
164,64,0.793293
166,64,0.771581
168,64,0.753407
170,64,0.739102
172,64,0.728934
174,64,0.723105
176,64,0.721739
178,64,0.724888
180,64,0.732522
-180,66,0.433484
-178,66,0.446726
-176,66,0.464471
-174,66,0.486433
-172,66,0.512246
-170,66,0.541471
-168,66,0.573609
-166,66,0.608104
-164,66,0.644359
-162,66,0.681743
-160,66,0.719605
-158,66,0.757285
-156,66,0.794126
-154,66,0.829486
-152,66,0.862746
-150,66,0.893323
-148,66,0.920679
-146,66,0.944328
-144,66,0.963847
-142,66,0.978875
-140,66,0.989127
-138,66,0.994394
-136,66,0.994546
-134,66,0.989533
-132,66,0.979391
-130,66,0.964236
-128,66,0.944267
-126,66,0.919759
-124,66,0.891065
-122,66,0.858608
-120,66,0.822876
-118,66,0.784415
-116,66,0.743825
-114,66,0.701744
-112,66,0.658845
-110,66,0.615825
-108,66,0.573389
-106,66,0.532244
-104,66,0.493083
-102,66,0.456575
-100,66,0.423349
-98,66,0.393988
-96,66,0.369009
-94,66,0.348859
-92,66,0.333902
-90,66,0.324409
-88,66,0.320558
-86,66,0.322424
-84,66,0.329979
-82,66,0.343096
-80,66,0.361546
-78,66,0.385012
-76,66,0.413092
-74,66,0.445309
-72,66,0.481129
-70,66,0.519968
-68,66,0.561206
-66,66,0.604206
-64,66,0.648325
-62,66,0.692923
-60,66,0.737383
-58,66,0.781112
-56,66,0.82356
-54,66,0.864218
-52,66,0.902629
-50,66,0.938391
-48,66,0.97116
-46,66,1.00065
-44,66,1.02664
-42,66,1.04895
-40,66,1.06749
-38,66,1.08219
-36,66,1.09306
-34,66,1.10015
-32,66,1.10356
-30,66,1.10344
-28,66,1.09999
-26,66,1.09343
-24,66,1.08403
-22,66,1.07211
-20,66,1.05799
-18,66,1.04203
-16,66,1.02461
-14,66,1.00612
-12,66,0.986972
-10,66,0.96756
-8,66,0.948286
-6,66,0.929535
-4,66,0.911673
-2,66,0.895039
0,66,0.879936
2,66,0.866626
4,66,0.855326
6,66,0.846198
8,66,0.839348
10,66,0.834826
12,66,0.83262
14,66,0.832661
16,66,0.834822
18,66,0.838925
20,66,0.84474
22,66,0.851999
24,66,0.8604
26,66,0.869613
28,66,0.879292
30,66,0.889085
32,66,0.898643
34,66,0.907629
36,66,0.915726
38,66,0.922651
40,66,0.928157
42,66,0.932046
44,66,0.93417
46,66,0.934439
48,66,0.932821
50,66,0.929346
52,66,0.924105
54,66,0.917245
56,66,0.90897
58,66,0.899528
60,66,0.889208
62,66,0.878329
64,66,0.867229
66,66,0.856256
68,66,0.845753
70,66,0.836048
72,66,0.827448
74,66,0.820222
76,66,0.814601
78,66,0.810765
80,66,0.808848
82,66,0.808929
84,66,0.811036
86,66,0.815147
88,66,0.821194
90,66,0.829067
92,66,0.838616
94,66,0.849658
96,66,0.86198
98,66,0.875343
100,66,0.889486
102,66,0.904126
104,66,0.918966
106,66,0.933693
108,66,0.947983
110,66,0.961503
112,66,0.973918
114,66,0.984893
116,66,0.994099
118,66,1.00122
120,66,1.00596
122,66,1.00805
124,66,1.00726
126,66,1.00338
128,66,0.996276
130,66,0.98585
132,66,0.972067
134,66,0.954955
136,66,0.934605
138,66,0.911173
140,66,0.884882
142,66,0.856015
144,66,0.824916
146,66,0.791984
148,66,0.757664
150,66,0.722444
152,66,0.686844
154,66,0.651409
156,66,0.616696
158,66,0.583269
160,66,0.551682
162,66,0.522472
164,66,0.49615
166,66,0.473184
168,66,0.453998
170,66,0.438953
172,66,0.428344
174,66,0.422395
176,66,0.421245
178,66,0.424951
180,66,0.433484
-180,68,0.13165
-178,68,0.146175
-176,68,0.165522
-174,68,0.189382
-172,68,0.217356
-170,68,0.248968
-168,68,0.283676
-166,68,0.320876
-164,68,0.35992
-162,68,0.400122
-160,68,0.440777
-158,68,0.48117
-156,68,0.520591
-154,68,0.558343
-152,68,0.593758
-150,68,0.626208
-148,68,0.655112
-146,68,0.679947
-144,68,0.700256
-142,68,0.715652
-140,68,0.72583
-138,68,0.730563
-136,68,0.729715
-134,68,0.723234
-132,68,0.711159
-130,68,0.693618
-128,68,0.670827
-126,68,0.643087
-124,68,0.61078
-122,68,0.574367
-120,68,0.53438
-118,68,0.491413
-116,68,0.446118
-114,68,0.399194
-112,68,0.351377
-110,68,0.303428
-108,68,0.256121
-106,68,0.210231
-104,68,0.166522
-102,68,0.12573
-100,68,0.0885516
-98,68,0.0556288
-96,68,0.0275371
-94,68,0.00477234
-92,68,-0.0122599
-90,68,-0.023254
-88,68,-0.028011
-86,68,-0.0264437
-84,68,-0.0185786
-82,68,-0.00455491
-80,68,0.0153793
-78,68,0.0408739
-76,68,0.0714857
-74,68,0.106691
-72,68,0.145897
-70,68,0.18846
-68,68,0.233697
-66,68,0.280906
-64,68,0.329377
-62,68,0.378406
-60,68,0.427314
-58,68,0.475451
-56,68,0.522212
-54,68,0.56704
-52,68,0.609434
-50,68,0.648957
-48,68,0.685231
-46,68,0.717945
-44,68,0.746852
-42,68,0.77177
-40,68,0.792581
-38,68,0.809223
-36,68,0.821699
-34,68,0.830063
-32,68,0.834424
-30,68,0.834941
-28,68,0.831821
-26,68,0.825314
-24,68,0.815711
-22,68,0.803339
-20,68,0.788558
-18,68,0.771756
-16,68,0.753341
-14,68,0.73374
-12,68,0.713387
-10,68,0.69272
-8,68,0.67217
-6,68,0.652155
-4,68,0.633072
-2,68,0.615287
0,68,0.599127
2,68,0.584876
4,68,0.572765
6,68,0.562966
8,68,0.555591
10,68,0.550688
12,68,0.54824
14,68,0.548164
16,68,0.550318
18,68,0.554499
20,68,0.560457
22,68,0.567892
24,68,0.576473
26,68,0.585839
28,68,0.595615
30,68,0.605417
32,68,0.614869
34,68,0.623609
36,68,0.631298
38,68,0.637637
40,68,0.642368
42,68,0.645283
44,68,0.646235
46,68,0.645137
48,68,0.641969
50,68,0.636777
52,68,0.629672
54,68,0.620829
56,68,0.610481
58,68,0.598912
60,68,0.586445
62,68,0.57344
64,68,0.560271
66,68,0.547324
68,68,0.534978
70,68,0.523593
72,68,0.513504
74,68,0.505005
76,68,0.498344
78,68,0.493716
80,68,0.491261
82,68,0.491064
84,68,0.493151
86,68,0.497497
88,68,0.504026
90,68,0.512617
92,68,0.523111
94,68,0.535309
96,68,0.548986
98,68,0.563885
100,68,0.579727
102,68,0.596211
104,68,0.613017
106,68,0.629809
108,68,0.646236
110,68,0.661937
112,68,0.676546
114,68,0.689695
116,68,0.701021
118,68,0.710174
120,68,0.716823
122,68,0.720665
124,68,0.721434
126,68,0.718907
128,68,0.712912
130,68,0.703335
132,68,0.690128
134,68,0.673308
136,68,0.652965
138,68,0.629256
140,68,0.602415
142,68,0.572739
144,68,0.540593
146,68,0.506401
148,68,0.470641
150,68,0.433834
152,68,0.396541
154,68,0.359346
156,68,0.322853
158,68,0.287669
160,68,0.254394
162,68,0.223612
164,68,0.195877
166,68,0.171699
168,68,0.151538
170,68,0.135791
172,68,0.124781
174,68,0.118752
176,68,0.11786
178,68,0.12217
180,68,0.13165
-180,70,-0.17253
-178,70,-0.156671
-176,70,-0.135671
-174,70,-0.109867
-172,70,-0.0796878
-170,70,-0.0456483
-168,70,-0.0083369
-166,70,0.0315946
-164,70,0.0734441
-162,70,0.116473
-160,70,0.159919
-158,70,0.203011
-156,70,0.244984
-154,70,0.285088
-152,70,0.322606
-150,70,0.356862
-148,70,0.387233
-146,70,0.413158
-144,70,0.434146
-142,70,0.449786
-140,70,0.459749
-138,70,0.463796
-136,70,0.461779
-134,70,0.453645
-132,70,0.439438
-130,70,0.419296
-128,70,0.393453
-126,70,0.362236
-124,70,0.326057
-122,70,0.285415
-120,70,0.240885
-118,70,0.193113
-116,70,0.142806
-114,70,0.0907238
-112,70,0.0376668
-110,70,-0.0155349
-108,70,-0.068035
-106,70,-0.118985
-104,70,-0.167547
-102,70,-0.212914
-100,70,-0.254317
-98,70,-0.291047
-96,70,-0.322469
-94,70,-0.348031
-92,70,-0.367284
-90,70,-0.379885
-88,70,-0.385611
-86,70,-0.384361
-84,70,-0.37616
-82,70,-0.361159
-80,70,-0.33963
-78,70,-0.311956
-76,70,-0.278626
-74,70,-0.240216
-72,70,-0.197378
-70,70,-0.150823
-68,70,-0.1013
-66,70,-0.049583
-64,70,0.0035469
-62,70,0.0573198
-60,70,0.110989
-58,70,0.163845
-56,70,0.215226
-54,70,0.264522
-52,70,0.311191
-50,70,0.354753
-48,70,0.3948
-46,70,0.430992
-44,70,0.463062
-42,70,0.490813
-40,70,0.514112
-38,70,0.532897
-36,70,0.547166
-34,70,0.556977
-32,70,0.562446
-30,70,0.563743
-28,70,0.561089
-26,70,0.554752
-24,70,0.545044
-22,70,0.532316
-20,70,0.516955
-18,70,0.499378
-16,70,0.480024
-14,70,0.459352
-12,70,0.437832
-10,70,0.415935
-8,70,0.394126
-6,70,0.372856
-4,70,0.352554
-2,70,0.333614
0,70,0.316388
2,70,0.301179
4,70,0.288235
6,70,0.277739
8,70,0.269807
10,70,0.264484
12,70,0.261747
14,70,0.261501
16,70,0.263583
18,70,0.26777
20,70,0.273784
22,70,0.281298
24,70,0.289949
26,70,0.299344
28,70,0.309078
30,70,0.318737
32,70,0.327916
34,70,0.336231
36,70,0.343322
38,70,0.348873
40,70,0.352615
42,70,0.354337
44,70,0.353892
46,70,0.351198
48,70,0.346249
50,70,0.339108
52,70,0.32991
54,70,0.318859
56,70,0.306221
58,70,0.292313
60,70,0.2775
62,70,0.262178
64,70,0.246764
66,70,0.231679
68,70,0.21734
70,70,0.204141
72,70,0.192442
74,70,0.182563
76,70,0.17477
78,70,0.169272
80,70,0.166217
82,70,0.165691
84,70,0.167722
86,70,0.17228
88,70,0.179282
90,70,0.188597
92,70,0.200055
94,70,0.213445
96,70,0.228527
98,70,0.245029
100,70,0.262654
102,70,0.281083
104,70,0.299971
106,70,0.31896
108,70,0.33767
110,70,0.355711
112,70,0.372684
114,70,0.388186
116,70,0.401818
118,70,0.413194
120,70,0.421946
122,70,0.427736
124,70,0.430264
126,70,0.429277
128,70,0.424579
130,70,0.416035
132,70,0.403581
134,70,0.387223
136,70,0.367049
138,70,0.34322
140,70,0.315975
142,70,0.28563
144,70,0.252569
146,70,0.217242
148,70,0.180157
150,70,0.141873
152,70,0.102987
154,70,0.0641271
156,70,0.0259399
158,70,-0.0109214
160,70,-0.0458091
162,70,-0.0780944
164,70,-0.107179
166,70,-0.132509
168,70,-0.153587
170,70,-0.169981
172,70,-0.181338
174,70,-0.187393
176,70,-0.187974
178,70,-0.18301
180,70,-0.17253
-180,72,-0.478609
-178,72,-0.461363
-176,72,-0.438663
-174,72,-0.410871
-172,72,-0.37845
-170,72,-0.341954
-168,72,-0.302019
-166,72,-0.259345
-164,72,-0.214689
-162,72,-0.168844
-160,72,-0.122631
-158,72,-0.076875
-156,72,-0.0323988
-154,72,0.00999622
-152,72,0.0495419
-150,72,0.0855156
-148,72,0.117252
-146,72,0.144152
-144,72,0.165693
-142,72,0.181437
-140,72,0.191032
-138,72,0.194225
-136,72,0.190859
-134,72,0.180879
-132,72,0.164332
-130,72,0.141368
-128,72,0.112238
-126,72,0.0772919
-124,72,0.0369758
-122,72,-0.00817494
-120,72,-0.0575403
-118,72,-0.110424
-116,72,-0.16606
-114,72,-0.223628
-112,72,-0.282259
-110,72,-0.34105
-108,72,-0.39908
-106,72,-0.455422
-104,72,-0.509162
-102,72,-0.559411
-100,72,-0.605327
-98,72,-0.646128
-96,72,-0.681111
-94,72,-0.709668
-92,72,-0.731297
-90,72,-0.745618
-88,72,-0.752377
-86,72,-0.751462
-84,72,-0.742895
-82,72,-0.72684
-80,72,-0.703593
-78,72,-0.673575
-76,72,-0.637324
-74,72,-0.595472
-72,72,-0.548739
-70,72,-0.497903
-68,72,-0.44379
-66,72,-0.387249
-64,72,-0.329135
-62,72,-0.27029
-60,72,-0.211531
-58,72,-0.153631
-56,72,-0.0973129
-54,72,-0.0432365
-52,72,0.00800655
-50,72,0.0558976
-48,72,0.0999939
-46,72,0.139929
-44,72,0.175414
-42,72,0.206235
-40,72,0.23225
-38,72,0.25339
-36,72,0.269651
-34,72,0.281094
-32,72,0.287844
-30,72,0.290081
-28,72,0.28804
-26,72,0.282007
-24,72,0.272316
-22,72,0.259341
-20,72,0.243496
-18,72,0.225227
-16,72,0.205007
-14,72,0.183328
-12,72,0.160691
-10,72,0.137604
-8,72,0.114568
-6,72,0.0920658
-4,72,0.0705574
-2,72,0.0504661
0,72,0.0321698
2,72,0.0159925
4,72,0.0021964
6,72,-0.00902513
8,72,-0.0175518
10,72,-0.0233396
12,72,-0.0264215
14,72,-0.0269059
16,72,-0.0249735
18,72,-0.0208714
20,72,-0.0149055
22,72,-0.00743169
24,72,0.0011549
26,72,0.0104313
28,72,0.0199591
30,72,0.0292968
32,72,0.0380125
34,72,0.0456964
36,72,0.0519722
38,72,0.0565083
40,72,0.0590272
42,72,0.0593143
44,72,0.057224
46,72,0.0526856
48,72,0.0457053
50,72,0.0363676
52,72,0.0248334
54,72,0.0113361
56,72,-0.00382477
58,72,-0.0202924
60,72,-0.0376634
62,72,-0.0555009
64,72,-0.0733479
66,72,-0.0907427
68,72,-0.107234
70,72,-0.122393
72,72,-0.135831
74,72,-0.147205
76,72,-0.156232
78,72,-0.162687
80,72,-0.166416
82,72,-0.167328
84,72,-0.165396
86,72,-0.160656
88,72,-0.153195
90,72,-0.143154
92,72,-0.130713
94,72,-0.116095
96,72,-0.099555
98,72,-0.0813786
100,72,-0.0618804
102,72,-0.0414008
104,72,-0.0203044
106,72,0.00102192
108,72,0.0221717
110,72,0.0427222
112,72,0.0622396
114,72,0.0802844
116,72,0.0964197
118,72,0.110219
120,72,0.121277
122,72,0.129218
124,72,0.133707
126,72,0.134462
128,72,0.131257
130,72,0.123937
132,72,0.112422
134,72,0.0967083
136,72,0.0768787
138,72,0.0530979
140,72,0.0256145
142,72,-0.00524246
144,72,-0.0390673
146,72,-0.075384
148,72,-0.113654
150,72,-0.153283
152,72,-0.193636
154,72,-0.234043
156,72,-0.273811
158,72,-0.312243
160,72,-0.348644
162,72,-0.382339
164,72,-0.412685
166,72,-0.439085
168,72,-0.461001
170,72,-0.477968
172,72,-0.489604
174,72,-0.495618
176,72,-0.495825
178,72,-0.490145
180,72,-0.478609
-180,74,-0.786148
-178,74,-0.76746
-176,74,-0.743012
-174,74,-0.713194
-172,74,-0.678502
-170,74,-0.639533
-168,74,-0.596966
-166,74,-0.551556
-164,74,-0.50411
-162,74,-0.455482
-160,74,-0.406545
-158,74,-0.358184
-156,74,-0.311275
-154,74,-0.266673
-152,74,-0.225197
-150,74,-0.187615
-148,74,-0.154635
-146,74,-0.126892
-144,74,-0.104942
-142,74,-0.0892514
-140,74,-0.0801903
-138,74,-0.0780291
-136,74,-0.0829335
-134,74,-0.0949614
-132,74,-0.114062
-130,74,-0.140076
-128,74,-0.172734
-126,74,-0.211663
-124,74,-0.256387
-122,74,-0.306331
-120,74,-0.360832
-118,74,-0.419141
-116,74,-0.480435
-114,74,-0.543827
-112,74,-0.608379
-110,74,-0.673113
-108,74,-0.737028
-106,74,-0.799116
-104,74,-0.858377
-102,74,-0.913839
-100,74,-0.964578
-98,74,-1.00973
-96,74,-1.04853
-94,74,-1.08029
-92,74,-1.10447
-90,74,-1.12063
-88,74,-1.12849
-86,74,-1.12793
-84,74,-1.11896
-82,74,-1.10176
-80,74,-1.07666
-78,74,-1.04412
-76,74,-1.00472
-74,74,-0.959171
-72,74,-0.908255
-70,74,-0.85283
-68,74,-0.7938
-66,74,-0.732096
-64,74,-0.668652
-62,74,-0.604389
-60,74,-0.540195
-58,74,-0.476913
-56,74,-0.415326
-54,74,-0.356148
-52,74,-0.30002
-50,74,-0.247502
-48,74,-0.199069
-46,74,-0.155118
-44,74,-0.115957
-42,74,-0.0818181
-40,74,-0.0528523
-38,74,-0.0291357
-36,74,-0.0106722
-34,74,0.00260318
-32,74,0.0108206
-30,74,0.0141718
-28,74,0.0129066
-26,74,0.00732901
-24,74,-0.00220688
-22,74,-0.0153012
-20,74,-0.0315136
-18,74,-0.0503685
-16,74,-0.0713621
-14,74,-0.0939694
-12,74,-0.117653
-10,74,-0.14187
-8,74,-0.166088
-6,74,-0.189786
-4,74,-0.212476
-2,74,-0.233703
0,74,-0.253066
2,74,-0.270219
4,74,-0.284885
6,74,-0.296861
8,74,-0.306023
10,74,-0.312329
12,74,-0.315822
14,74,-0.316624
16,74,-0.314936
18,74,-0.311029
20,74,-0.305236
22,74,-0.297944
24,74,-0.289579
26,74,-0.280596
28,74,-0.271463
30,74,-0.262652
32,74,-0.254619
34,74,-0.247797
36,74,-0.24258
38,74,-0.239311
40,74,-0.238276
42,74,-0.23969
44,74,-0.243694
46,74,-0.250347
48,74,-0.259628
50,74,-0.271428
52,74,-0.28556
54,74,-0.301758
56,74,-0.319687
58,74,-0.33895
60,74,-0.359104
62,74,-0.37967
64,74,-0.400149
66,74,-0.42004
68,74,-0.438854
70,74,-0.456131
72,74,-0.471451
74,74,-0.484449
76,74,-0.494822
78,74,-0.502333
80,74,-0.506819
82,74,-0.508186
84,74,-0.506406
86,74,-0.501519
88,74,-0.493618
90,74,-0.482851
92,74,-0.469409
94,74,-0.453525
96,74,-0.435467
98,74,-0.415537
100,74,-0.394067
102,74,-0.371417
104,74,-0.347976
106,74,-0.324158
108,74,-0.300399
110,74,-0.277157
112,74,-0.254902
114,74,-0.234113
116,74,-0.215267
118,74,-0.198833
120,74,-0.185257
122,74,-0.174953
124,74,-0.168292
126,74,-0.165589
128,74,-0.167097
130,74,-0.172992
132,74,-0.183373
134,74,-0.198251
136,74,-0.217548
138,74,-0.241097
140,74,-0.268641
142,74,-0.299834
144,74,-0.334252
146,74,-0.371392
148,74,-0.410686
150,74,-0.451504
152,74,-0.493172
154,74,-0.534979
156,74,-0.576189
158,74,-0.616058
160,74,-0.653846
162,74,-0.688831
164,74,-0.720325
166,74,-0.747689
168,74,-0.770344
170,74,-0.78779
172,74,-0.799615
174,74,-0.805508
176,74,-0.805266
178,74,-0.798801
180,74,-0.786148
-180,76,-1.09472
-178,76,-1.07453
-176,76,-1.04829
-174,76,-1.01641
-172,76,-0.979427
-170,76,-0.937977
-168,76,-0.892787
-166,76,-0.844662
-164,76,-0.794465
-162,76,-0.743103
-160,76,-0.69151
-158,76,-0.640624
-156,76,-0.591377
-154,76,-0.544676
-152,76,-0.501389
-150,76,-0.462329
-148,76,-0.428246
-146,76,-0.399812
-144,76,-0.377614
-142,76,-0.362145
-140,76,-0.353798
-138,76,-0.352856
-136,76,-0.359497
-134,76,-0.373781
-132,76,-0.395655
-130,76,-0.42495
-128,76,-0.461381
-126,76,-0.504553
-124,76,-0.553959
-122,76,-0.608987
-120,76,-0.66893
-118,76,-0.732987
-116,76,-0.800276
-114,76,-0.869844
-112,76,-0.940681
-110,76,-1.01173
-108,76,-1.08191
-106,76,-1.15012
-104,76,-1.21527
-102,76,-1.2763
-100,76,-1.3322
-98,76,-1.38202
-96,76,-1.4249
-94,76,-1.46011
-92,76,-1.48701
-90,76,-1.50514
-88,76,-1.51418
-86,76,-1.51399
-84,76,-1.50458
-82,76,-1.48614
-80,76,-1.45903
-78,76,-1.42375
-76,76,-1.38097
-74,76,-1.33144
-72,76,-1.27602
-70,76,-1.21567
-68,76,-1.15137
-66,76,-1.08414
-64,76,-1.015
-62,76,-0.944951
-60,76,-0.874961
-58,76,-0.805942
-56,76,-0.738741
-54,76,-0.674129
-52,76,-0.612796
-50,76,-0.555342
-48,76,-0.50228
-46,76,-0.45403
-44,76,-0.410926
-42,76,-0.373213
-40,76,-0.341052
-38,76,-0.314526
-36,76,-0.293638
-34,76,-0.278321
-32,76,-0.268435
-30,76,-0.26378
-28,76,-0.26409
-26,76,-0.269043
-24,76,-0.278265
-22,76,-0.291331
-20,76,-0.307775
-18,76,-0.327091
-16,76,-0.348745
-14,76,-0.372178
-12,76,-0.396818
-10,76,-0.422089
-8,76,-0.447423
-6,76,-0.472266
-4,76,-0.496096
-2,76,-0.518434
0,76,-0.53885
2,76,-0.55698
4,76,-0.572532
6,76,-0.585292
8,76,-0.595134
10,76,-0.602019
12,76,-0.606
14,76,-0.607214
16,76,-0.605881
18,76,-0.602298
20,76,-0.596826
22,76,-0.589881
24,76,-0.581921
26,76,-0.573432
28,76,-0.564912
30,76,-0.556859
32,76,-0.549757
34,76,-0.544056
36,76,-0.540168
38,76,-0.538446
40,76,-0.53918
42,76,-0.542585
44,76,-0.548795
46,76,-0.557856
48,76,-0.569727
50,76,-0.584276
52,76,-0.601286
54,76,-0.620458
56,76,-0.641417
58,76,-0.663729
60,76,-0.686907
62,76,-0.710429
64,76,-0.733756
66,76,-0.756346
68,76,-0.777672
70,76,-0.79724
72,76,-0.814602
74,76,-0.829367
76,76,-0.841215
78,76,-0.849896
80,76,-0.855235
82,76,-0.857136
84,76,-0.85557
86,76,-0.850577
88,76,-0.842258
90,76,-0.830766
92,76,-0.816301
94,76,-0.799107
96,76,-0.779465
98,76,-0.757692
100,76,-0.734137
102,76,-0.709184
104,76,-0.683245
106,76,-0.656764
108,76,-0.630211
110,76,-0.604078
112,76,-0.578877
114,76,-0.555129
116,76,-0.533355
118,76,-0.514065
120,76,-0.497749
122,76,-0.484861
124,76,-0.47581
126,76,-0.470945
128,76,-0.470543
130,76,-0.474807
132,76,-0.483849
134,76,-0.49769
136,76,-0.516257
138,76,-0.539378
140,76,-0.566788
142,76,-0.598126
144,76,-0.632947
146,76,-0.670723
148,76,-0.710855
150,76,-0.752681
152,76,-0.795487
154,76,-0.838521
156,76,-0.881006
158,76,-0.922151
160,76,-0.961171
162,76,-0.997299
164,76,-1.0298
166,76,-1.058
168,76,-1.08127
170,76,-1.09908
172,76,-1.11099
174,76,-1.11666
176,76,-1.11588
178,76,-1.10856
180,76,-1.09472
-180,78,-1.4039
-178,78,-1.38215
-176,78,-1.35407
-174,78,-1.32011
-172,78,-1.28082
-170,78,-1.23689
-168,78,-1.1891
-166,78,-1.1383
-164,78,-1.08541
-162,78,-1.03139
-160,78,-0.977229
-158,78,-0.923922
-156,78,-0.872455
-154,78,-0.823785
-152,78,-0.778828
-150,78,-0.738442
-148,78,-0.703416
-146,78,-0.67446
-144,78,-0.65219
-142,78,-0.637127
-140,78,-0.629682
-138,78,-0.630158
-136,78,-0.638741
-134,78,-0.655495
-132,78,-0.680366
-130,78,-0.713176
-128,78,-0.753629
-126,78,-0.801305
-124,78,-0.85567
-122,78,-0.916077
-120,78,-0.981775
-118,78,-1.05191
-116,78,-1.12554
-114,78,-1.20165
-112,78,-1.27916
-110,78,-1.35692
-108,78,-1.43376
-106,78,-1.50849
-104,78,-1.57993
-102,78,-1.64693
-100,78,-1.70835
-98,78,-1.76317
-96,78,-1.81045
-94,78,-1.84935
-92,78,-1.87918
-90,78,-1.89943
-88,78,-1.90974
-86,78,-1.90993
-84,78,-1.90002
-82,78,-1.88022
-80,78,-1.85093
-78,78,-1.8127
-76,78,-1.76625
-74,78,-1.71242
-72,78,-1.65216
-70,78,-1.58651
-68,78,-1.51656
-66,78,-1.44341
-64,78,-1.36818
-62,78,-1.29196
-60,78,-1.21579
-58,78,-1.14066
-56,78,-1.06749
-54,78,-0.997097
-52,78,-0.930228
-50,78,-0.867524
-48,78,-0.80953
-46,78,-0.756695
-44,78,-0.709372
-42,78,-0.667821
-40,78,-0.632214
-38,78,-0.602637
-36,78,-0.579093
-34,78,-0.56151
-32,78,-0.549744
-30,78,-0.54358
-28,78,-0.542739
-26,78,-0.546881
-24,78,-0.555611
-22,78,-0.568481
-20,78,-0.584998
-18,78,-0.604628
-16,78,-0.626805
-14,78,-0.65094
-12,78,-0.676425
-10,78,-0.702652
-8,78,-0.729016
-6,78,-0.754934
-4,78,-0.779851
-2,78,-0.80326
0,78,-0.824708
2,78,-0.843809
4,78,-0.860257
6,78,-0.873831
8,78,-0.884402
10,78,-0.891936
12,78,-0.896493
14,78,-0.898226
16,78,-0.897378
18,78,-0.894269
20,78,-0.889287
22,78,-0.882879
24,78,-0.875533
26,78,-0.867766
28,78,-0.860104
30,78,-0.853072
32,78,-0.847176
34,78,-0.842885
36,78,-0.840624
38,78,-0.840756
40,78,-0.843572
42,78,-0.849284
44,78,-0.858017
46,78,-0.869801
48,78,-0.884576
50,78,-0.902182
52,78,-0.922371
54,78,-0.944809
56,78,-0.969084
58,78,-0.994717
60,78,-1.02118
62,78,-1.04791
64,78,-1.07432
66,78,-1.09983
68,78,-1.12388
70,78,-1.14593
72,78,-1.16552
74,78,-1.18221
76,78,-1.19568
78,78,-1.20566
80,78,-1.21197
82,78,-1.2145
84,78,-1.21321
86,78,-1.20816
88,78,-1.19945
90,78,-1.18723
92,78,-1.17172
94,78,-1.15316
96,78,-1.13186
98,78,-1.10814
100,78,-1.08237
102,78,-1.05496
104,78,-1.02635
106,78,-0.997015
108,78,-0.967461
110,78,-0.938221
112,78,-0.909849
114,78,-0.882911
116,78,-0.857974
118,78,-0.835595
120,78,-0.816307
122,78,-0.800607
124,78,-0.788941
126,78,-0.781691
128,78,-0.779164
130,78,-0.781581
132,78,-0.789072
134,78,-0.801667
136,78,-0.819294
138,78,-0.841779
140,78,-0.868847
142,78,-0.900122
144,78,-0.935138
146,78,-0.973342
148,78,-1.0141
150,78,-1.05673
152,78,-1.10047
154,78,-1.14453
156,78,-1.1881
158,78,-1.23033
160,78,-1.2704
162,78,-1.30749
164,78,-1.34083
166,78,-1.3697
168,78,-1.39344
170,78,-1.41148
172,78,-1.42335
174,78,-1.42869
176,78,-1.42727
178,78,-1.419
180,78,-1.4039
-180,80,-1.71329
-178,80,-1.68992
-176,80,-1.65996
-174,80,-1.62388
-172,80,-1.58229
-170,80,-1.53591
-168,80,-1.48556
-166,80,-1.43214
-164,80,-1.37663
-162,80,-1.32004
-160,80,-1.26343
-158,80,-1.20783
-156,80,-1.15428
-154,80,-1.10379
-152,80,-1.05733
-150,80,-1.01579
-148,80,-0.979998
-146,80,-0.950704
-144,80,-0.928554
-142,80,-0.914091
-140,80,-0.90775
-138,80,-0.909849
-136,80,-0.920583
-134,80,-0.940025
-132,80,-0.968119
-130,80,-1.00468
-128,80,-1.0494
-126,80,-1.10185
-124,80,-1.16145
-122,80,-1.22754
-120,80,-1.29931
-118,80,-1.37586
-116,80,-1.4562
-114,80,-1.53923
-112,80,-1.62381
-110,80,-1.70869
-108,80,-1.79262
-106,80,-1.87432
-104,80,-1.95249
-102,80,-2.02586
-100,80,-2.09322
-98,80,-2.15343
-96,80,-2.20543
-94,80,-2.24831
-92,80,-2.28131
-90,80,-2.30383
-88,80,-2.31548
-86,80,-2.31607
-84,80,-2.30561
-82,80,-2.28433
-80,80,-2.25266
-78,80,-2.21121
-76,80,-2.16078
-74,80,-2.1023
-72,80,-2.03682
-70,80,-1.96547
-68,80,-1.88944
-66,80,-1.80995
-64,80,-1.7282
-62,80,-1.64539
-60,80,-1.56264
-58,80,-1.48101
-56,80,-1.40149
-54,80,-1.32497
-52,80,-1.25222
-50,80,-1.18394
-48,80,-1.12071
-46,80,-1.063
-44,80,-1.01118
-42,80,-0.965518
-40,80,-0.926206
-38,80,-0.893328
-36,80,-0.866887
-34,80,-0.846807
-32,80,-0.832934
-30,80,-0.825042
-28,80,-0.822838
-26,80,-0.825964
-24,80,-0.834005
-22,80,-0.846489
-20,80,-0.862899
-18,80,-0.882672
-16,80,-0.905214
-14,80,-0.929901
-12,80,-0.956097
-10,80,-0.983158
-8,80,-1.01045
-6,80,-1.03735
-4,80,-1.06328
-2,80,-1.08771
0,80,-1.11015
2,80,-1.13021
4,80,-1.14757
6,80,-1.16198
8,80,-1.17334
10,80,-1.18159
12,80,-1.18682
14,80,-1.1892
16,80,-1.18898
18,80,-1.18652
20,80,-1.18222
22,80,-1.17656
24,80,-1.17007
26,80,-1.16328
28,80,-1.15675
30,80,-1.15103
32,80,-1.14665
34,80,-1.14408
36,80,-1.14378
38,80,-1.1461
40,80,-1.15134
42,80,-1.1597
44,80,-1.17129
46,80,-1.18614
48,80,-1.20416
50,80,-1.22516
52,80,-1.24885
54,80,-1.27487
56,80,-1.30277
58,80,-1.33202
60,80,-1.36206
62,80,-1.39227
64,80,-1.42202
66,80,-1.45071
68,80,-1.47771
70,80,-1.50247
72,80,-1.52448
74,80,-1.5433
76,80,-1.55856
78,80,-1.56999
80,80,-1.57739
82,80,-1.58065
84,80,-1.57974
86,80,-1.57469
88,80,-1.56561
90,80,-1.55266
92,80,-1.53606
94,80,-1.51608
96,80,-1.49301
98,80,-1.46722
100,80,-1.43908
102,80,-1.40904
104,80,-1.37756
106,80,-1.34516
108,80,-1.31238
110,80,-1.27979
112,80,-1.248
114,80,-1.21763
116,80,-1.18928
118,80,-1.16356
120,80,-1.14106
122,80,-1.12231
124,80,-1.1078
126,80,-1.09794
128,80,-1.09306
130,80,-1.09341
132,80,-1.09913
134,80,-1.11026
136,80,-1.12673
138,80,-1.14836
140,80,-1.17486
142,80,-1.20585
144,80,-1.24083
146,80,-1.27924
148,80,-1.3204
150,80,-1.3636
152,80,-1.40804
154,80,-1.4529
156,80,-1.49732
158,80,-1.54042
160,80,-1.58132
162,80,-1.61918
164,80,-1.65317
166,80,-1.68253
168,80,-1.70656
170,80,-1.72467
172,80,-1.73635
174,80,-1.74122
176,80,-1.73905
178,80,-1.72973
180,80,-1.71329
-180,82,-2.02251
-178,82,-1.99745
-176,82,-1.96557
-174,82,-1.92737
-172,82,-1.88348
-170,82,-1.83467
-168,82,-1.78181
-166,82,-1.72585
-164,82,-1.66782
-162,82,-1.60878
-160,82,-1.54984
-158,82,-1.4921
-156,82,-1.43664
-154,82,-1.38451
-152,82,-1.33672
-150,82,-1.29422
-148,82,-1.25786
-146,82,-1.22843
-144,82,-1.2066
-142,82,-1.19295
-140,82,-1.18792
-138,82,-1.19185
-136,82,-1.20495
-134,82,-1.2273
-132,82,-1.25885
-130,82,-1.2994
-128,82,-1.34864
-126,82,-1.40611
-124,82,-1.47124
-122,82,-1.5433
-120,82,-1.62146
-118,82,-1.70478
-116,82,-1.7922
-114,82,-1.88256
-112,82,-1.97462
-110,82,-2.06708
-108,82,-2.15857
-106,82,-2.2477
-104,82,-2.33307
-102,82,-2.41329
-100,82,-2.48703
-98,82,-2.55303
-96,82,-2.61014
-94,82,-2.65732
-92,82,-2.69373
-90,82,-2.71872
-88,82,-2.73182
-86,82,-2.73282
-84,82,-2.72174
-82,82,-2.69882
-80,82,-2.66454
-78,82,-2.61958
-76,82,-2.56482
-74,82,-2.50129
-72,82,-2.43015
-70,82,-2.35265
-68,82,-2.27008
-66,82,-2.18379
-64,82,-2.09507
-62,82,-2.00522
-60,82,-1.91546
-58,82,-1.82692
-56,82,-1.74067
-54,82,-1.65764
-52,82,-1.57867
-50,82,-1.50449
-48,82,-1.43571
-46,82,-1.37282
-44,82,-1.31621
-42,82,-1.26618
-40,82,-1.2229
-38,82,-1.18646
-36,82,-1.15688
-34,82,-1.13406
-32,82,-1.11784
-30,82,-1.10798
-28,82,-1.10419
-26,82,-1.10608
-24,82,-1.11321
-22,82,-1.1251
-20,82,-1.1412
-18,82,-1.16092
-16,82,-1.18364
-14,82,-1.20871
-12,82,-1.23546
-10,82,-1.26321
-8,82,-1.29129
-6,82,-1.31907
-4,82,-1.34593
-2,82,-1.3713
0,82,-1.3947
2,82,-1.41569
4,82,-1.43395
6,82,-1.44924
8,82,-1.46143
10,82,-1.47049
12,82,-1.47651
14,82,-1.47967
16,82,-1.48025
18,82,-1.47861
20,82,-1.47522
22,82,-1.47055
24,82,-1.46518
26,82,-1.45965
28,82,-1.45456
30,82,-1.45047
32,82,-1.44793
34,82,-1.44744
36,82,-1.44945
38,82,-1.45432
40,82,-1.46234
42,82,-1.47373
44,82,-1.48856
46,82,-1.50684
48,82,-1.52846
50,82,-1.55321
52,82,-1.58076
54,82,-1.61071
56,82,-1.64257
58,82,-1.67577
60,82,-1.70969
62,82,-1.74369
64,82,-1.77709
66,82,-1.80922
68,82,-1.83945
70,82,-1.86717
72,82,-1.89184
74,82,-1.913
76,82,-1.93026
78,82,-1.94331
80,82,-1.95196
82,82,-1.95607
84,82,-1.95562
86,82,-1.95062
88,82,-1.9412
90,82,-1.92751
92,82,-1.90979
94,82,-1.88829
96,82,-1.86335
98,82,-1.83534
100,82,-1.80466
102,82,-1.77178
104,82,-1.73721
106,82,-1.70149
108,82,-1.66522
110,82,-1.62903
112,82,-1.59355
114,82,-1.55947
116,82,-1.52745
118,82,-1.49813
120,82,-1.47216
122,82,-1.45012
124,82,-1.43251
126,82,-1.4198
128,82,-1.41235
130,82,-1.4104
132,82,-1.41413
134,82,-1.42357
136,82,-1.43865
138,82,-1.45919
140,82,-1.4849
142,82,-1.51536
144,82,-1.55007
146,82,-1.58842
148,82,-1.62973
150,82,-1.67325
152,82,-1.71814
154,82,-1.76355
156,82,-1.80856
158,82,-1.85228
160,82,-1.89378
162,82,-1.93216
164,82,-1.96657
166,82,-1.9962
168,82,-2.02033
170,82,-2.03832
172,82,-2.04965
174,82,-2.05391
176,82,-2.05086
178,82,-2.04038
180,82,-2.02251
-180,84,-2.3312
-178,84,-2.30439
-176,84,-2.27055
-174,84,-2.23021
-172,84,-2.18403
-170,84,-2.13284
-168,84,-2.07754
-166,84,-2.01913
-164,84,-1.9587
-162,84,-1.89735
-160,84,-1.83625
-158,84,-1.77653
-156,84,-1.71934
-154,84,-1.66577
-152,84,-1.61686
-150,84,-1.5736
-148,84,-1.53689
-146,84,-1.50754
-144,84,-1.48625
-142,84,-1.47361
-140,84,-1.47011
-138,84,-1.47609
-136,84,-1.49178
-134,84,-1.51726
-132,84,-1.55248
-130,84,-1.59726
-128,84,-1.65126
-126,84,-1.71403
-124,84,-1.78495
-122,84,-1.86329
-120,84,-1.94818
-118,84,-2.03862
-116,84,-2.1335
-114,84,-2.2316
-112,84,-2.3316
-110,84,-2.4321
-108,84,-2.53164
-106,84,-2.62872
-104,84,-2.72181
-102,84,-2.8094
-100,84,-2.89003
-98,84,-2.9623
-96,84,-3.02492
-94,84,-3.07677
-92,84,-3.11689
-90,84,-3.14453
-88,84,-3.1592
-86,84,-3.16063
-84,84,-3.14883
-82,84,-3.1241
-80,84,-3.08694
-78,84,-3.03813
-76,84,-2.97865
-74,84,-2.90962
-72,84,-2.83234
-70,84,-2.74818
-68,84,-2.65857
-66,84,-2.56496
-64,84,-2.46878
-62,84,-2.37142
-60,84,-2.27419
-58,84,-2.17832
-56,84,-2.08492
-54,84,-1.99501
-52,84,-1.90946
-50,84,-1.82904
-48,84,-1.75439
-46,84,-1.68602
-44,84,-1.62435
-42,84,-1.56966
-40,84,-1.52214
-38,84,-1.48189
-36,84,-1.44891
-34,84,-1.4231
-32,84,-1.40429
-30,84,-1.39223
-28,84,-1.3866
-26,84,-1.38701
-24,84,-1.393
-22,84,-1.40406
-20,84,-1.41962
-18,84,-1.43908
-16,84,-1.46177
-14,84,-1.48702
-12,84,-1.51413
-10,84,-1.5424
-8,84,-1.57113
-6,84,-1.59965
-4,84,-1.62732
-2,84,-1.65355
0,84,-1.67784
2,84,-1.69973
4,84,-1.7189
6,84,-1.73509
8,84,-1.74817
10,84,-1.75813
12,84,-1.76505
14,84,-1.76914
16,84,-1.7707
18,84,-1.77011
20,84,-1.76786
22,84,-1.76445
24,84,-1.76048
26,84,-1.75653
28,84,-1.75321
30,84,-1.7511
32,84,-1.75077
34,84,-1.75273
36,84,-1.75743
38,84,-1.76525
40,84,-1.77646
42,84,-1.79126
44,84,-1.80973
46,84,-1.83184
48,84,-1.85746
50,84,-1.88634
52,84,-1.91814
54,84,-1.95239
56,84,-1.98858
58,84,-2.02609
60,84,-2.06426
62,84,-2.10238
64,84,-2.13976
66,84,-2.17567
68,84,-2.20943
70,84,-2.2404
72,84,-2.26801
74,84,-2.29176
76,84,-2.31124
78,84,-2.32613
80,84,-2.33619
82,84,-2.3413
84,84,-2.34141
86,84,-2.33654
88,84,-2.32679
90,84,-2.31235
92,84,-2.29343
94,84,-2.27033
96,84,-2.24337
98,84,-2.21296
100,84,-2.17952
102,84,-2.14357
104,84,-2.10564
106,84,-2.06634
108,84,-2.02629
110,84,-1.98619
112,84,-1.94674
114,84,-1.90866
116,84,-1.87267
118,84,-1.83949
120,84,-1.80978
122,84,-1.78418
124,84,-1.76324
126,84,-1.74744
128,84,-1.73717
130,84,-1.7327
132,84,-1.73419
134,84,-1.74171
136,84,-1.75517
138,84,-1.77439
140,84,-1.79904
142,84,-1.82872
144,84,-1.86289
146,84,-1.90093
148,84,-1.94212
150,84,-1.98567
152,84,-2.03073
154,84,-2.0764
156,84,-2.12173
158,84,-2.16579
160,84,-2.20761
162,84,-2.24625
164,84,-2.28083
166,84,-2.3105
168,84,-2.3345
170,84,-2.35216
172,84,-2.36295
174,84,-2.36643
176,84,-2.36235
178,84,-2.35059
180,84,-2.3312
-180,86,-2.63902
-178,86,-2.6104
-176,86,-2.57456
-174,86,-2.53207
-172,86,-2.48364
-170,86,-2.43012
-168,86,-2.37246
-166,86,-2.31172
-164,86,-2.24902
-162,86,-2.18553
-160,86,-2.12244
-158,86,-2.06094
-156,86,-2.00222
-154,86,-1.94742
-152,86,-1.89762
-150,86,-1.85383
-148,86,-1.81699
-146,86,-1.78794
-144,86,-1.76742
-142,86,-1.75603
-140,86,-1.75427
-138,86,-1.76252
-136,86,-1.78101
-134,86,-1.80984
-132,86,-1.84896
-130,86,-1.89819
-128,86,-1.9572
-126,86,-2.02551
-124,86,-2.10251
-122,86,-2.18743
-120,86,-2.27938
-118,86,-2.3773
-116,86,-2.48005
-114,86,-2.58632
-112,86,-2.69473
-110,86,-2.80378
-108,86,-2.91191
-106,86,-3.01749
-104,86,-3.11888
-102,86,-3.21441
-100,86,-3.30247
-98,86,-3.38153
-96,86,-3.45016
-94,86,-3.50708
-92,86,-3.55123
-90,86,-3.58176
-88,86,-3.59811
-86,86,-3.59998
-84,86,-3.58737
-82,86,-3.56061
-80,86,-3.52028
-78,86,-3.46723
-76,86,-3.40256
-74,86,-3.32753
-72,86,-3.24356
-70,86,-3.15218
-68,86,-3.05496
-66,86,-2.95348
-64,86,-2.8493
-62,86,-2.74391
-60,86,-2.63873
-58,86,-2.53507
-56,86,-2.43412
-54,86,-2.33693
-52,86,-2.24444
-50,86,-2.15745
-48,86,-2.07661
-46,86,-2.00247
-44,86,-1.93544
-42,86,-1.87582
-40,86,-1.8238
-38,86,-1.77947
-36,86,-1.74283
-34,86,-1.71377
-32,86,-1.69211
-30,86,-1.67759
-28,86,-1.66987
-26,86,-1.66855
-24,86,-1.67314
-22,86,-1.68312
-20,86,-1.6979
-18,86,-1.71684
-16,86,-1.73926
-14,86,-1.76447
-12,86,-1.79174
-10,86,-1.82033
-8,86,-1.84953
-6,86,-1.87863
-4,86,-1.90698
-2,86,-1.93398
0,86,-1.95908
2,86,-1.98183
4,86,-2.00189
6,86,-2.019
8,86,-2.03304
10,86,-2.04398
12,86,-2.05194
14,86,-2.05713
16,86,-2.05986
18,86,-2.06055
20,86,-2.0597
22,86,-2.05785
24,86,-2.05559
26,86,-2.05356
28,86,-2.05237
30,86,-2.05262
32,86,-2.05489
34,86,-2.05971
36,86,-2.06752
38,86,-2.0787
40,86,-2.09352
42,86,-2.11217
44,86,-2.1347
46,86,-2.16107
48,86,-2.19111
50,86,-2.22456
52,86,-2.26101
54,86,-2.29999
56,86,-2.34091
58,86,-2.38313
60,86,-2.42594
62,86,-2.46859
64,86,-2.51032
66,86,-2.55037
68,86,-2.58802
70,86,-2.62259
72,86,-2.65346
74,86,-2.6801
76,86,-2.70207
78,86,-2.71902
80,86,-2.73071
82,86,-2.73697
84,86,-2.73776
86,86,-2.73308
88,86,-2.72304
90,86,-2.70781
92,86,-2.68762
94,86,-2.66277
96,86,-2.63363
98,86,-2.6006
100,86,-2.56416
102,86,-2.52486
104,86,-2.48327
106,86,-2.44006
108,86,-2.39592
110,86,-2.35159
112,86,-2.30784
114,86,-2.26544
116,86,-2.22519
118,86,-2.18784
120,86,-2.15412
122,86,-2.12469
124,86,-2.10016
126,86,-2.08102
128,86,-2.06768
130,86,-2.06045
132,86,-2.05948
134,86,-2.06483
136,86,-2.07642
138,86,-2.09406
140,86,-2.11741
142,86,-2.14604
144,86,-2.17939
146,86,-2.21682
148,86,-2.25759
150,86,-2.30088
152,86,-2.3458
154,86,-2.39141
156,86,-2.43676
158,86,-2.48085
160,86,-2.52269
162,86,-2.5613
164,86,-2.59576
166,86,-2.6252
168,86,-2.64882
170,86,-2.66593
172,86,-2.67596
174,86,-2.67848
176,86,-2.67321
178,86,-2.66004
180,86,-2.63902
-180,88,-2.94568
-178,88,-2.91516
-176,88,-2.87729
-174,88,-2.83266
-172,88,-2.78201
-170,88,-2.72623
-168,88,-2.66632
-166,88,-2.60337
-164,88,-2.53856
-162,88,-2.4731
-160,88,-2.40822
-158,88,-2.34516
-156,88,-2.28515
-154,88,-2.22935
-152,88,-2.17888
-150,88,-2.13481
-148,88,-2.09809
-146,88,-2.06958
-144,88,-2.05004
-142,88,-2.04013
-140,88,-2.04034
-138,88,-2.05108
-136,88,-2.07258
-134,88,-2.10497
-132,88,-2.14821
-130,88,-2.20212
-128,88,-2.26638
-126,88,-2.34049
-124,88,-2.42384
-122,88,-2.51564
-120,88,-2.61497
-118,88,-2.72075
-116,88,-2.83177
-114,88,-2.94667
-112,88,-3.06398
-110,88,-3.18213
-108,88,-3.29942
-106,88,-3.41412
-104,88,-3.52442
-102,88,-3.62852
-100,88,-3.72465
-98,88,-3.81109
-96,88,-3.88625
-94,88,-3.94871
-92,88,-3.99726
-90,88,-4.03094
-88,88,-4.0491
-86,88,-4.05142
-84,88,-4.03788
-82,88,-4.00885
-80,88,-3.96498
-78,88,-3.90724
-76,88,-3.83686
-74,88,-3.75524
-72,88,-3.66398
-70,88,-3.56476
-68,88,-3.4593
-66,88,-3.34934
-64,88,-3.23657
-62,88,-3.12261
-60,88,-3.00897
-58,88,-2.89705
-56,88,-2.7881
-54,88,-2.68324
-52,88,-2.58344
-50,88,-2.48953
-48,88,-2.40219
-46,88,-2.32197
-44,88,-2.2493
-42,88,-2.18448
-40,88,-2.12769
-38,88,-2.07903
-36,88,-2.03846
-34,88,-2.00589
-32,88,-1.98112
-30,88,-1.96388
-28,88,-1.9538
-26,88,-1.95047
-24,88,-1.95339
-22,88,-1.96202
-20,88,-1.97575
-18,88,-1.99391
-16,88,-2.01581
-14,88,-2.04072
-12,88,-2.0679
-10,88,-2.0966
-8,88,-2.12606
-6,88,-2.15558
-4,88,-2.18446
-2,88,-2.21209
0,88,-2.23791
2,88,-2.26147
4,88,-2.2824
6,88,-2.30045
8,88,-2.3155
10,88,-2.32753
12,88,-2.33666
14,88,-2.34312
16,88,-2.34725
18,88,-2.34947
20,88,-2.35029
22,88,-2.35031
24,88,-2.35012
26,88,-2.35036
28,88,-2.35168
30,88,-2.3547
32,88,-2.36
34,88,-2.3681
36,88,-2.37946
38,88,-2.39445
40,88,-2.41334
42,88,-2.43629
44,88,-2.46334
46,88,-2.49443
48,88,-2.52936
50,88,-2.56782
52,88,-2.6094
54,88,-2.65355
56,88,-2.69967
58,88,-2.74705
60,88,-2.79495
62,88,-2.84256
64,88,-2.88908
66,88,-2.9337
68,88,-2.97565
70,88,-3.01421
72,88,-3.04871
74,88,-3.07859
76,88,-3.10337
78,88,-3.12266
80,88,-3.1362
82,88,-3.14381
84,88,-3.1454
86,88,-3.14099
88,88,-3.13067
90,88,-3.11461
92,88,-3.09305
94,88,-3.0663
96,88,-3.03476
98,88,-2.99886
100,88,-2.95913
102,88,-2.91615
104,88,-2.87056
106,88,-2.82309
108,88,-2.77448
110,88,-2.72556
112,88,-2.67715
114,88,-2.63009
116,88,-2.58524
118,88,-2.54342
120,88,-2.50538
122,88,-2.47185
124,88,-2.44345
126,88,-2.42072
128,88,-2.40408
130,88,-2.39382
132,88,-2.39014
134,88,-2.39308
136,88,-2.40255
138,88,-2.41834
140,88,-2.44011
142,88,-2.46741
144,88,-2.49965
146,88,-2.53617
148,88,-2.5762
150,88,-2.6189
152,88,-2.66335
154,88,-2.70858
156,88,-2.7536
158,88,-2.79739
160,88,-2.83891
162,88,-2.87717
164,88,-2.91121
166,88,-2.94012
168,88,-2.96307
170,88,-2.97937
172,88,-2.98841
174,88,-2.98977
176,88,-2.98314
178,88,-2.96842
180,88,-2.94568
-180,90,-3.25089
-178,90,-3.2184
-176,90,-3.17847
-174,90,-3.1317
-172,90,-3.07887
-170,90,-3.02092
-168,90,-2.95887
-166,90,-2.89387
-164,90,-2.82713
-162,90,-2.75989
-160,90,-2.69345
-158,90,-2.62906
-156,90,-2.56799
-154,90,-2.51144
-152,90,-2.46057
-150,90,-2.41646
-148,90,-2.3801
-146,90,-2.35238
-144,90,-2.33407
-142,90,-2.32586
-140,90,-2.32827
-138,90,-2.3417
-136,90,-2.36644
-134,90,-2.4026
-132,90,-2.45017
-130,90,-2.50898
-128,90,-2.5787
-126,90,-2.65886
-124,90,-2.74883
-122,90,-2.84781
-120,90,-2.95485
-118,90,-3.06886
-116,90,-3.18856
-114,90,-3.31256
-112,90,-3.4393
-110,90,-3.56711
-108,90,-3.69419
-106,90,-3.81866
-104,90,-3.93858
-102,90,-4.05195
-100,90,-4.15683
-98,90,-4.25132
-96,90,-4.33362
-94,90,-4.40214
-92,90,-4.45551
-90,90,-4.49263
-88,90,-4.51276
-86,90,-4.51552
-84,90,-4.50091
-82,90,-4.46931
-80,90,-4.4215
-78,90,-4.35855
-76,90,-4.28184
-74,90,-4.19298
-72,90,-4.09373
-70,90,-3.98596
-68,90,-3.87158
-66,90,-3.75247
-64,90,-3.63049
-62,90,-3.50736
-60,90,-3.38472
-58,90,-3.26404
-56,90,-3.14664
-54,90,-3.0337
-52,90,-2.92622
-50,90,-2.82505
-48,90,-2.7309
-46,90,-2.64431
-44,90,-2.56573
-42,90,-2.49544
-40,90,-2.43362
-38,90,-2.38035
-36,90,-2.33561
-34,90,-2.29927
-32,90,-2.27112
-30,90,-2.25087
-28,90,-2.23816
-26,90,-2.23254
-24,90,-2.23351
-22,90,-2.2405
-20,90,-2.25288
-18,90,-2.26997
-16,90,-2.29107
-14,90,-2.31541
-12,90,-2.34225
-10,90,-2.3708
-8,90,-2.40031
-6,90,-2.43003
-4,90,-2.45926
-2,90,-2.48738
0,90,-2.51382
2,90,-2.53812
4,90,-2.55989
6,90,-2.5789
8,90,-2.59502
10,90,-2.60824
12,90,-2.61868
14,90,-2.6266
16,90,-2.63234
18,90,-2.63636
20,90,-2.63917
22,90,-2.64138
24,90,-2.64361
26,90,-2.64653
28,90,-2.65077
30,90,-2.65698
32,90,-2.66575
34,90,-2.6776
36,90,-2.69298
38,90,-2.71226
40,90,-2.73569
42,90,-2.76343
44,90,-2.79549
46,90,-2.83179
48,90,-2.8721
50,90,-2.91609
52,90,-2.96328
54,90,-3.01312
56,90,-3.06494
58,90,-3.118
60,90,-3.17149
62,90,-3.22457
64,90,-3.27638
66,90,-3.32606
68,90,-3.37279
70,90,-3.4158
72,90,-3.45437
74,90,-3.4879
76,90,-3.51585
78,90,-3.53781
80,90,-3.55348
82,90,-3.56263
84,90,-3.56518
86,90,-3.56112
88,90,-3.55052
90,90,-3.53356
92,90,-3.5105
94,90,-3.48167
96,90,-3.44747
98,90,-3.4084
100,90,-3.36503
102,90,-3.318
104,90,-3.26802
106,90,-3.21587
108,90,-3.1624
110,90,-3.10847
112,90,-3.05501
114,90,-3.00293
116,90,-2.95312
118,90,-2.90648
120,90,-2.86382
122,90,-2.82589
124,90,-2.79335
126,90,-2.76675
128,90,-2.74654
130,90,-2.73302
132,90,-2.72637
134,90,-2.72663
136,90,-2.73372
138,90,-2.74739
140,90,-2.7673
142,90,-2.79296
144,90,-2.82378
146,90,-2.85907
148,90,-2.89803
150,90,-2.93979
152,90,-2.98341
154,90,-3.0279
156,90,-3.07223
158,90,-3.11534
160,90,-3.1562
162,90,-3.19375
164,90,-3.22702
166,90,-3.25508
168,90,-3.27707
170,90,-3.29228
172,90,-3.30009
174,90,-3.30005
176,90,-3.29188
178,90,-3.27547
180,90,-3.25089
-180,92,-3.55439
-178,92,-3.51987
-176,92,-3.47784
-174,92,-3.42895
-172,92,-3.37401
-170,92,-3.31397
-168,92,-3.24992
-166,92,-3.18303
-164,92,-3.11455
-162,92,-3.04576
-160,92,-2.97797
-158,92,-2.91251
-156,92,-2.85064
-154,92,-2.79361
-152,92,-2.7426
-150,92,-2.69872
-148,92,-2.66297
-146,92,-2.63629
-144,92,-2.61946
-142,92,-2.61317
-140,92,-2.61799
-138,92,-2.63435
-136,92,-2.66252
-134,92,-2.70266
-132,92,-2.75476
-130,92,-2.81867
-128,92,-2.89407
-126,92,-2.98051
-124,92,-3.07735
-122,92,-3.1838
-120,92,-3.29889
-118,92,-3.42149
-116,92,-3.55031
-114,92,-3.68389
-112,92,-3.82061
-110,92,-3.95868
-108,92,-4.09622
-106,92,-4.23118
-104,92,-4.36145
-102,92,-4.48488
-100,92,-4.59928
-98,92,-4.70255
-96,92,-4.79268
-94,92,-4.86786
-92,92,-4.92651
-90,92,-4.9674
-88,92,-4.98967
-86,92,-4.99286
-84,92,-4.97699
-82,92,-4.9425
-80,92,-4.89025
-78,92,-4.82149
-76,92,-4.73778
-74,92,-4.64092
-72,92,-4.5329
-70,92,-4.41579
-68,92,-4.29172
-66,92,-4.16274
-64,92,-4.03085
-62,92,-3.89794
-60,92,-3.76572
-58,92,-3.63577
-56,92,-3.50947
-54,92,-3.38803
-52,92,-3.2725
-50,92,-3.16374
-48,92,-3.06247
-46,92,-2.96923
-44,92,-2.88446
-42,92,-2.80844
-40,92,-2.74134
-38,92,-2.68322
-36,92,-2.63404
-34,92,-2.59366
-32,92,-2.56187
-30,92,-2.53834
-28,92,-2.52271
-26,92,-2.51452
-24,92,-2.51323
-22,92,-2.51827
-20,92,-2.529
-18,92,-2.54472
-16,92,-2.5647
-14,92,-2.58819
-12,92,-2.61439
-10,92,-2.64253
-8,92,-2.67183
-6,92,-2.70153
-4,92,-2.73093
-2,92,-2.75938
0,92,-2.78632
2,92,-2.81126
4,92,-2.83384
6,92,-2.85381
8,92,-2.87105
10,92,-2.88556
12,92,-2.89747
14,92,-2.90704
16,92,-2.91464
18,92,-2.92072
20,92,-2.92583
22,92,-2.93059
24,92,-2.93563
26,92,-2.94162
28,92,-2.94922
30,92,-2.95907
32,92,-2.97177
34,92,-2.98784
36,92,-3.00774
38,92,-3.0318
40,92,-3.06029
42,92,-3.09334
44,92,-3.13094
46,92,-3.17298
48,92,-3.21921
50,92,-3.26926
52,92,-3.32262
54,92,-3.3787
56,92,-3.43678
58,92,-3.49608
60,92,-3.55575
62,92,-3.61488
64,92,-3.67255
66,92,-3.72787
68,92,-3.77994
70,92,-3.82794
72,92,-3.87109
74,92,-3.90874
76,92,-3.9403
78,92,-3.9653
80,92,-3.98341
82,92,-3.99436
84,92,-3.99803
86,92,-3.99439
88,92,-3.98352
90,92,-3.96559
92,92,-3.94087
94,92,-3.90971
96,92,-3.87256
98,92,-3.82996
100,92,-3.78255
102,92,-3.73103
104,92,-3.6762
106,92,-3.61892
108,92,-3.56012
110,92,-3.50075
112,92,-3.4418
114,92,-3.38428
116,92,-3.32914
118,92,-3.27732
120,92,-3.2297
122,92,-3.18705
124,92,-3.15008
126,92,-3.11934
128,92,-3.09529
130,92,-3.07824
132,92,-3.06835
134,92,-3.06568
136,92,-3.0701
138,92,-3.08137
140,92,-3.09911
142,92,-3.12283
144,92,-3.1519
146,92,-3.18561
148,92,-3.22314
150,92,-3.2636
152,92,-3.30602
154,92,-3.34938
156,92,-3.39262
158,92,-3.43468
160,92,-3.47447
162,92,-3.51095
164,92,-3.54309
166,92,-3.56994
168,92,-3.59065
170,92,-3.60446
172,92,-3.61077
174,92,-3.6091
176,92,-3.59919
178,92,-3.58092
180,92,-3.55439
-180,94,-3.85595
-178,94,-3.81933
-176,94,-3.77518
-174,94,-3.72419
-172,94,-3.6672
-170,94,-3.6052
-168,94,-3.53929
-166,94,-3.47069
-164,94,-3.40067
-162,94,-3.33056
-160,94,-3.26169
-158,94,-3.19541
-156,94,-3.13302
-154,94,-3.07578
-152,94,-3.02491
-150,94,-2.98152
-148,94,-2.94666
-146,94,-2.92126
-144,94,-2.90614
-142,94,-2.90202
-140,94,-2.90947
-138,94,-2.92894
-136,94,-2.96074
-134,94,-3.00504
-132,94,-3.06186
-130,94,-3.13107
-128,94,-3.21236
-126,94,-3.3053
-124,94,-3.40926
-122,94,-3.52344
-120,94,-3.64689
-118,94,-3.77847
-116,94,-3.91683
-114,94,-4.06049
-112,94,-4.20774
-110,94,-4.35673
-108,94,-4.50542
-106,94,-4.65164
-104,94,-4.7931
-102,94,-4.92742
-100,94,-5.0522
-98,94,-5.16509
-96,94,-5.26381
-94,94,-5.3463
-92,94,-5.41078
-90,94,-5.45581
-88,94,-5.48039
-86,94,-5.48401
-84,94,-5.46667
-82,94,-5.42887
-80,94,-5.37163
-78,94,-5.29635
-76,94,-5.20484
-74,94,-5.09913
-72,94,-4.98146
-70,94,-4.85415
-68,94,-4.71954
-66,94,-4.57989
-64,94,-4.43738
-62,94,-4.29401
-60,94,-4.15163
-58,94,-4.01188
-56,94,-3.8762
-54,94,-3.74586
-52,94,-3.62192
-50,94,-3.50524
-48,94,-3.39655
-46,94,-3.29639
-44,94,-3.20518
-42,94,-3.12318
-40,94,-3.05055
-38,94,-2.98733
-36,94,-2.93347
-34,94,-2.8888
-32,94,-2.8531
-30,94,-2.82602
-28,94,-2.80718
-26,94,-2.79611
-24,94,-2.79226
-22,94,-2.79504
-20,94,-2.80379
-18,94,-2.81781
-16,94,-2.83637
-14,94,-2.85867
-12,94,-2.88394
-10,94,-2.91138
-8,94,-2.9402
-6,94,-2.96964
-4,94,-2.99898
-2,94,-3.02759
0,94,-3.05488
2,94,-3.08038
4,94,-3.10371
6,94,-3.12465
8,94,-3.14306
10,94,-3.15896
12,94,-3.17248
14,94,-3.1839
16,94,-3.1936
18,94,-3.20203
20,94,-3.20977
22,94,-3.21744
24,94,-3.22567
26,94,-3.23516
28,94,-3.24657
30,94,-3.26053
32,94,-3.27765
34,94,-3.29844
36,94,-3.32336
38,94,-3.35274
40,94,-3.38682
42,94,-3.42571
44,94,-3.46941
46,94,-3.51775
48,94,-3.57048
50,94,-3.62718
52,94,-3.68732
54,94,-3.75025
56,94,-3.81523
58,94,-3.88142
60,94,-3.94791
62,94,-4.01374
64,94,-4.07795
66,94,-4.13956
68,94,-4.19763
70,94,-4.25124
72,94,-4.29958
74,94,-4.3419
76,94,-4.37758
78,94,-4.40607
80,94,-4.42697
82,94,-4.44
84,94,-4.44498
86,94,-4.44187
88,94,-4.43072
90,94,-4.41171
92,94,-4.38512
94,94,-4.35135
96,94,-4.31089
98,94,-4.26435
100,94,-4.21243
102,94,-4.15593
104,94,-4.09573
106,94,-4.0328
108,94,-3.96814
110,94,-3.90283
112,94,-3.83793
114,94,-3.77451
116,94,-3.71362
118,94,-3.65625
120,94,-3.60331
122,94,-3.55562
124,94,-3.51389
126,94,-3.47872
128,94,-3.45055
130,94,-3.42969
132,94,-3.4163
134,94,-3.4104
136,94,-3.41187
138,94,-3.42044
140,94,-3.43571
142,94,-3.45715
144,94,-3.48413
146,94,-3.51591
148,94,-3.55163
150,94,-3.5904
152,94,-3.63121
154,94,-3.67303
156,94,-3.71478
158,94,-3.75536
160,94,-3.79369
162,94,-3.82867
164,94,-3.85929
166,94,-3.88457
168,94,-3.90364
170,94,-3.91574
172,94,-3.92025
174,94,-3.91671
176,94,-3.90485
178,94,-3.88456
180,94,-3.85595
-180,96,-4.15538
-178,96,-4.11659
-176,96,-4.07031
-174,96,-4.01725
-172,96,-3.95828
-170,96,-3.89443
-168,96,-3.82683
-166,96,-3.75671
-164,96,-3.68538
-162,96,-3.61419
-160,96,-3.5445
-158,96,-3.47768
-156,96,-3.41504
-154,96,-3.35788
-152,96,-3.30742
-150,96,-3.26481
-148,96,-3.23109
-146,96,-3.20723
-144,96,-3.19406
-142,96,-3.19232
-140,96,-3.20261
-138,96,-3.22539
-136,96,-3.26101
-134,96,-3.30965
-132,96,-3.37136
-130,96,-3.44604
-128,96,-3.5334
-126,96,-3.63304
-124,96,-3.74434
-122,96,-3.86652
-120,96,-3.99864
-118,96,-4.13954
-116,96,-4.28788
-114,96,-4.44211
-112,96,-4.60048
-110,96,-4.76103
-108,96,-4.92163
-106,96,-5.07993
-104,96,-5.23346
-102,96,-5.3796
-100,96,-5.51571
-98,96,-5.63913
-96,96,-5.74729
-94,96,-5.83786
-92,96,-5.90875
-90,96,-5.95833
-88,96,-5.98542
-86,96,-5.98943
-84,96,-5.97036
-82,96,-5.92879
-80,96,-5.86589
-78,96,-5.78331
-76,96,-5.68308
-74,96,-5.56756
-72,96,-5.43927
-70,96,-5.30079
-68,96,-5.15473
-66,96,-5.00356
-64,96,-4.84964
-62,96,-4.69512
-60,96,-4.54196
-58,96,-4.39187
-56,96,-4.24636
-54,96,-4.10672
-52,96,-3.974
-50,96,-3.8491
-48,96,-3.73272
-46,96,-3.62539
-44,96,-3.52749
-42,96,-3.43928
-40,96,-3.3609
-38,96,-3.29236
-36,96,-3.23357
-34,96,-3.18437
-32,96,-3.14448
-30,96,-3.11358
-28,96,-3.09125
-26,96,-3.07699
-24,96,-3.07027
-22,96,-3.07046
-20,96,-3.07691
-18,96,-3.0889
-16,96,-3.10569
-14,96,-3.12649
-12,96,-3.1505
-10,96,-3.17692
-8,96,-3.20498
-6,96,-3.23389
-4,96,-3.26296
-2,96,-3.29152
0,96,-3.31901
2,96,-3.34496
4,96,-3.36899
6,96,-3.39088
8,96,-3.4105
10,96,-3.42788
12,96,-3.44317
14,96,-3.45664
16,96,-3.46867
18,96,-3.47976
20,96,-3.49046
22,96,-3.50139
24,96,-3.51323
26,96,-3.52665
28,96,-3.54231
30,96,-3.56086
32,96,-3.5829
34,96,-3.60893
36,96,-3.6394
38,96,-3.67464
40,96,-3.71486
42,96,-3.76018
44,96,-3.81055
46,96,-3.8658
48,96,-3.92564
50,96,-3.98963
52,96,-4.0572
54,96,-4.12767
56,96,-4.20025
58,96,-4.27404
60,96,-4.34809
62,96,-4.42139
64,96,-4.4929
66,96,-4.56157
68,96,-4.62638
70,96,-4.68635
72,96,-4.74057
74,96,-4.78823
76,96,-4.82861
78,96,-4.8611
80,96,-4.88523
82,96,-4.90066
84,96,-4.90717
86,96,-4.90468
88,96,-4.89323
90,96,-4.87301
92,96,-4.84433
94,96,-4.80761
96,96,-4.76343
98,96,-4.71245
100,96,-4.65549
102,96,-4.59343
104,96,-4.52728
106,96,-4.4581
108,96,-4.38702
110,96,-4.31521
112,96,-4.24382
114,96,-4.17403
116,96,-4.10693
118,96,-4.04358
120,96,-3.98494
122,96,-3.93186
124,96,-3.88506
126,96,-3.84514
128,96,-3.81255
130,96,-3.78759
132,96,-3.77041
134,96,-3.761
136,96,-3.75922
138,96,-3.76477
140,96,-3.77723
142,96,-3.79606
144,96,-3.82059
146,96,-3.85005
148,96,-3.88358
150,96,-3.92023
152,96,-3.95902
154,96,-3.99887
156,96,-4.03868
158,96,-4.07735
160,96,-4.11377
162,96,-4.14684
164,96,-4.17552
166,96,-4.19883
168,96,-4.2159
170,96,-4.22595
172,96,-4.22836
174,96,-4.22269
176,96,-4.20866
178,96,-4.18618
180,96,-4.15538
-180,98,-4.45249
-178,98,-4.41145
-176,98,-4.36302
-174,98,-4.30793
-172,98,-4.24708
-170,98,-4.18151
-168,98,-4.11239
-166,98,-4.04096
-164,98,-3.96856
-162,98,-3.89655
-160,98,-3.82631
-158,98,-3.75923
-156,98,-3.69664
-154,98,-3.63985
-152,98,-3.59009
-150,98,-3.54852
-148,98,-3.51621
-146,98,-3.49413
-144,98,-3.48315
-142,98,-3.484
-140,98,-3.49732
-138,98,-3.5236
-136,98,-3.5632
-134,98,-3.61634
-132,98,-3.68309
-130,98,-3.76339
-128,98,-3.85699
-126,98,-3.96349
-124,98,-4.08233
-122,98,-4.21276
-120,98,-4.35383
-118,98,-4.5044
-116,98,-4.66312
-114,98,-4.82841
-112,98,-4.99848
-110,98,-5.17128
-108,98,-5.34455
-106,98,-5.5158
-104,98,-5.68234
-102,98,-5.84131
-100,98,-5.98976
-98,98,-6.12472
-96,98,-6.24329
-94,98,-6.34275
-92,98,-6.42073
-90,98,-6.47531
-88,98,-6.50513
-86,98,-6.50948
-84,98,-6.48835
-82,98,-6.44246
-80,98,-6.37314
-78,98,-6.28233
-76,98,-6.17237
-74,98,-6.04596
-72,98,-5.90595
-70,98,-5.75526
-68,98,-5.59675
-66,98,-5.43316
-64,98,-5.26702
-62,98,-5.10064
-60,98,-4.93607
-58,98,-4.77512
-56,98,-4.61932
-54,98,-4.46998
-52,98,-4.32817
-50,98,-4.19476
-48,98,-4.07043
-46,98,-3.9557
-44,98,-3.85091
-42,98,-3.75629
-40,98,-3.67194
-38,98,-3.59786
-36,98,-3.53393
-34,98,-3.47996
-32,98,-3.43565
-30,98,-3.40066
-28,98,-3.37455
-26,98,-3.35681
-24,98,-3.3469
-22,98,-3.34418
-20,98,-3.34799
-18,98,-3.35761
-16,98,-3.37228
-14,98,-3.39123
-12,98,-3.41365
-10,98,-3.43874
-8,98,-3.46573
-6,98,-3.49385
-4,98,-3.52238
-2,98,-3.5507
0,98,-3.57822
2,98,-3.60449
4,98,-3.62916
6,98,-3.65197
8,98,-3.67285
10,98,-3.6918
12,98,-3.70899
14,98,-3.7247
16,98,-3.73932
18,98,-3.75333
20,98,-3.76732
22,98,-3.7819
24,98,-3.79774
26,98,-3.81552
28,98,-3.8359
30,98,-3.85953
32,98,-3.88698
34,98,-3.91877
36,98,-3.95533
38,98,-3.99698
40,98,-4.04393
42,98,-4.09626
44,98,-4.15392
46,98,-4.21672
48,98,-4.28433
50,98,-4.3563
52,98,-4.43202
54,98,-4.51077
56,98,-4.59172
58,98,-4.67392
60,98,-4.75638
62,98,-4.838
64,98,-4.91767
66,98,-4.99428
68,98,-5.06671
70,98,-5.13389
72,98,-5.19482
74,98,-5.24858
76,98,-5.29436
78,98,-5.33146
80,98,-5.35933
82,98,-5.37754
84,98,-5.38583
86,98,-5.38407
88,98,-5.37231
90,98,-5.35072
92,98,-5.31965
94,98,-5.2796
96,98,-5.2312
98,98,-5.17522
100,98,-5.11259
102,98,-5.04433
104,98,-4.97155
106,98,-4.89547
108,98,-4.81732
110,98,-4.73839
112,98,-4.65995
114,98,-4.58324
116,98,-4.50944
118,98,-4.43967
120,98,-4.37492
122,98,-4.31606
124,98,-4.26384
126,98,-4.21885
128,98,-4.18153
130,98,-4.15216
132,98,-4.13088
134,98,-4.11765
136,98,-4.11229
138,98,-4.1145
140,98,-4.12382
142,98,-4.13967
144,98,-4.16136
146,98,-4.18811
148,98,-4.21903
150,98,-4.25315
152,98,-4.28947
154,98,-4.32689
156,98,-4.36431
158,98,-4.40061
160,98,-4.43466
162,98,-4.46537
164,98,-4.49168
166,98,-4.51261
168,98,-4.52728
170,98,-4.53492
172,98,-4.53493
174,98,-4.52686
176,98,-4.51043
178,98,-4.4856
180,98,-4.45249
-180,100,-4.74708
-178,100,-4.70374
-176,100,-4.65316
-174,100,-4.59609
-172,100,-4.53346
-170,100,-4.46631
-168,100,-4.39584
-166,100,-4.32332
-164,100,-4.25009
-162,100,-4.17753
-160,100,-4.10703
-158,100,-4.03998
-156,100,-3.97774
-154,100,-3.9216
-152,100,-3.87282
-150,100,-3.83257
-148,100,-3.80192
-146,100,-3.78187
-144,100,-3.77329
-142,100,-3.77694
-140,100,-3.79348
-138,100,-3.82342
-136,100,-3.86715
-134,100,-3.92492
-132,100,-3.99684
-130,100,-4.08288
-128,100,-4.18284
-126,100,-4.29636
-124,100,-4.42292
-122,100,-4.56178
-120,100,-4.71205
-118,100,-4.8726
-116,100,-5.04209
-114,100,-5.21892
-112,100,-5.40125
-110,100,-5.58698
-108,100,-5.77371
-106,100,-5.9588
-104,100,-6.13934
-102,100,-6.3122
-100,100,-6.4741
-98,100,-6.6217
-96,100,-6.7517
-94,100,-6.86098
-92,100,-6.94679
-90,100,-7.00686
-88,100,-7.03962
-86,100,-7.04422
-84,100,-7.02068
-82,100,-6.96981
-80,100,-6.8932
-78,100,-6.79311
-76,100,-6.67228
-74,100,-6.53378
-72,100,-6.38088
-70,100,-6.21683
-68,100,-6.04483
-66,100,-5.86786
-64,100,-5.68867
-62,100,-5.5097
-60,100,-5.33313
-58,100,-5.16079
-56,100,-4.99428
-54,100,-4.83489
-52,100,-4.68369
-50,100,-4.54152
-48,100,-4.40903
-46,100,-4.28669
-44,100,-4.17483
-42,100,-4.07363
-40,100,-3.98314
-38,100,-3.90333
-36,100,-3.83406
-34,100,-3.7751
-32,100,-3.72614
-30,100,-3.68681
-28,100,-3.65665
-26,100,-3.63515
-24,100,-3.62173
-22,100,-3.61578
-20,100,-3.61662
-18,100,-3.62352
-16,100,-3.63573
-14,100,-3.65248
-12,100,-3.67297
-10,100,-3.69641
-8,100,-3.72201
-6,100,-3.74905
-4,100,-3.7768
-2,100,-3.80465
0,100,-3.83203
2,100,-3.8585
4,100,-3.8837
6,100,-3.90742
8,100,-3.92957
10,100,-3.95017
12,100,-3.9694
14,100,-3.98753
16,100,-4.00496
18,100,-4.0222
20,100,-4.03979
22,100,-4.05838
24,100,-4.07862
26,100,-4.10119
28,100,-4.12675
30,100,-4.15592
32,100,-4.18929
34,100,-4.22737
36,100,-4.27056
38,100,-4.31919
40,100,-4.37344
42,100,-4.43339
44,100,-4.49897
46,100,-4.56998
48,100,-4.64606
50,100,-4.72674
52,100,-4.81138
54,100,-4.89922
56,100,-4.9894
58,100,-5.08092
60,100,-5.17271
62,100,-5.26362
64,100,-5.35246
66,100,-5.43802
68,100,-5.51909
70,100,-5.59448
72,100,-5.66308
74,100,-5.72384
76,100,-5.77584
78,100,-5.81826
80,100,-5.85045
82,100,-5.87189
84,100,-5.88226
86,100,-5.88137
88,100,-5.86926
90,100,-5.84612
92,100,-5.81234
94,100,-5.76848
96,100,-5.7153
98,100,-5.65368
100,100,-5.58467
102,100,-5.50945
104,100,-5.4293
106,100,-5.34556
108,100,-5.25962
110,100,-5.1729
112,100,-5.08676
114,100,-5.00255
116,100,-4.92153
118,100,-4.84485
120,100,-4.77354
122,100,-4.7085
124,100,-4.65049
126,100,-4.60007
128,100,-4.55768
130,100,-4.52358
132,100,-4.49787
134,100,-4.48049
136,100,-4.47124
138,100,-4.46975
140,100,-4.47556
142,100,-4.48806
144,100,-4.50652
146,100,-4.53014
148,100,-4.55802
150,100,-4.58916
152,100,-4.62254
154,100,-4.65707
156,100,-4.69162
158,100,-4.72506
160,100,-4.75627
162,100,-4.78415
164,100,-4.80763
166,100,-4.82575
168,100,-4.83763
170,100,-4.8425
172,100,-4.83978
174,100,-4.82902
176,100,-4.80998
178,100,-4.78261
180,100,-4.74708
-180,102,-5.03897
-178,102,-4.99327
-176,102,-4.94055
-174,102,-4.88156
-172,102,-4.81725
-170,102,-4.74869
-168,102,-4.67707
-166,102,-4.60368
-164,102,-4.52988
-162,102,-4.45704
-160,102,-4.38656
-158,102,-4.31984
-156,102,-4.25823
-154,102,-4.20304
-152,102,-4.15552
-150,102,-4.11685
-148,102,-4.08812
-146,102,-4.07032
-144,102,-4.06435
-142,102,-4.07099
-140,102,-4.09091
-138,102,-4.12464
-136,102,-4.17262
-134,102,-4.23513
-132,102,-4.31233
-130,102,-4.4042
-128,102,-4.51062
-126,102,-4.63126
-124,102,-4.76564
-122,102,-4.91311
-120,102,-5.07278
-118,102,-5.24358
-116,102,-5.42417
-114,102,-5.61297
-112,102,-5.8081
-110,102,-6.00741
-108,102,-6.20838
-106,102,-6.4082
-104,102,-6.60375
-102,102,-6.79161
-100,102,-6.96812
-98,102,-7.12954
-96,102,-7.27208
-94,102,-7.39217
-92,102,-7.4866
-90,102,-7.55271
-88,102,-7.58862
-86,102,-7.59337
-84,102,-7.56695
-82,102,-7.51035
-80,102,-7.42547
-78,102,-7.31493
-76,102,-7.18195
-74,102,-7.03006
-72,102,-6.86298
-70,102,-6.68439
-68,102,-6.49782
-66,102,-6.30651
-64,102,-6.11344
-62,102,-5.92119
-60,102,-5.73202
-58,102,-5.54783
-56,102,-5.37022
-54,102,-5.20048
-52,102,-5.03964
-50,102,-4.88851
-48,102,-4.74769
-46,102,-4.61761
-44,102,-4.49853
-42,102,-4.3906
-40,102,-4.29384
-38,102,-4.20815
-36,102,-4.13337
-34,102,-4.06923
-32,102,-4.01541
-30,102,-3.9715
-28,102,-3.93704
-26,102,-3.9115
-24,102,-3.8943
-22,102,-3.8848
-20,102,-3.88233
-18,102,-3.88618
-16,102,-3.89559
-14,102,-3.9098
-12,102,-3.92802
-10,102,-3.94947
-8,102,-3.97339
-6,102,-3.99905
-4,102,-4.02576
-2,102,-4.05292
0,102,-4.07997
2,102,-4.10649
4,102,-4.13215
6,102,-4.15673
8,102,-4.18016
10,102,-4.20248
12,102,-4.22386
14,102,-4.24458
16,102,-4.26506
18,102,-4.28577
20,102,-4.30728
22,102,-4.33022
24,102,-4.35524
26,102,-4.38301
28,102,-4.41418
30,102,-4.44937
32,102,-4.48915
34,102,-4.53402
36,102,-4.58438
38,102,-4.64054
40,102,-4.70269
42,102,-4.77087
44,102,-4.84502
46,102,-4.92492
48,102,-5.0102
50,102,-5.10036
52,102,-5.19475
54,102,-5.29257
56,102,-5.39291
58,102,-5.49473
60,102,-5.5969
62,102,-5.6982
64,102,-5.79734
66,102,-5.893
68,102,-5.98387
70,102,-6.06862
72,102,-6.146
74,102,-6.21482
76,102,-6.274
78,102,-6.3226
80,102,-6.35981
82,102,-6.38502
84,102,-6.39781
86,102,-6.39796
88,102,-6.38547
90,102,-6.36056
92,102,-6.32369
94,102,-6.2755
96,102,-6.21687
98,102,-6.14885
100,102,-6.07266
102,102,-5.98965
104,102,-5.90127
106,102,-5.80905
108,102,-5.71452
110,102,-5.61925
112,102,-5.52472
114,102,-5.43238
116,102,-5.34354
118,102,-5.25942
120,102,-5.18109
122,102,-5.10944
124,102,-5.04522
126,102,-4.989
128,102,-4.94119
130,102,-4.90201
132,102,-4.87153
134,102,-4.84965
136,102,-4.83614
138,102,-4.8306
140,102,-4.83252
142,102,-4.84126
144,102,-4.85608
146,102,-4.87614
148,102,-4.90052
150,102,-4.92821
152,102,-4.95818
154,102,-4.98932
156,102,-5.0205
158,102,-5.05059
160,102,-5.07846
162,102,-5.10302
164,102,-5.12322
166,102,-5.13809
168,102,-5.14676
170,102,-5.1485
172,102,-5.14272
174,102,-5.129
176,102,-5.10711
178,102,-5.07704
180,102,-5.03897
-180,104,-5.32796
-178,104,-5.27987
-176,104,-5.22501
-174,104,-5.16417
-172,104,-5.0983
-170,104,-5.02848
-168,104,-4.95592
-166,104,-4.8819
-164,104,-4.80778
-162,104,-4.73494
-160,104,-4.66478
-158,104,-4.59867
-156,104,-4.53799
-154,104,-4.48403
-152,104,-4.43805
-150,104,-4.40122
-148,104,-4.37464
-146,104,-4.35931
-144,104,-4.35614
-142,104,-4.36593
-140,104,-4.38936
-138,104,-4.42701
-136,104,-4.47934
-134,104,-4.54666
-132,104,-4.62918
-130,104,-4.72694
-128,104,-4.83986
-126,104,-4.96767
-124,104,-5.10996
-122,104,-5.26612
-120,104,-5.43534
-118,104,-5.61658
-116,104,-5.80854
-114,104,-6.00967
-112,104,-6.21808
-110,104,-6.43155
-108,104,-6.64749
-106,104,-6.86292
-104,104,-7.07448
-102,104,-7.27843
-100,104,-7.47075
-98,104,-7.64719
-96,104,-7.80346
-94,104,-7.93541
-92,104,-8.03929
-90,104,-8.11199
-88,104,-8.15127
-86,104,-8.156
-84,104,-8.12618
-82,104,-8.063
-80,104,-7.96872
-78,104,-7.84645
-76,104,-7.69994
-74,104,-7.53328
-72,104,-7.3507
-70,104,-7.15634
-68,104,-6.9541
-66,104,-6.74754
-64,104,-6.5398
-62,104,-6.33363
-60,104,-6.13135
-58,104,-5.93491
-56,104,-5.74589
-54,104,-5.56556
-52,104,-5.39491
-50,104,-5.23468
-48,104,-5.08543
-46,104,-4.94751
-44,104,-4.82113
-42,104,-4.70639
-40,104,-4.60324
-38,104,-4.51156
-36,104,-4.43114
-34,104,-4.36168
-32,104,-4.30282
-30,104,-4.25413
-28,104,-4.21514
-26,104,-4.18531
-24,104,-4.16404
-22,104,-4.15071
-20,104,-4.14463
-18,104,-4.1451
-16,104,-4.15138
-14,104,-4.16271
-12,104,-4.17833
-10,104,-4.19748
-8,104,-4.2194
-6,104,-4.2434
-4,104,-4.26882
-2,104,-4.29505
0,104,-4.3216
2,104,-4.34803
4,104,-4.37404
6,104,-4.39943
8,104,-4.42414
10,104,-4.44823
12,104,-4.47186
14,104,-4.49532
16,104,-4.51903
18,104,-4.54346
20,104,-4.56918
22,104,-4.59679
24,104,-4.62694
26,104,-4.66029
28,104,-4.69748
30,104,-4.73913
32,104,-4.78578
34,104,-4.83794
36,104,-4.89598
38,104,-4.96022
40,104,-5.03083
42,104,-5.10787
44,104,-5.19124
46,104,-5.28073
48,104,-5.37595
50,104,-5.4764
52,104,-5.5814
54,104,-5.69013
56,104,-5.80164
58,104,-5.91484
60,104,-6.02854
62,104,-6.14144
64,104,-6.25215
66,104,-6.35924
68,104,-6.46124
70,104,-6.55669
72,104,-6.64415
74,104,-6.72226
76,104,-6.78976
78,104,-6.84552
80,104,-6.88859
82,104,-6.91821
84,104,-6.93386
86,104,-6.93525
88,104,-6.92236
90,104,-6.89544
92,104,-6.85503
94,104,-6.8019
96,104,-6.73708
98,104,-6.66181
100,104,-6.57752
102,104,-6.48576
104,104,-6.3882
106,104,-6.28656
108,104,-6.18257
110,104,-6.07792
112,104,-5.97424
114,104,-5.87307
116,104,-5.77579
118,104,-5.68367
120,104,-5.59779
122,104,-5.51906
124,104,-5.4482
126,104,-5.38578
128,104,-5.33216
130,104,-5.28753
132,104,-5.25191
134,104,-5.22517
136,104,-5.20702
138,104,-5.19703
140,104,-5.19466
142,104,-5.19923
144,104,-5.20997
146,104,-5.22602
148,104,-5.24643
150,104,-5.27019
152,104,-5.29624
154,104,-5.32348
156,104,-5.35078
158,104,-5.37701
160,104,-5.40105
162,104,-5.4218
164,104,-5.43823
166,104,-5.4494
168,104,-5.45446
170,104,-5.45268
172,104,-5.44351
174,104,-5.42655
176,104,-5.40161
178,104,-5.36868
180,104,-5.32796
-180,106,-5.61382
-178,106,-5.5633
-176,106,-5.50634
-174,106,-5.44373
-172,106,-5.37643
-170,106,-5.30553
-168,106,-5.23223
-166,106,-5.15782
-164,106,-5.08365
-162,106,-5.01108
-160,106,-4.94152
-158,106,-4.87632
-156,106,-4.81685
-154,106,-4.76439
-152,106,-4.72021
-150,106,-4.68546
-148,106,-4.66125
-146,106,-4.64859
-144,106,-4.64839
-142,106,-4.66147
-140,106,-4.68853
-138,106,-4.73018
-136,106,-4.78691
-134,106,-4.85908
-132,106,-4.94693
-130,106,-5.05058
-128,106,-5.16998
-126,106,-5.30495
-124,106,-5.45515
-122,106,-5.62002
-120,106,-5.79884
-118,106,-5.99062
-116,106,-6.19414
-114,106,-6.40785
-112,106,-6.6299
-110,106,-6.85803
-108,106,-7.08956
-106,106,-7.32137
-104,106,-7.54986
-102,106,-7.77098
-100,106,-7.98026
-98,106,-8.17294
-96,106,-8.34411
-94,106,-8.48898
-92,106,-8.60316
-90,106,-8.683
-88,106,-8.72584
-86,106,-8.73032
-84,106,-8.69649
-82,106,-8.62578
-80,106,-8.52088
-78,106,-8.3855
-76,106,-8.22401
-74,106,-8.04116
-72,106,-7.84176
-70,106,-7.63045
-68,106,-7.41152
-66,106,-7.18883
-64,106,-6.96574
-62,106,-6.74512
-60,106,-6.52934
-58,106,-6.32036
-56,106,-6.11973
-54,106,-5.92868
-52,106,-5.74813
-50,106,-5.57876
-48,106,-5.42104
-46,106,-5.27527
-44,106,-5.14158
-42,106,-5.02
-40,106,-4.91043
-38,106,-4.8127
-36,106,-4.72655
-34,106,-4.65165
-32,106,-4.58761
-30,106,-4.53398
-28,106,-4.49027
-26,106,-4.45592
-24,106,-4.43035
-22,106,-4.41291
-20,106,-4.40294
-18,106,-4.39974
-16,106,-4.40258
-14,106,-4.41073
-12,106,-4.42343
-10,106,-4.43997
-8,106,-4.45961
-6,106,-4.48168
-4,106,-4.50554
-2,106,-4.53064
0,106,-4.55648
2,106,-4.58267
4,106,-4.60893
6,106,-4.63507
8,106,-4.66105
10,106,-4.68693
12,106,-4.71289
14,106,-4.73923
16,106,-4.76634
18,106,-4.7947
20,106,-4.82486
22,106,-4.85742
24,106,-4.89302
26,106,-4.9323
28,106,-4.97589
30,106,-5.02439
32,106,-5.07835
34,106,-5.13824
36,106,-5.20445
38,106,-5.27728
40,106,-5.35691
42,106,-5.44338
44,106,-5.53661
46,106,-5.63637
48,106,-5.74229
50,106,-5.85385
52,106,-5.97036
54,106,-6.09098
56,106,-6.21473
58,106,-6.34048
60,106,-6.46696
62,106,-6.5928
64,106,-6.71649
66,106,-6.83648
68,106,-6.95113
70,106,-7.05879
72,106,-7.15784
74,106,-7.24668
76,106,-7.32383
78,106,-7.38795
80,106,-7.43788
82,106,-7.47268
84,106,-7.49171
86,106,-7.49459
88,106,-7.48129
90,106,-7.45211
92,106,-7.40767
94,106,-7.3489
96,106,-7.27704
98,106,-7.19355
100,106,-7.10011
102,106,-6.99854
104,106,-6.89074
106,106,-6.77866
108,106,-6.66423
110,106,-6.5493
112,106,-6.43565
114,106,-6.32489
116,106,-6.2185
118,106,-6.11776
120,106,-6.02378
122,106,-5.93746
124,106,-5.85952
126,106,-5.79046
128,106,-5.73062
130,106,-5.68013
132,106,-5.63898
134,106,-5.60698
136,106,-5.58379
138,106,-5.56895
140,106,-5.56186
142,106,-5.56182
144,106,-5.56803
146,106,-5.57959
148,106,-5.59554
150,106,-5.61487
152,106,-5.6365
154,106,-5.65932
156,106,-5.68222
158,106,-5.70406
160,106,-5.72374
162,106,-5.74018
164,106,-5.75238
166,106,-5.75941
168,106,-5.76043
170,106,-5.75477
172,106,-5.74189
174,106,-5.72143
176,106,-5.69321
178,106,-5.65726
180,106,-5.61382
-180,108,-5.89626
-178,108,-5.8433
-176,108,-5.78428
-174,108,-5.71999
-172,108,-5.6514
-170,108,-5.5796
-168,108,-5.50578
-166,108,-5.43123
-164,108,-5.35727
-162,108,-5.28525
-160,108,-5.21657
-158,108,-5.15256
-156,108,-5.09457
-154,108,-5.04389
-152,108,-5.00174
-150,108,-4.9693
-148,108,-4.94767
-146,108,-4.93784
-144,108,-4.94075
-142,108,-4.95723
-140,108,-4.988
-138,108,-5.03369
-136,108,-5.09484
-134,108,-5.17184
-132,108,-5.26498
-130,108,-5.37445
-128,108,-5.50025
-126,108,-5.6423
-124,108,-5.8003
-122,108,-5.9738
-120,108,-6.16215
-118,108,-6.36445
-116,108,-6.57955
-114,108,-6.80596
-112,108,-7.04185
-110,108,-7.28496
-108,108,-7.53255
-106,108,-7.78135
-104,108,-8.02755
-102,108,-8.26676
-100,108,-8.49404
-98,108,-8.70406
-96,108,-8.89124
-94,108,-9.05005
-92,108,-9.17535
-90,108,-9.26282
-88,108,-9.30933
-86,108,-9.31329
-84,108,-9.27475
-82,108,-9.19547
-80,108,-9.07869
-78,108,-8.92878
-76,108,-8.75087
-74,108,-8.55046
-72,108,-8.33299
-70,108,-8.10366
-68,108,-7.86717
-66,108,-7.62768
-64,108,-7.38873
-62,108,-7.15329
-60,108,-6.92377
-58,108,-6.70211
-56,108,-6.48983
-54,108,-6.28807
-52,108,-6.09767
-50,108,-5.91922
-48,108,-5.75312
-46,108,-5.59957
-44,108,-5.45863
-42,108,-5.33025
-40,108,-5.21429
-38,108,-5.11051
-36,108,-5.01861
-34,108,-4.93821
-32,108,-4.86891
-30,108,-4.81022
-28,108,-4.76164
-26,108,-4.72261
-24,108,-4.69252
-22,108,-4.67075
-20,108,-4.65664
-18,108,-4.6495
-16,108,-4.64863
-14,108,-4.65331
-12,108,-4.66282
-10,108,-4.67646
-8,108,-4.69355
-6,108,-4.71343
-4,108,-4.73551
-2,108,-4.75926
0,108,-4.78422
2,108,-4.81003
4,108,-4.83642
6,108,-4.86325
8,108,-4.89047
10,108,-4.91816
12,108,-4.9465
14,108,-4.9758
16,108,-5.00644
18,108,-5.0389
20,108,-5.07371
22,108,-5.11146
24,108,-5.15277
26,108,-5.19828
28,108,-5.24858
30,108,-5.30428
32,108,-5.36591
34,108,-5.43393
36,108,-5.50874
38,108,-5.59063
40,108,-5.67977
42,108,-5.77623
44,108,-5.87991
46,108,-5.99062
48,108,-6.10797
50,108,-6.23144
52,108,-6.36036
54,108,-6.49387
56,108,-6.63097
58,108,-6.77049
60,108,-6.91109
62,108,-7.05131
64,108,-7.18954
66,108,-7.32406
68,108,-7.45306
70,108,-7.57468
72,108,-7.68703
74,108,-7.78828
76,108,-7.87665
78,108,-7.95053
80,108,-8.00851
82,108,-8.04944
84,108,-8.07249
86,108,-8.07721
88,108,-8.06353
90,108,-8.03179
92,108,-7.98277
94,108,-7.91758
96,108,-7.83772
98,108,-7.74493
100,108,-7.64118
102,108,-7.52861
104,108,-7.4094
106,108,-7.28575
108,108,-7.15982
110,108,-7.03364
112,108,-6.90911
114,108,-6.78796
116,108,-6.67173
118,108,-6.56173
120,108,-6.45906
122,108,-6.36463
124,108,-6.2791
126,108,-6.20294
128,108,-6.13643
130,108,-6.07967
132,108,-6.03257
134,108,-5.99488
136,108,-5.96623
138,108,-5.9461
140,108,-5.93385
142,108,-5.92874
144,108,-5.92994
146,108,-5.93652
148,108,-5.94752
150,108,-5.9619
152,108,-5.97858
154,108,-5.99646
156,108,-6.01442
158,108,-6.03135
160,108,-6.04616
162,108,-6.0578
164,108,-6.06528
166,108,-6.06772
168,108,-6.06431
170,108,-6.05441
172,108,-6.03751
174,108,-6.01329
176,108,-5.9816
178,108,-5.94251
180,108,-5.89626
-180,110,-6.17492
-178,110,-6.11953
-176,110,-6.0585
-174,110,-5.99265
-172,110,-5.92292
-170,110,-5.85042
-168,110,-5.7763
-166,110,-5.70185
-164,110,-5.62836
-162,110,-5.55717
-160,110,-5.48964
-158,110,-5.42709
-156,110,-5.37085
-154,110,-5.32218
-152,110,-5.2823
-150,110,-5.25238
-148,110,-5.23348
-146,110,-5.22664
-144,110,-5.23277
-142,110,-5.25271
-140,110,-5.28723
-138,110,-5.33697
-136,110,-5.40249
-134,110,-5.48424
-132,110,-5.58257
-130,110,-5.69771
-128,110,-5.82976
-126,110,-5.97867
-124,110,-6.14427
-122,110,-6.32619
-120,110,-6.52386
-118,110,-6.7365
-116,110,-6.96302
-114,110,-7.20203
-112,110,-7.45174
-110,110,-7.7099
-108,110,-7.97374
-106,110,-8.23988
-104,110,-8.50429
-102,110,-8.76224
-100,110,-9.00832
-98,110,-9.23658
-96,110,-9.44068
-94,110,-9.61427
-92,110,-9.75135
-90,110,-9.84685
-88,110,-9.89706
-86,110,-9.90011
-84,110,-9.85611
-82,110,-9.76721
-80,110,-9.63727
-78,110,-9.47149
-76,110,-9.27586
-74,110,-9.05668
-72,110,-8.82014
-70,110,-8.57197
-68,110,-8.31732
-66,110,-8.0606
-64,110,-7.80555
-62,110,-7.55519
-60,110,-7.31194
-58,110,-7.07771
-56,110,-6.85391
-54,110,-6.64162
-52,110,-6.44158
-50,110,-6.25427
-48,110,-6.07999
-46,110,-5.91885
-44,110,-5.77083
-42,110,-5.6358
-40,110,-5.51356
-38,110,-5.40381
-36,110,-5.30619
-34,110,-5.22031
-32,110,-5.14572
-30,110,-5.08191
-28,110,-5.02837
-26,110,-4.98452
-24,110,-4.94977
-22,110,-4.92349
-20,110,-4.90504
-18,110,-4.89375
-16,110,-4.88893
-14,110,-4.8899
-12,110,-4.89598
-10,110,-4.90648
-8,110,-4.92078
-6,110,-4.93825
-4,110,-4.95833
-2,110,-4.98054
0,110,-5.00445
2,110,-5.02974
4,110,-5.05616
6,110,-5.08359
8,110,-5.11201
10,110,-5.14149
12,110,-5.17225
14,110,-5.20457
16,110,-5.23883
18,110,-5.2755
20,110,-5.31511
22,110,-5.35823
24,110,-5.40546
26,110,-5.45741
28,110,-5.51468
30,110,-5.57786
32,110,-5.64745
34,110,-5.72394
36,110,-5.8077
38,110,-5.89903
40,110,-5.99812
42,110,-6.10504
44,110,-6.21972
46,110,-6.34197
48,110,-6.47143
50,110,-6.6076
52,110,-6.7498
54,110,-6.89719
56,110,-7.04875
58,110,-7.20328
60,110,-7.35939
62,110,-7.51552
64,110,-7.66995
66,110,-7.82078
68,110,-7.96602
70,110,-8.10353
72,110,-8.23116
74,110,-8.34673
76,110,-8.44815
78,110,-8.53346
80,110,-8.60092
82,110,-8.64912
84,110,-8.677
86,110,-8.684
88,110,-8.67001
90,110,-8.63545
92,110,-8.58125
94,110,-8.50878
96,110,-8.41984
98,110,-8.31653
100,110,-8.2012
102,110,-8.07632
104,110,-7.94442
106,110,-7.80798
108,110,-7.6694
110,110,-7.53091
112,110,-7.39457
114,110,-7.26218
116,110,-7.13534
118,110,-7.01539
120,110,-6.90343
122,110,-6.80031
124,110,-6.70667
126,110,-6.62293
128,110,-6.54929
130,110,-6.4858
132,110,-6.4323
134,110,-6.38849
136,110,-6.35393
138,110,-6.32806
140,110,-6.31018
142,110,-6.29951
144,110,-6.29521
146,110,-6.29631
148,110,-6.30184
150,110,-6.31074
152,110,-6.32194
154,110,-6.33434
156,110,-6.34683
158,110,-6.35833
160,110,-6.36776
162,110,-6.3741
164,110,-6.37642
166,110,-6.37383
168,110,-6.36561
170,110,-6.35112
172,110,-6.32992
174,110,-6.30171
176,110,-6.26639
178,110,-6.22403
180,110,-6.17492
-180,112,-6.44937
-178,112,-6.39157
-176,112,-6.32861
-174,112,-6.26132
-172,112,-6.19062
-170,112,-6.11761
-168,112,-6.04343
-166,112,-5.96931
-164,112,-5.89655
-162,112,-5.82646
-160,112,-5.76034
-158,112,-5.69952
-156,112,-5.64527
-154,112,-5.59884
-152,112,-5.56143
-150,112,-5.53419
-148,112,-5.51818
-146,112,-5.51442
-144,112,-5.52384
-142,112,-5.54729
-140,112,-5.58554
-138,112,-5.63927
-136,112,-5.70907
-134,112,-5.79543
-132,112,-5.89876
-130,112,-6.01934
-128,112,-6.15734
-126,112,-6.31282
-124,112,-6.48567
-122,112,-6.67562
-120,112,-6.88223
-118,112,-7.10478
-116,112,-7.34233
-114,112,-7.59355
-112,112,-7.85674
-110,112,-8.12969
-108,112,-8.40961
-106,112,-8.69303
-104,112,-8.97572
-102,112,-9.25263
-100,112,-9.51788
-98,112,-9.76486
-96,112,-9.98643
-94,112,-10.1753
-92,112,-10.3246
-90,112,-10.4282
-88,112,-10.482
-86,112,-10.4837
-84,112,-10.4335
-82,112,-10.3339
-80,112,-10.1897
-78,112,-10.007
-76,112,-9.7926
-74,112,-9.55384
-72,112,-9.2976
-70,112,-9.03022
-68,112,-8.75722
-66,112,-8.48329
-64,112,-8.21228
-62,112,-7.94726
-60,112,-7.69062
-58,112,-7.44418
-56,112,-7.20929
-54,112,-6.98689
-52,112,-6.77761
-50,112,-6.58183
-48,112,-6.39972
-46,112,-6.23132
-44,112,-6.07651
-42,112,-5.93509
-40,112,-5.80677
-38,112,-5.69122
-36,112,-5.58802
-34,112,-5.49674
-32,112,-5.4169
-30,112,-5.34798
-28,112,-5.28945
-26,112,-5.24073
-24,112,-5.20122
-22,112,-5.17032
-20,112,-5.14739
-18,112,-5.13178
-16,112,-5.12285
-14,112,-5.11992
-12,112,-5.12236
-10,112,-5.12954
-8,112,-5.14085
-6,112,-5.15571
-4,112,-5.17363
-2,112,-5.19413
0,112,-5.21685
2,112,-5.24148
4,112,-5.26783
6,112,-5.29578
8,112,-5.32533
10,112,-5.35659
12,112,-5.38974
14,112,-5.4251
16,112,-5.46302
18,112,-5.50398
20,112,-5.54847
22,112,-5.59706
24,112,-5.65034
26,112,-5.70888
28,112,-5.77329
30,112,-5.84412
32,112,-5.92189
34,112,-6.00707
36,112,-6.10005
38,112,-6.20112
40,112,-6.31049
42,112,-6.42825
44,112,-6.55436
46,112,-6.68866
48,112,-6.83082
50,112,-6.98036
52,112,-7.13665
54,112,-7.29885
56,112,-7.46594
58,112,-7.6367
60,112,-7.8097
62,112,-7.9833
64,112,-8.15566
66,112,-8.3247
68,112,-8.4882
70,112,-8.64375
72,112,-8.78885
74,112,-8.92094
76,112,-9.03752
78,112,-9.1362
80,112,-9.21486
82,112,-9.27171
84,112,-9.30544
86,112,-9.3153
88,112,-9.30116
90,112,-9.26352
92,112,-9.20351
94,112,-9.12283
96,112,-9.02365
98,112,-8.9085
100,112,-8.78018
102,112,-8.64158
104,112,-8.4956
106,112,-8.34506
108,112,-8.19263
110,112,-8.04075
112,112,-7.8916
114,112,-7.74709
116,112,-7.60886
118,112,-7.47825
120,112,-7.35635
122,112,-7.24397
124,112,-7.14169
126,112,-7.04985
128,112,-6.96861
130,112,-6.89792
132,112,-6.83756
134,112,-6.78716
136,112,-6.74622
138,112,-6.71412
140,112,-6.69013
142,112,-6.67342
144,112,-6.66311
146,112,-6.65822
148,112,-6.65775
150,112,-6.66064
152,112,-6.66583
154,112,-6.67222
156,112,-6.67872
158,112,-6.68427
160,112,-6.68782
162,112,-6.68841
164,112,-6.68511
166,112,-6.67711
168,112,-6.6637
170,112,-6.64433
172,112,-6.61857
174,112,-6.58617
176,112,-6.54706
178,112,-6.50136
180,112,-6.44937
-180,114,-6.71902
-178,114,-6.65887
-176,114,-6.59409
-174,114,-6.5255
-172,114,-6.45402
-170,114,-6.3807
-168,114,-6.30668
-166,114,-6.23316
-164,114,-6.16139
-162,114,-6.09264
-160,114,-6.02819
-158,114,-5.96932
-156,114,-5.91728
-154,114,-5.8733
-152,114,-5.83853
-150,114,-5.81412
-148,114,-5.80111
-146,114,-5.80051
-144,114,-5.81324
-142,114,-5.84018
-140,114,-5.88209
-138,114,-5.93969
-136,114,-6.01359
-134,114,-6.10434
-132,114,-6.21238
-130,114,-6.33805
-128,114,-6.48162
-126,114,-6.64319
-124,114,-6.82277
-122,114,-7.02019
-120,114,-7.23509
-118,114,-7.4669
-116,114,-7.71475
-114,114,-7.97746
-112,114,-8.25339
-110,114,-8.54039
-108,114,-8.83569
-106,114,-9.13575
-104,114,-9.43619
-102,114,-9.73164
-100,114,-10.0158
-98,114,-10.2813
-96,114,-10.5202
-94,114,-10.7243
-92,114,-10.8857
-90,114,-10.9973
-88,114,-11.0543
-86,114,-11.054
-84,114,-10.9968
-82,114,-10.8859
-80,114,-10.7267
-78,114,-10.5263
-76,114,-10.2928
-74,114,-10.0342
-72,114,-9.75833
-70,114,-9.47198
-68,114,-9.18108
-66,114,-8.89051
-64,114,-8.60422
-62,114,-8.32527
-60,114,-8.05599
-58,114,-7.79811
-56,114,-7.55285
-54,114,-7.32103
-52,114,-7.10316
-50,114,-6.89951
-48,114,-6.71014
-46,114,-6.53497
-44,114,-6.3738
-42,114,-6.22636
-40,114,-6.0923
-38,114,-5.97122
-36,114,-5.86266
-34,114,-5.76616
-32,114,-5.68121
-30,114,-5.60727
-28,114,-5.5438
-26,114,-5.49022
-24,114,-5.44594
-22,114,-5.41037
-20,114,-5.38289
-18,114,-5.36287
-16,114,-5.34971
-14,114,-5.34276
-12,114,-5.34144
-10,114,-5.34514
-8,114,-5.35332
-6,114,-5.36544
-4,114,-5.38104
-2,114,-5.39971
0,114,-5.42111
2,114,-5.44498
4,114,-5.47115
6,114,-5.49953
8,114,-5.53016
10,114,-5.56312
12,114,-5.59864
14,114,-5.63701
16,114,-5.67859
18,114,-5.72383
20,114,-5.77323
22,114,-5.82732
24,114,-5.88667
26,114,-5.95186
28,114,-6.02347
30,114,-6.10204
32,114,-6.18808
34,114,-6.28207
36,114,-6.38439
38,114,-6.49536
40,114,-6.61521
42,114,-6.74406
44,114,-6.88191
46,114,-7.02862
48,114,-7.18393
50,114,-7.3474
52,114,-7.51843
54,114,-7.69623
56,114,-7.87979
58,114,-8.06791
60,114,-8.25911
62,114,-8.4517
64,114,-8.6437
66,114,-8.83288
68,114,-9.01676
70,114,-9.19263
72,114,-9.35759
74,114,-9.50865
76,114,-9.64279
78,114,-9.75711
80,114,-9.84897
82,114,-9.91615
84,114,-9.95698
86,114,-9.97049
88,114,-9.95648
90,114,-9.91556
92,114,-9.84912
94,114,-9.75925
96,114,-9.64859
98,114,-9.52021
100,114,-9.37741
102,114,-9.22359
104,114,-9.0621
106,114,-8.89612
108,114,-8.72861
110,114,-8.56221
112,114,-8.39925
114,114,-8.24174
116,114,-8.09133
118,114,-7.94937
120,114,-7.8169
122,114,-7.69468
124,114,-7.58322
126,114,-7.48278
128,114,-7.39344
130,114,-7.31507
132,114,-7.24737
134,114,-7.18991
136,114,-7.14212
138,114,-7.10331
140,114,-7.0727
142,114,-7.04945
144,114,-7.03261
146,114,-7.02121
148,114,-7.01422
150,114,-7.01058
152,114,-7.00923
154,114,-7.00909
156,114,-7.0091
158,114,-7.0082
160,114,-7.00542
162,114,-6.9998
164,114,-6.99048
166,114,-6.9767
168,114,-6.9578
170,114,-6.93326
172,114,-6.90272
174,114,-6.86597
176,114,-6.82298
178,114,-6.77389
180,114,-6.71902
-180,116,-6.98318
-178,116,-6.92076
-176,116,-6.8543
-174,116,-6.78457
-172,116,-6.7125
-170,116,-6.6391
-168,116,-6.56548
-166,116,-6.49279
-164,116,-6.42225
-162,116,-6.35508
-160,116,-6.29254
-158,116,-6.23585
-156,116,-6.18622
-154,116,-6.14485
-152,116,-6.11287
-150,116,-6.09138
-148,116,-6.08144
-146,116,-6.08402
-144,116,-6.10005
-142,116,-6.13039
-140,116,-6.17583
-138,116,-6.23711
-136,116,-6.31486
-134,116,-6.40967
-132,116,-6.52202
-130,116,-6.65233
-128,116,-6.8009
-126,116,-6.96794
-124,116,-7.15352
-122,116,-7.35759
-120,116,-7.57989
-118,116,-7.81995
-116,116,-8.07703
-114,116,-8.35003
-112,116,-8.63744
-110,116,-8.93718
-108,116,-9.24649
-106,116,-9.56181
-104,116,-9.87862
-102,116,-10.1913
-100,116,-10.493
-98,116,-10.7759
-96,116,-11.0312
-94,116,-11.2496
-92,116,-11.4222
-90,116,-11.5411
-88,116,-11.6005
-86,116,-11.5976
-84,116,-11.533
-82,116,-11.4103
-80,116,-11.2359
-78,116,-11.0181
-76,116,-10.7659
-74,116,-10.4883
-72,116,-10.1937
-70,116,-9.88958
-68,116,-9.58204
-66,116,-9.27617
-64,116,-8.97594
-62,116,-8.68437
-60,116,-8.40372
-58,116,-8.13559
-56,116,-7.88108
-54,116,-7.64087
-52,116,-7.41536
-50,116,-7.20468
-48,116,-7.00879
-46,116,-6.82753
-44,116,-6.66061
-42,116,-6.50769
-40,116,-6.36834
-38,116,-6.24212
-36,116,-6.12855
-34,116,-6.02711
-32,116,-5.93727
-30,116,-5.8585
-28,116,-5.79023
-26,116,-5.73189
-24,116,-5.68292
-22,116,-5.64271
-20,116,-5.61069
-18,116,-5.58625
-16,116,-5.56882
-14,116,-5.55781
-12,116,-5.55265
-10,116,-5.55281
-8,116,-5.55777
-6,116,-5.56706
-4,116,-5.58025
-2,116,-5.597
0,116,-5.61699
2,116,-5.64
4,116,-5.66591
6,116,-5.69464
8,116,-5.72625
10,116,-5.76086
12,116,-5.79867
14,116,-5.83997
16,116,-5.88514
18,116,-5.9346
20,116,-5.98884
22,116,-6.04837
24,116,-6.11375
26,116,-6.18553
28,116,-6.26429
30,116,-6.35055
32,116,-6.44483
34,116,-6.54759
36,116,-6.65925
38,116,-6.78013
40,116,-6.9105
42,116,-7.05051
44,116,-7.2002
46,116,-7.35951
48,116,-7.52821
50,116,-7.70595
52,116,-7.89217
54,116,-8.08614
56,116,-8.28691
58,116,-8.49329
60,116,-8.70381
62,116,-8.91673
64,116,-9.12997
66,116,-9.34114
68,116,-9.5475
70,116,-9.746
72,116,-9.93334
74,116,-10.106
76,116,-10.2603
78,116,-10.3928
80,116,-10.5002
82,116,-10.5797
84,116,-10.6292
86,116,-10.6474
88,116,-10.634
90,116,-10.5897
92,116,-10.5163
94,116,-10.4163
96,116,-10.2929
98,116,-10.1498
100,116,-9.99106
102,116,-9.82054
104,116,-9.6421
106,116,-9.45935
108,116,-9.27555
110,116,-9.09356
112,116,-8.91586
114,116,-8.7445
116,116,-8.58118
118,116,-8.42721
120,116,-8.28357
122,116,-8.15096
124,116,-8.0298
126,116,-7.92028
128,116,-7.82236
130,116,-7.73584
132,116,-7.66034
134,116,-7.59534
136,116,-7.54021
138,116,-7.49421
140,116,-7.4565
142,116,-7.4262
144,116,-7.40233
146,116,-7.38391
148,116,-7.36988
150,116,-7.35921
152,116,-7.35082
154,116,-7.34366
156,116,-7.33669
158,116,-7.3289
160,116,-7.31935
162,116,-7.30713
164,116,-7.29144
166,116,-7.27156
168,116,-7.2469
170,116,-7.21699
172,116,-7.18151
174,116,-7.1403
176,116,-7.09337
178,116,-7.04088
180,116,-6.98318
-180,118,-7.24096
-178,118,-7.17642
-176,118,-7.10843
-174,118,-7.03776
-172,118,-6.96531
-170,118,-6.89205
-168,118,-6.81906
-166,118,-6.74744
-164,118,-6.67837
-162,118,-6.61302
-160,118,-6.55259
-158,118,-6.49827
-156,118,-6.45123
-154,118,-6.4126
-152,118,-6.38351
-150,118,-6.36502
-148,118,-6.35816
-146,118,-6.36389
-144,118,-6.38313
-142,118,-6.41673
-140,118,-6.4655
-138,118,-6.53018
-136,118,-6.61143
-134,118,-6.70987
-132,118,-6.82602
-130,118,-6.96034
-128,118,-7.1132
-126,118,-7.28487
-124,118,-7.47551
-122,118,-7.68514
-120,118,-7.91361
-118,118,-8.16054
-116,118,-8.42531
-114,118,-8.70692
-112,118,-9.00394
-110,118,-9.31438
-108,118,-9.63551
-106,118,-9.96377
-104,118,-10.2945
-102,118,-10.6219
-100,118,-10.9387
-98,118,-11.2365
-96,118,-11.5058
-94,118,-11.7364
-92,118,-11.9184
-90,118,-12.043
-88,118,-12.1037
-86,118,-12.0977
-84,118,-12.0254
-82,118,-11.8913
-80,118,-11.7026
-78,118,-11.4687
-76,118,-11.1995
-74,118,-10.9049
-72,118,-10.5939
-70,118,-10.2742
-68,118,-9.95233
-66,118,-9.6334
-64,118,-9.32136
-62,118,-9.01919
-60,118,-8.72903
-58,118,-8.45235
-56,118,-8.19013
-54,118,-7.94293
-52,118,-7.71103
-50,118,-7.49444
-48,118,-7.29305
-46,118,-7.10658
-44,118,-6.9347
-42,118,-6.77697
-40,118,-6.63295
-38,118,-6.50212
-36,118,-6.38399
-34,118,-6.278
-32,118,-6.18363
-30,118,-6.10031
-28,118,-6.02748
-26,118,-5.9646
-24,118,-5.91108
-22,118,-5.86637
-20,118,-5.82991
-18,118,-5.80113
-16,118,-5.77948
-14,118,-5.76443
-12,118,-5.75546
-10,118,-5.75207
-8,118,-5.7538
-6,118,-5.76023
-4,118,-5.77098
-2,118,-5.78575
0,118,-5.80427
2,118,-5.82637
4,118,-5.85193
6,118,-5.88094
8,118,-5.91345
10,118,-5.94959
12,118,-5.98958
14,118,-6.03371
16,118,-6.08234
18,118,-6.13589
20,118,-6.19482
22,118,-6.25964
24,118,-6.33088
26,118,-6.40909
28,118,-6.49481
30,118,-6.58858
32,118,-6.69091
34,118,-6.80227
36,118,-6.92307
38,118,-7.05369
40,118,-7.19441
42,118,-7.34543
44,118,-7.50685
46,118,-7.67868
48,118,-7.86075
50,118,-8.0528
52,118,-8.25435
54,118,-8.46476
56,118,-8.68314
58,118,-8.90835
60,118,-9.13898
62,118,-9.37324
64,118,-9.609
66,118,-9.84372
68,118,-10.0744
70,118,-10.2978
72,118,-10.5099
74,118,-10.7068
76,118,-10.8841
78,118,-11.0376
80,118,-11.1632
82,118,-11.2573
84,118,-11.3173
86,118,-11.3415
88,118,-11.3294
90,118,-11.2819
92,118,-11.2011
94,118,-11.0901
96,118,-10.9528
98,118,-10.7938
100,118,-10.6177
102,118,-10.429
104,118,-10.2323
106,118,-10.0316
108,118,-9.83048
110,118,-9.63197
112,118,-9.43871
114,118,-9.2528
116,118,-9.07594
118,118,-8.9094
120,118,-8.75409
122,118,-8.61063
124,118,-8.47933
126,118,-8.36028
128,118,-8.25335
130,118,-8.15825
132,118,-8.0745
134,118,-8.00152
136,118,-7.9386
138,118,-7.88494
140,118,-7.83966
142,118,-7.80182
144,118,-7.77045
146,118,-7.74451
148,118,-7.72297
150,118,-7.70478
152,118,-7.68889
154,118,-7.67426
156,118,-7.65989
158,118,-7.64482
160,118,-7.62813
162,118,-7.60899
164,118,-7.58663
166,118,-7.56041
168,118,-7.52979
170,118,-7.49435
172,118,-7.45384
174,118,-7.40812
176,118,-7.35724
178,118,-7.30141
180,118,-7.24096
-180,120,-7.49133
-178,120,-7.42483
-176,120,-7.35551
-174,120,-7.28411
-172,120,-7.21151
-170,120,-7.13864
-168,120,-7.06651
-166,120,-6.99621
-164,120,-6.92883
-162,120,-6.86551
-160,120,-6.80739
-158,120,-6.7556
-156,120,-6.71127
-154,120,-6.6755
-152,120,-6.64935
-150,120,-6.63388
-148,120,-6.63006
-146,120,-6.63885
-144,120,-6.66114
-142,120,-6.6978
-140,120,-6.74961
-138,120,-6.81732
-136,120,-6.90161
-134,120,-7.00312
-132,120,-7.12241
-130,120,-7.25996
-128,120,-7.4162
-126,120,-7.59145
-124,120,-7.78594
-122,120,-7.99975
-120,120,-8.2328
-118,120,-8.48482
-116,120,-8.75524
-114,120,-9.04317
-112,120,-9.34725
-110,120,-9.66555
-108,120,-9.99538
-106,120,-10.3332
-104,120,-10.6741
-102,120,-11.0123
-100,120,-11.3403
-98,120,-11.649
-96,120,-11.9284
-94,120,-12.1676
-92,120,-12.3558
-90,120,-12.4837
-88,120,-12.5443
-86,120,-12.5343
-84,120,-12.4548
-82,120,-12.3106
-80,120,-12.1099
-78,120,-11.8627
-76,120,-11.5799
-74,120,-11.2718
-72,120,-10.9479
-70,120,-10.6163
-68,120,-10.2836
-66,120,-9.95487
-64,120,-9.63405
-62,120,-9.32403
-60,120,-9.02684
-58,120,-8.74387
-56,120,-8.47595
-54,120,-8.22355
-52,120,-7.98684
-50,120,-7.76577
-48,120,-7.56011
-46,120,-7.36955
-44,120,-7.19368
-42,120,-7.03202
-40,120,-6.88408
-38,120,-6.74933
-36,120,-6.62722
-34,120,-6.51722
-32,120,-6.41876
-30,120,-6.3313
-28,120,-6.25427
-26,120,-6.18714
-24,120,-6.12935
-22,120,-6.08037
-20,120,-6.03966
-18,120,-6.00671
-16,120,-5.98099
-14,120,-5.96202
-12,120,-5.94933
-10,120,-5.94247
-8,120,-5.94103
-6,120,-5.94464
-4,120,-5.95297
-2,120,-5.96577
0,120,-5.98281
2,120,-6.00395
4,120,-6.02912
6,120,-6.05833
8,120,-6.09163
10,120,-6.12919
12,120,-6.17122
14,120,-6.21802
16,120,-6.26992
18,120,-6.32735
20,120,-6.39075
22,120,-6.4606
24,120,-6.53744
26,120,-6.62178
28,120,-6.71416
30,120,-6.8151
32,120,-6.92512
34,120,-7.0447
36,120,-7.17427
38,120,-7.31423
40,120,-7.4649
42,120,-7.62653
44,120,-7.79929
46,120,-7.98324
48,120,-8.17833
50,120,-8.38436
52,120,-8.60098
54,120,-8.82764
56,120,-9.06356
58,120,-9.30769
60,120,-9.55866
62,120,-9.81474
64,120,-10.0738
66,120,-10.3331
68,120,-10.5896
70,120,-10.8395
72,120,-11.0785
74,120,-11.3021
76,120,-11.505
78,120,-11.6823
80,120,-11.8287
82,120,-11.9401
84,120,-12.0128
86,120,-12.0446
88,120,-12.0349
90,120,-11.9847
92,120,-11.8964
94,120,-11.7739
96,120,-11.6219
98,120,-11.4459
100,120,-11.2513
102,120,-11.0435
104,120,-10.8276
106,120,-10.608
108,120,-10.3888
110,120,-10.1731
112,120,-9.96374
114,120,-9.76282
116,120,-9.57202
118,120,-9.39254
120,120,-9.22523
122,120,-9.07058
124,120,-8.92881
126,120,-8.79991
128,120,-8.68363
130,120,-8.57959
132,120,-8.48723
134,120,-8.40588
136,120,-8.33476
138,120,-8.27302
140,120,-8.21974
142,120,-8.17395
144,120,-8.13462
146,120,-8.10074
148,120,-8.07126
150,120,-8.04514
152,120,-8.02134
154,120,-7.99887
156,120,-7.97675
158,120,-7.95406
160,120,-7.92995
162,120,-7.90363
164,120,-7.87441
166,120,-7.84169
168,120,-7.805
170,120,-7.76397
172,120,-7.7184
174,120,-7.6682
176,120,-7.61345
178,120,-7.55437
180,120,-7.49133
-180,122,-7.73304
-178,122,-7.6648
-176,122,-7.59438
-174,122,-7.52251
-172,122,-7.45
-170,122,-7.37776
-168,122,-7.30675
-166,122,-7.23798
-164,122,-7.17251
-162,122,-7.1114
-160,122,-7.05575
-158,122,-7.00663
-156,122,-6.96511
-154,122,-6.93225
-152,122,-6.90907
-150,122,-6.89657
-148,122,-6.8957
-146,122,-6.9074
-144,122,-6.93253
-142,122,-6.97194
-140,122,-7.0264
-138,122,-7.09667
-136,122,-7.18344
-134,122,-7.28733
-132,122,-7.40894
-130,122,-7.54878
-128,122,-7.70729
-126,122,-7.88484
-124,122,-8.08169
-122,122,-8.29796
-120,122,-8.53365
-118,122,-8.7885
-116,122,-9.06203
-114,122,-9.35339
-112,122,-9.66125
-110,122,-9.98373
-108,122,-10.3181
-106,122,-10.6609
-104,122,-11.0072
-102,122,-11.3509
-100,122,-11.6843
-98,122,-11.9982
-96,122,-12.2822
-94,122,-12.5248
-92,122,-12.7149
-90,122,-12.8427
-88,122,-12.9012
-86,122,-12.887
-84,122,-12.8013
-82,122,-12.6496
-80,122,-12.4405
-78,122,-12.1845
-76,122,-11.8929
-74,122,-11.5766
-72,122,-11.245
-70,122,-10.9065
-68,122,-10.5675
-66,122,-10.2332
-64,122,-9.90753
-62,122,-9.59315
-60,122,-9.29207
-58,122,-9.00557
-56,122,-8.73442
-54,122,-8.47901
-52,122,-8.23942
-50,122,-8.01556
-48,122,-7.80715
-46,122,-7.61382
-44,122,-7.43513
-42,122,-7.27059
-40,122,-7.11966
-38,122,-6.9818
-36,122,-6.85646
-34,122,-6.74309
-32,122,-6.64113
-30,122,-6.55004
-28,122,-6.46929
-26,122,-6.39833
-24,122,-6.33664
-22,122,-6.28373
-20,122,-6.23908
-18,122,-6.20222
-16,122,-6.17268
-14,122,-6.15001
-12,122,-6.13378
-10,122,-6.12361
-8,122,-6.11913
-6,122,-6.12003
-4,122,-6.12603
-2,122,-6.1369
0,122,-6.15248
2,122,-6.17267
4,122,-6.19741
6,122,-6.22674
8,122,-6.26074
10,122,-6.29959
12,122,-6.34349
14,122,-6.39274
16,122,-6.44768
18,122,-6.50871
20,122,-6.57626
22,122,-6.65081
24,122,-6.73285
26,122,-6.8229
28,122,-6.92148
30,122,-7.02911
32,122,-7.1463
34,122,-7.27354
36,122,-7.41128
38,122,-7.55994
40,122,-7.71989
42,122,-7.89143
44,122,-8.0748
46,122,-8.27013
48,122,-8.47747
50,122,-8.69672
52,122,-8.92765
54,122,-9.16982
56,122,-9.42259
58,122,-9.68502
60,122,-9.95585
62,122,-10.2334
64,122,-10.5156
66,122,-10.7997
68,122,-11.0824
70,122,-11.3598
72,122,-11.6271
74,122,-11.8791
76,122,-12.1098
78,122,-12.3132
80,122,-12.4832
82,122,-12.6143
84,122,-12.702
86,122,-12.7435
88,122,-12.7378
90,122,-12.6858
92,122,-12.5905
94,122,-12.4566
96,122,-12.2897
98,122,-12.0963
100,122,-11.8828
102,122,-11.6555
104,122,-11.4199
106,122,-11.1813
108,122,-10.9437
110,122,-10.7107
112,122,-10.4851
114,122,-10.2691
116,122,-10.0644
118,122,-9.8719
120,122,-9.69251
122,122,-9.52659
124,122,-9.37424
126,122,-9.23533
128,122,-9.10952
130,122,-8.99631
132,122,-8.89508
134,122,-8.80508
136,122,-8.72546
138,122,-8.65532
140,122,-8.59369
142,122,-8.53958
144,122,-8.49196
146,122,-8.44979
148,122,-8.41202
150,122,-8.37763
152,122,-8.34562
154,122,-8.31502
156,122,-8.28489
158,122,-8.25437
160,122,-8.22266
162,122,-8.18903
164,122,-8.15284
166,122,-8.11357
168,122,-8.0708
170,122,-8.02421
172,122,-7.97366
174,122,-7.9191
176,122,-7.86062
178,122,-7.79848
180,122,-7.73304
-180,124,-7.96464
-178,124,-7.89494
-176,124,-7.82371
-174,124,-7.75163
-172,124,-7.67949
-170,124,-7.60813
-168,124,-7.53847
-166,124,-7.47146
-164,124,-7.4081
-162,124,-7.34938
-160,124,-7.29633
-158,124,-7.24998
-156,124,-7.21133
-154,124,-7.18139
-152,124,-7.16113
-150,124,-7.15151
-148,124,-7.15344
-146,124,-7.16781
-144,124,-7.19548
-142,124,-7.23725
-140,124,-7.2939
-138,124,-7.36615
-136,124,-7.45469
-134,124,-7.56015
-132,124,-7.68311
-130,124,-7.8241
-128,124,-7.98357
-126,124,-8.16189
-124,124,-8.35933
-122,124,-8.57606
-120,124,-8.81204
-118,124,-9.06708
-116,124,-9.34067
-114,124,-9.63197
-112,124,-9.93967
-110,124,-10.2619
-108,124,-10.5958
-106,124,-10.938
-104,124,-11.2834
-102,124,-11.626
-100,124,-11.9579
-98,124,-12.2699
-96,124,-12.5514
-94,124,-12.7911
-92,124,-12.9777
-90,124,-13.1015
-88,124,-13.1557
-86,124,-13.1371
-84,124,-13.0473
-82,124,-12.8917
-80,124,-12.6791
-78,124,-12.4203
-76,124,-12.1265
-74,124,-11.8084
-72,124,-11.4756
-70,124,-11.1361
-68,124,-10.7965
-66,124,-10.4619
-64,124,-10.1359
-62,124,-9.82125
-60,124,-9.51994
-58,124,-9.23316
-56,124,-8.96164
-54,124,-8.70573
-52,124,-8.4655
-50,124,-8.24082
-48,124,-8.03139
-46,124,-7.83684
-44,124,-7.65671
-42,124,-7.49048
-40,124,-7.33765
-38,124,-7.19765
-36,124,-7.06995
-34,124,-6.95399
-32,124,-6.84924
-30,124,-6.75517
-28,124,-6.67126
-26,124,-6.59701
-24,124,-6.53192
-22,124,-6.47552
-20,124,-6.42734
-18,124,-6.38694
-16,124,-6.35391
-14,124,-6.32784
-12,124,-6.30836
-10,124,-6.29512
-8,124,-6.28782
-6,124,-6.28618
-4,124,-6.28998
-2,124,-6.29904
0,124,-6.31323
2,124,-6.33249
4,124,-6.35679
6,124,-6.38619
8,124,-6.42079
10,124,-6.46076
12,124,-6.50634
14,124,-6.5578
16,124,-6.61548
18,124,-6.67977
20,124,-6.75108
22,124,-6.82987
24,124,-6.91662
26,124,-7.01183
28,124,-7.11601
30,124,-7.22968
32,124,-7.35333
34,124,-7.48746
36,124,-7.63255
38,124,-7.78904
40,124,-7.95732
42,124,-8.13777
44,124,-8.33066
46,124,-8.53622
48,124,-8.75458
50,124,-8.98577
52,124,-9.22965
54,124,-9.48593
56,124,-9.75411
58,124,-10.0334
60,124,-10.3226
62,124,-10.6203
64,124,-10.9244
66,124,-11.2322
68,124,-11.5404
70,124,-11.8448
72,124,-12.1403
74,124,-12.4211
76,124,-12.6805
78,124,-12.9115
80,124,-13.1069
82,124,-13.2599
84,124,-13.365
86,124,-13.4183
88,124,-13.4184
90,124,-13.3664
92,124,-13.2655
94,124,-13.1213
96,124,-12.9405
98,124,-12.7304
100,124,-12.4988
102,124,-12.2525
104,124,-11.9981
106,124,-11.7409
108,124,-11.4857
110,124,-11.2361
112,124,-10.9949
114,124,-10.7644
116,124,-10.5461
118,124,-10.3411
120,124,-10.15
122,124,-9.9731
124,124,-9.81035
126,124,-9.66154
128,124,-9.52625
130,124,-9.40387
132,124,-9.2937
134,124,-9.19492
136,124,-9.10665
138,124,-9.02792
140,124,-8.95774
142,124,-8.89509
144,124,-8.83894
146,124,-8.78824
148,124,-8.74197
150,124,-8.69912
152,124,-8.65871
154,124,-8.61982
156,124,-8.58157
158,124,-8.54313
160,124,-8.50377
162,124,-8.46282
164,124,-8.4197
166,124,-8.37395
168,124,-8.3252
170,124,-8.27322
172,124,-8.21786
174,124,-8.15914
176,124,-8.09717
178,124,-8.03222
180,124,-7.96464
-180,126,-8.18453
-178,126,-8.1137
-176,126,-8.04196
-174,126,-7.96999
-172,126,-7.8985
-170,126,-7.8283
-168,126,-7.76023
-166,126,-7.69519
-164,126,-7.6341
-162,126,-7.57791
-160,126,-7.52757
-158,126,-7.48405
-156,126,-7.44828
-154,126,-7.42122
-152,126,-7.40379
-150,126,-7.39689
-148,126,-7.40139
-146,126,-7.41815
-144,126,-7.44797
-142,126,-7.49163
-140,126,-7.54988
-138,126,-7.62343
-136,126,-7.71292
-134,126,-7.81898
-132,126,-7.94218
-130,126,-8.08301
-128,126,-8.24192
-126,126,-8.41927
-124,126,-8.6153
-122,126,-8.83016
-120,126,-9.0638
-118,126,-9.31598
-116,126,-9.58616
-114,126,-9.87345
-112,126,-10.1765
-110,126,-10.4933
-108,126,-10.8212
-106,126,-11.1564
-104,126,-11.4942
-102,126,-11.8282
-100,126,-12.1508
-98,126,-12.453
-96,126,-12.7243
-94,126,-12.954
-92,126,-13.1313
-90,126,-13.2471
-88,126,-13.295
-86,126,-13.2724
-84,126,-13.1808
-82,126,-13.0257
-80,126,-12.8156
-78,126,-12.5607
-76,126,-12.2718
-74,126,-11.9593
-72,126,-11.6324
-70,126,-11.2988
-68,126,-10.9648
-66,126,-10.6354
-64,126,-10.3142
-62,126,-10.0039
-60,126,-9.70638
-58,126,-9.4229
-56,126,-9.15417
-54,126,-8.90055
-52,126,-8.66214
-50,126,-8.43882
-48,126,-8.23031
-46,126,-8.03624
-44,126,-7.85619
-42,126,-7.68966
-40,126,-7.53614
-38,126,-7.39511
-36,126,-7.26604
-34,126,-7.1484
-32,126,-7.04169
-30,126,-6.9454
-28,126,-6.85903
-26,126,-6.78212
-24,126,-6.71422
-22,126,-6.65487
-20,126,-6.60367
-18,126,-6.56021
-16,126,-6.52412
-14,126,-6.49505
-12,126,-6.47267
-10,126,-6.45669
-8,126,-6.44685
-6,126,-6.44292
-4,126,-6.44473
-2,126,-6.45213
0,126,-6.46505
2,126,-6.48343
4,126,-6.50729
6,126,-6.53671
8,126,-6.5718
10,126,-6.61275
12,126,-6.65978
14,126,-6.71317
16,126,-6.77325
18,126,-6.84038
20,126,-6.91498
22,126,-6.99748
24,126,-7.08835
26,126,-7.18806
28,126,-7.2971
30,126,-7.41599
32,126,-7.54523
34,126,-7.6853
36,126,-7.83669
38,126,-7.99986
40,126,-8.17525
42,126,-8.36325
44,126,-8.56422
46,126,-8.77844
48,126,-9.00613
50,126,-9.2474
52,126,-9.50224
54,126,-9.7705
56,126,-10.0518
58,126,-10.3455
60,126,-10.6506
62,126,-10.9657
64,126,-11.289
66,126,-11.6178
68,126,-11.9488
70,126,-12.2778
72,126,-12.5994
74,126,-12.9075
76,126,-13.1946
78,126,-13.4528
80,126,-13.6739
82,126,-13.8498
84,126,-13.9738
86,126,-14.041
88,126,-14.0495
90,126,-13.9999
92,126,-13.8961
94,126,-13.7442
96,126,-13.552
98,126,-13.3279
100,126,-13.0805
102,126,-12.8177
104,126,-12.5466
106,126,-12.2732
108,126,-12.0023
110,126,-11.7378
112,126,-11.4827
114,126,-11.2391
116,126,-11.0086
118,126,-10.7921
120,126,-10.5902
122,126,-10.403
124,126,-10.2305
126,126,-10.0723
128,126,-9.92792
130,126,-9.79665
132,126,-9.67773
134,126,-9.57031
136,126,-9.47343
138,126,-9.38613
140,126,-9.30739
142,126,-9.23616
144,126,-9.17142
146,126,-9.11215
148,126,-9.05732
150,126,-9.00597
152,126,-8.95715
154,126,-8.90999
156,126,-8.86365
158,126,-8.81737
160,126,-8.77047
162,126,-8.72235
164,126,-8.67249
166,126,-8.62048
168,126,-8.56601
170,126,-8.5089
172,126,-8.44904
174,126,-8.38647
176,126,-8.32134
178,126,-8.25391
180,126,-8.18453
-180,128,-8.39094
-178,128,-8.31935
-176,128,-8.24748
-174,128,-8.17593
-172,128,-8.1054
-170,128,-8.03663
-168,128,-7.97039
-166,128,-7.90752
-164,128,-7.84887
-162,128,-7.79532
-160,128,-7.74776
-158,128,-7.70708
-156,128,-7.67416
-154,128,-7.64989
-152,128,-7.63513
-150,128,-7.63073
-148,128,-7.63751
-146,128,-7.65627
-144,128,-7.68778
-142,128,-7.73278
-140,128,-7.79196
-138,128,-7.86599
-136,128,-7.95551
-134,128,-8.06108
-132,128,-8.18325
-130,128,-8.32247
-128,128,-8.47914
-126,128,-8.65359
-124,128,-8.84601
-122,128,-9.05647
-120,128,-9.28487
-118,128,-9.5309
-116,128,-9.79393
-114,128,-10.073
-112,128,-10.3666
-110,128,-10.6728
-108,128,-10.9886
-106,128,-11.3104
-104,128,-11.6333
-102,128,-11.9512
-100,128,-12.2567
-98,128,-12.5413
-96,128,-12.7951
-94,128,-13.0082
-92,128,-13.171
-90,128,-13.2752
-88,128,-13.3154
-86,128,-13.2894
-84,128,-13.1987
-82,128,-13.0486
-80,128,-12.8467
-78,128,-12.6025
-76,128,-12.3259
-74,128,-12.0262
-72,128,-11.7122
-70,128,-11.3912
-68,128,-11.069
-66,128,-10.7506
-64,128,-10.4393
-62,128,-10.138
-60,128,-9.84846
-58,128,-9.57197
-56,128,-9.30932
-54,128,-9.06093
-52,128,-8.82694
-50,128,-8.60728
-48,128,-8.40174
-46,128,-8.21001
-44,128,-8.03169
-42,128,-7.86633
-40,128,-7.71347
-38,128,-7.57261
-36,128,-7.44328
-34,128,-7.32498
-32,128,-7.21723
-30,128,-7.11957
-28,128,-7.03155
-26,128,-6.95273
-24,128,-6.88269
-22,128,-6.82105
-20,128,-6.76743
-18,128,-6.72147
-16,128,-6.68284
-14,128,-6.65125
-12,128,-6.62641
-10,128,-6.60809
-8,128,-6.59606
-6,128,-6.59015
-4,128,-6.59022
-2,128,-6.59617
0,128,-6.60795
2,128,-6.62555
4,128,-6.64901
6,128,-6.67841
8,128,-6.71389
10,128,-6.75564
12,128,-6.80387
14,128,-6.85888
16,128,-6.92097
18,128,-6.99049
20,128,-7.06785
22,128,-7.15344
24,128,-7.24772
26,128,-7.35115
28,128,-7.46421
30,128,-7.58737
32,128,-7.72114
34,128,-7.866
36,128,-8.02244
38,128,-8.19093
40,128,-8.37191
42,128,-8.56583
44,128,-8.77306
46,128,-8.99395
48,128,-9.22878
50,128,-9.47774
52,128,-9.74092
54,128,-10.0183
56,128,-10.3095
58,128,-10.6142
60,128,-10.9314
62,128,-11.26
64,128,-11.5981
66,128,-11.9434
68,128,-12.2926
70,128,-12.6414
72,128,-12.9844
74,128,-13.3153
76,128,-13.6262
78,128,-13.9085
80,128,-14.1531
82,128,-14.3508
84,128,-14.4939
86,128,-14.5765
88,128,-14.5957
90,128,-14.552
92,128,-14.4494
94,128,-14.2944
96,128,-14.0956
98,128,-13.8624
100,128,-13.6041
102,128,-13.3295
104,128,-13.0461
106,128,-12.7604
108,128,-12.4775
110,128,-12.2015
112,128,-11.9354
114,128,-11.6814
116,128,-11.4409
118,128,-11.2149
120,128,-11.0038
122,128,-10.8078
124,128,-10.6267
126,128,-10.4601
128,128,-10.3074
130,128,-10.168
132,128,-10.0408
134,128,-9.92522
136,128,-9.82011
138,128,-9.72452
140,128,-9.63744
142,128,-9.55784
144,128,-9.4847
146,128,-9.41701
148,128,-9.3538
150,128,-9.29413
152,128,-9.2371
154,128,-9.18188
156,128,-9.1277
158,128,-9.07385
160,128,-9.01972
162,128,-8.96475
164,128,-8.9085
166,128,-8.85061
168,128,-8.79083
170,128,-8.729
172,128,-8.66506
174,128,-8.59908
176,128,-8.53121
178,128,-8.46171
180,128,-8.39094
-180,130,-8.58197
-178,130,-8.51007
-176,130,-8.43846
-174,130,-8.36771
-172,130,-8.29846
-170,130,-8.23138
-168,130,-8.1672
-166,130,-8.10668
-164,130,-8.0506
-162,130,-7.99978
-160,130,-7.95503
-158,130,-7.91716
-156,130,-7.88701
-154,130,-7.86539
-152,130,-7.85309
-150,130,-7.85091
-148,130,-7.85961
-146,130,-7.87992
-144,130,-7.91258
-142,130,-7.95825
-140,130,-8.0176
-138,130,-8.09124
-136,130,-8.17975
-134,130,-8.28365
-132,130,-8.40341
-130,130,-8.53944
-128,130,-8.69209
-126,130,-8.86158
-124,130,-9.04805
-122,130,-9.25147
-120,130,-9.47165
-118,130,-9.70814
-116,130,-9.96023
-114,130,-10.2268
-112,130,-10.5063
-110,130,-10.7965
-108,130,-11.0946
-106,130,-11.3967
-104,130,-11.6983
-102,130,-11.9934
-100,130,-12.2751
-98,130,-12.5354
-96,130,-12.7657
-94,130,-12.9572
-92,130,-13.1014
-90,130,-13.1917
-88,130,-13.2233
-86,130,-13.1948
-84,130,-13.1076
-82,130,-12.9664
-80,130,-12.7777
-78,130,-12.5498
-76,130,-12.2914
-74,130,-12.011
-72,130,-11.7161
-70,130,-11.4136
-68,130,-11.1089
-66,130,-10.8067
-64,130,-10.5103
-62,130,-10.2223
-60,130,-9.94471
-58,130,-9.67881
-56,130,-9.42547
-54,130,-9.18519
-52,130,-8.95822
-50,130,-8.74457
-48,130,-8.54411
-46,130,-8.3566
-44,130,-8.18172
-42,130,-8.01909
-40,130,-7.8683
-38,130,-7.72891
-36,130,-7.60051
-34,130,-7.48263
-32,130,-7.37486
-30,130,-7.27678
-28,130,-7.18798
-26,130,-7.10807
-24,130,-7.03669
-22,130,-6.97347
-20,130,-6.91811
-18,130,-6.87028
-16,130,-6.82972
-14,130,-6.79615
-12,130,-6.76937
-10,130,-6.74915
-8,130,-6.73535
-6,130,-6.72781
-4,130,-6.72644
-2,130,-6.73119
0,130,-6.74202
2,130,-6.75895
4,130,-6.78204
6,130,-6.8114
8,130,-6.84717
10,130,-6.88954
12,130,-6.93873
14,130,-6.99501
16,130,-7.05868
18,130,-7.13009
20,130,-7.2096
22,130,-7.29761
24,130,-7.39454
26,130,-7.50082
28,130,-7.61691
30,130,-7.74328
32,130,-7.8804
34,130,-8.02874
36,130,-8.18878
38,130,-8.361
40,130,-8.54584
42,130,-8.74374
44,130,-8.95511
46,130,-9.18032
48,130,-9.41969
50,130,-9.67346
52,130,-9.94177
54,130,-10.2246
56,130,-10.5219
58,130,-10.8331
60,130,-11.1577
62,130,-11.4943
64,130,-11.8415
66,130,-12.197
68,130,-12.5575
70,130,-12.9189
72,130,-13.2761
74,130,-13.6224
76,130,-13.95
78,130,-14.2499
80,130,-14.5126
82,130,-14.7283
84,130,-14.8883
86,130,-14.9861
88,130,-15.018
90,130,-14.9841
92,130,-14.888
94,130,-14.7365
96,130,-14.5385
98,130,-14.3037
100,130,-14.0421
102,130,-13.7629
104,130,-13.474
106,130,-13.1823
108,130,-12.8931
110,130,-12.6107
112,130,-12.338
114,130,-12.0774
116,130,-11.8304
118,130,-11.5978
120,130,-11.3802
122,130,-11.1776
124,130,-10.9898
126,130,-10.8164
128,130,-10.6567
130,130,-10.5102
132,130,-10.3759
134,130,-10.2529
136,130,-10.1402
138,130,-10.037
140,130,-9.94217
142,130,-9.8547
144,130,-9.77362
146,130,-9.69797
148,130,-9.62681
150,130,-9.55924
152,130,-9.49444
154,130,-9.43163
156,130,-9.37008
158,130,-9.30915
160,130,-9.24829
162,130,-9.18701
164,130,-9.12491
166,130,-9.0617
168,130,-8.99716
170,130,-8.93116
172,130,-8.8637
174,130,-8.79484
176,130,-8.72474
178,130,-8.65367
180,130,-8.58197
-180,132,-8.75574
-178,132,-8.684
-176,132,-8.61308
-174,132,-8.54351
-172,132,-8.47586
-170,132,-8.41075
-168,132,-8.34885
-166,132,-8.29084
-164,132,-8.23744
-162,132,-8.1894
-160,132,-8.14744
-158,132,-8.11233
-156,132,-8.08481
-154,132,-8.06563
-152,132,-8.05553
-150,132,-8.05522
-148,132,-8.06541
-146,132,-8.08677
-144,132,-8.11996
-142,132,-8.1656
-140,132,-8.22429
-138,132,-8.29657
-136,132,-8.38297
-134,132,-8.48393
-132,132,-8.59985
-130,132,-8.73107
-128,132,-8.87784
-126,132,-9.0403
-124,132,-9.21848
-122,132,-9.41224
-120,132,-9.62126
-118,132,-9.84496
-116,132,-10.0825
-114,132,-10.3326
-112,132,-10.5936
-110,132,-10.8633
-108,132,-11.1387
-106,132,-11.4161
-104,132,-11.6911
-102,132,-11.9581
-100,132,-12.2109
-98,132,-12.4425
-96,132,-12.6453
-94,132,-12.812
-92,132,-12.9356
-90,132,-13.0108
-88,132,-13.0339
-86,132,-13.0039
-84,132,-12.9222
-82,132,-12.7925
-80,132,-12.6205
-78,132,-12.4129
-76,132,-12.1772
-74,132,-11.9204
-72,132,-11.6494
-70,132,-11.3701
-68,132,-11.0875
-66,132,-10.8058
-64,132,-10.5282
-62,132,-10.2574
-60,132,-9.99531
-58,132,-9.74325
-56,132,-9.50218
-54,132,-9.27274
-52,132,-9.05525
-50,132,-8.84985
-48,132,-8.65651
-46,132,-8.47509
-44,132,-8.30536
-42,132,-8.14702
-40,132,-7.99973
-38,132,-7.86315
-36,132,-7.7369
-34,132,-7.6206
-32,132,-7.51388
-30,132,-7.41637
-28,132,-7.32773
-26,132,-7.24762
-24,132,-7.17572
-22,132,-7.11173
-20,132,-7.05536
-18,132,-7.00637
-16,132,-6.96452
-14,132,-6.92959
-12,132,-6.90141
-10,132,-6.87982
-8,132,-6.86469
-6,132,-6.85593
-4,132,-6.85346
-2,132,-6.85727
0,132,-6.86736
2,132,-6.88375
4,132,-6.90655
6,132,-6.93584
8,132,-6.9718
10,132,-7.0146
12,132,-7.06447
14,132,-7.12167
16,132,-7.18648
18,132,-7.25923
20,132,-7.34027
22,132,-7.42995
24,132,-7.52868
26,132,-7.63687
28,132,-7.75495
30,132,-7.88334
32,132,-8.02251
34,132,-8.1729
36,132,-8.33497
38,132,-8.50916
40,132,-8.69592
42,132,-8.89567
44,132,-9.10881
46,132,-9.33572
48,132,-9.5767
50,132,-9.83202
52,132,-10.1018
54,132,-10.3862
56,132,-10.6849
58,132,-10.9977
60,132,-11.3238
62,132,-11.6623
64,132,-12.0116
66,132,-12.3695
68,132,-12.7329
70,132,-13.098
72,132,-13.4597
74,132,-13.8115
76,132,-14.1459
78,132,-14.454
80,132,-14.7263
82,132,-14.953
84,132,-15.1253
86,132,-15.2361
88,132,-15.2815
90,132,-15.2608
92,132,-15.1771
94,132,-15.0368
96,132,-14.8485
98,132,-14.6218
100,132,-14.3667
102,132,-14.0924
104,132,-13.8071
106,132,-13.5177
108,132,-13.2298
110,132,-12.9476
112,132,-12.6744
114,132,-12.4125
116,132,-12.1635
118,132,-11.9284
120,132,-11.7077
122,132,-11.5015
124,132,-11.3096
126,132,-11.1316
128,132,-10.967
130,132,-10.8151
132,132,-10.6751
134,132,-10.546
136,132,-10.427
138,132,-10.3172
140,132,-10.2155
142,132,-10.121
144,132,-10.0328
146,132,-9.94997
148,132,-9.8716
150,132,-9.79687
152,132,-9.72502
154,132,-9.65532
156,132,-9.58712
158,132,-9.51984
160,132,-9.45298
162,132,-9.38612
164,132,-9.31891
166,132,-9.25109
168,132,-9.1825
170,132,-9.11304
172,132,-9.04272
174,132,-8.97162
176,132,-8.89991
178,132,-8.82785
180,132,-8.75574
-180,134,-8.91039
-178,134,-8.83932
-176,134,-8.76955
-174,134,-8.70154
-172,134,-8.63582
-170,134,-8.57295
-168,134,-8.51352
-166,134,-8.45816
-164,134,-8.40752
-162,134,-8.36227
-160,134,-8.32306
-158,134,-8.29059
-156,134,-8.26552
-154,134,-8.24854
-152,134,-8.24031
-150,134,-8.24148
-148,134,-8.25268
-146,134,-8.27452
-144,134,-8.30758
-142,134,-8.35243
-140,134,-8.40958
-138,134,-8.47952
-136,134,-8.56266
-134,134,-8.65941
-132,134,-8.77006
-130,134,-8.89486
-128,134,-9.03395
-126,134,-9.18738
-124,134,-9.35504
-122,134,-9.5367
-120,134,-9.73187
-118,134,-9.93988
-116,134,-10.1597
-114,134,-10.39
-112,134,-10.6291
-110,134,-10.8745
-108,134,-11.1235
-106,134,-11.3725
-104,134,-11.6173
-102,134,-11.8531
-100,134,-12.0743
-98,134,-12.2748
-96,134,-12.4485
-94,134,-12.5894
-92,134,-12.6921
-90,134,-12.7524
-88,134,-12.7676
-86,134,-12.737
-84,134,-12.6619
-82,134,-12.5453
-80,134,-12.3917
-78,134,-12.2065
-76,134,-11.9957
-74,134,-11.7653
-72,134,-11.521
-70,134,-11.2678
-68,134,-11.0104
-66,134,-10.7523
-64,134,-10.4967
-62,134,-10.246
-60,134,-10.0022
-58,134,-9.76664
-56,134,-9.54037
-54,134,-9.32411
-52,134,-9.1183
-50,134,-8.92319
-48,134,-8.73886
-46,134,-8.56528
-44,134,-8.40232
-42,134,-8.24978
-40,134,-8.10741
-38,134,-7.97494
-36,134,-7.85207
-34,134,-7.73849
-32,134,-7.63391
-30,134,-7.53801
-28,134,-7.4505
-26,134,-7.37111
-24,134,-7.29957
-22,134,-7.23562
-20,134,-7.17904
-18,134,-7.12962
-16,134,-7.08717
-14,134,-7.05152
-12,134,-7.02254
-10,134,-7.00012
-8,134,-6.98415
-6,134,-6.97458
-4,134,-6.97139
-2,134,-6.97455
0,134,-6.98411
2,134,-7.00013
4,134,-7.02268
6,134,-7.05191
8,134,-7.08795
10,134,-7.131
12,134,-7.18127
14,134,-7.23901
16,134,-7.3045
18,134,-7.37802
20,134,-7.4599
22,134,-7.55049
24,134,-7.65015
26,134,-7.75926
28,134,-7.8782
30,134,-8.00739
32,134,-8.14724
34,134,-8.29815
36,134,-8.46056
38,134,-8.63487
40,134,-8.8215
42,134,-9.02082
44,134,-9.23322
46,134,-9.45902
48,134,-9.69851
50,134,-9.95191
52,134,-10.2194
54,134,-10.5009
56,134,-10.7962
58,134,-11.1052
60,134,-11.4269
62,134,-11.7605
64,134,-12.1044
66,134,-12.4564
68,134,-12.8138
70,134,-13.1727
72,134,-13.5283
74,134,-13.8746
76,134,-14.2045
78,134,-14.5098
80,134,-14.7814
82,134,-15.0103
84,134,-15.1881
86,134,-15.3079
88,134,-15.3655
90,134,-15.36
92,134,-15.2937
94,134,-15.1719
96,134,-15.0023
98,134,-14.7939
100,134,-14.5559
102,134,-14.2971
104,134,-14.0255
106,134,-13.748
108,134,-13.47
110,134,-13.196
112,134,-12.9294
114,134,-12.6725
116,134,-12.4272
118,134,-12.1944
120,134,-11.9749
122,134,-11.7688
124,134,-11.5762
126,134,-11.3966
128,134,-11.2296
130,134,-11.0746
132,134,-10.9308
134,134,-10.7974
136,134,-10.6737
138,134,-10.5587
140,134,-10.4515
142,134,-10.3512
144,134,-10.2571
146,134,-10.1681
148,134,-10.0836
150,134,-10.0027
152,134,-9.92482
154,134,-9.84922
156,134,-9.77534
158,134,-9.70267
160,134,-9.63076
162,134,-9.55924
164,134,-9.48782
166,134,-9.41629
168,134,-9.3445
170,134,-9.2724
172,134,-9.2
174,134,-9.1274
176,134,-9.05476
178,134,-8.98232
180,134,-8.91039
-180,136,-9.04423
-178,136,-8.97437
-176,136,-8.90619
-174,136,-8.84014
-172,136,-8.77666
-170,136,-8.71627
-168,136,-8.6595
-166,136,-8.60691
-164,136,-8.55907
-162,136,-8.51658
-160,136,-8.48004
-158,136,-8.45005
-156,136,-8.42722
-154,136,-8.41215
-152,136,-8.40543
-150,136,-8.40763
-148,136,-8.41933
-146,136,-8.44105
-144,136,-8.47331
-142,136,-8.51658
-140,136,-8.57131
-138,136,-8.6379
-136,136,-8.71669
-134,136,-8.80798
-132,136,-8.91199
-130,136,-9.02885
-128,136,-9.15861
-126,136,-9.3012
-124,136,-9.4564
-122,136,-9.62383
-120,136,-9.80293
-118,136,-9.99287
-116,136,-10.1926
-114,136,-10.4006
-112,136,-10.6151
-110,136,-10.8339
-108,136,-11.0542
-106,136,-11.2728
-104,136,-11.4859
-102,136,-11.6892
-100,136,-11.8781
-98,136,-12.0475
-96,136,-12.1926
-94,136,-12.3086
-92,136,-12.3913
-90,136,-12.4378
-88,136,-12.4461
-86,136,-12.4157
-84,136,-12.3478
-82,136,-12.2446
-80,136,-12.1096
-78,136,-11.9471
-76,136,-11.7618
-74,136,-11.5585
-72,136,-11.3419
-70,136,-11.1163
-68,136,-10.8855
-66,136,-10.6528
-64,136,-10.421
-62,136,-10.1924
-60,136,-9.96884
-58,136,-9.75176
-56,136,-9.54222
-54,136,-9.34101
-52,136,-9.14868
-50,136,-8.96558
-48,136,-8.7919
-46,136,-8.62771
-44,136,-8.47299
-42,136,-8.32764
-40,136,-8.1915
-38,136,-8.06439
-36,136,-7.94608
-34,136,-7.83636
-32,136,-7.73498
-30,136,-7.64171
-28,136,-7.55631
-26,136,-7.47856
-24,136,-7.40825
-22,136,-7.34519
-20,136,-7.28919
-18,136,-7.24009
-16,136,-7.19775
-14,136,-7.16205
-12,136,-7.13288
-10,136,-7.11017
-8,136,-7.09387
-6,136,-7.08394
-4,136,-7.08038
-2,136,-7.0832
0,136,-7.09247
2,136,-7.10825
4,136,-7.13064
6,136,-7.15977
8,136,-7.1958
10,136,-7.23891
12,136,-7.2893
14,136,-7.3472
16,136,-7.41287
18,136,-7.48659
20,136,-7.56864
22,136,-7.65934
24,136,-7.75903
26,136,-7.86803
28,136,-7.98671
30,136,-8.11542
32,136,-8.25453
34,136,-8.40442
36,136,-8.56545
38,136,-8.73799
40,136,-8.92239
42,136,-9.11898
44,136,-9.32808
46,136,-9.54995
48,136,-9.78483
50,136,-10.0329
52,136,-10.2941
54,136,-10.5685
56,136,-10.8558
58,136,-11.1555
60,136,-11.467
62,136,-11.7892
64,136,-12.1205
66,136,-12.4589
68,136,-12.8016
70,136,-13.145
72,136,-13.4847
74,136,-13.8152
76,136,-14.13
78,136,-14.4219
80,136,-14.6829
82,136,-14.905
84,136,-15.0809
86,136,-15.2043
88,136,-15.2715
90,136,-15.2811
92,136,-15.2347
94,136,-15.1365
96,136,-14.9926
98,136,-14.8108
100,136,-14.5991
102,136,-14.3655
104,136,-14.1172
106,136,-13.8608
108,136,-13.6015
110,136,-13.3439
112,136,-13.0912
114,136,-12.8461
116,136,-12.6104
118,136,-12.3854
120,136,-12.1719
122,136,-11.9703
124,136,-11.7806
126,136,-11.6028
128,136,-11.4364
130,136,-11.281
132,136,-11.1359
134,136,-11.0005
136,136,-10.874
138,136,-10.7557
140,136,-10.6447
142,136,-10.5403
144,136,-10.4416
146,136,-10.348
148,136,-10.2587
150,136,-10.173
152,136,-10.0903
154,136,-10.0101
156,136,-9.93171
158,136,-9.85481
160,136,-9.77898
162,136,-9.70391
164,136,-9.62934
166,136,-9.55511
168,136,-9.48109
170,136,-9.40727
172,136,-9.33366
174,136,-9.26035
176,136,-9.18753
178,136,-9.11539
180,136,-9.04423
-180,138,-9.15585
-178,138,-9.08773
-176,138,-9.02161
-174,138,-8.95788
-172,138,-8.89695
-170,138,-8.83926
-168,138,-8.7853
-166,138,-8.73555
-164,138,-8.69053
-162,138,-8.65074
-160,138,-8.61674
-158,138,-8.58904
-156,138,-8.56819
-154,138,-8.5547
-152,138,-8.5491
-150,138,-8.55189
-148,138,-8.56355
-146,138,-8.58455
-144,138,-8.61531
-142,138,-8.65624
-140,138,-8.7077
-138,138,-8.77
-136,138,-8.8434
-134,138,-8.92811
-132,138,-9.02425
-130,138,-9.13186
-128,138,-9.25088
-126,138,-9.38112
-124,138,-9.52228
-122,138,-9.67387
-120,138,-9.83523
-118,138,-10.0054
-116,138,-10.1834
-114,138,-10.3676
-112,138,-10.5563
-110,138,-10.7473
-108,138,-10.9382
-106,138,-11.1261
-104,138,-11.3075
-102,138,-11.4791
-100,138,-11.6368
-98,138,-11.7767
-96,138,-11.895
-94,138,-11.9881
-92,138,-12.0529
-90,138,-12.0872
-88,138,-12.0897
-86,138,-12.0601
-84,138,-11.9993
-82,138,-11.9089
-80,138,-11.7918
-78,138,-11.651
-76,138,-11.4903
-74,138,-11.3134
-72,138,-11.1241
-70,138,-10.9258
-68,138,-10.7218
-66,138,-10.515
-64,138,-10.3077
-62,138,-10.1021
-60,138,-9.89996
-58,138,-9.70256
-56,138,-9.51103
-54,138,-9.3262
-52,138,-9.14868
-50,138,-8.97892
-48,138,-8.8172
-46,138,-8.6637
-44,138,-8.51847
-42,138,-8.38152
-40,138,-8.25278
-38,138,-8.13216
-36,138,-8.01951
-34,138,-7.91469
-32,138,-7.81752
-30,138,-7.72784
-28,138,-7.64548
-26,138,-7.57028
-24,138,-7.50207
-22,138,-7.44071
-20,138,-7.38608
-18,138,-7.33805
-16,138,-7.29652
-14,138,-7.26141
-12,138,-7.23266
-10,138,-7.21022
-8,138,-7.19407
-6,138,-7.18421
-4,138,-7.18065
-2,138,-7.18344
0,138,-7.19263
2,138,-7.20833
4,138,-7.23062
6,138,-7.25964
8,138,-7.29555
10,138,-7.33852
12,138,-7.38874
14,138,-7.44642
16,138,-7.5118
18,138,-7.58513
20,138,-7.66666
22,138,-7.75669
24,138,-7.85549
26,138,-7.96337
28,138,-8.08065
30,138,-8.20762
32,138,-8.34461
34,138,-8.49193
36,138,-8.64989
38,138,-8.81879
40,138,-8.99892
42,138,-9.19054
44,138,-9.39388
46,138,-9.60913
48,138,-9.83642
50,138,-10.0758
52,138,-10.3273
54,138,-10.5906
56,138,-10.8655
58,138,-11.1513
60,138,-11.4474
62,138,-11.7526
64,138,-12.0652
66,138,-12.3833
68,138,-12.7042
70,138,-13.0247
72,138,-13.3406
74,138,-13.6472
76,138,-13.9388
78,138,-14.2091
80,138,-14.4517
82,138,-14.6598
84,138,-14.8274
86,138,-14.9494
88,138,-15.0225
90,138,-15.0452
92,138,-15.0185
94,138,-14.9454
96,138,-14.8307
98,138,-14.6804
100,138,-14.501
102,138,-14.2992
104,138,-14.0815
106,138,-13.8535
108,138,-13.6203
110,138,-13.3859
112,138,-13.1539
114,138,-12.9267
116,138,-12.7064
118,138,-12.4945
120,138,-12.2918
122,138,-12.099
124,138,-11.9164
126,138,-11.7439
128,138,-11.5814
130,138,-11.4286
132,138,-11.285
134,138,-11.15
136,138,-11.0231
138,138,-10.9036
140,138,-10.7908
142,138,-10.6841
144,138,-10.5827
146,138,-10.4862
148,138,-10.3937
150,138,-10.3047
152,138,-10.2188
154,138,-10.1353
156,138,-10.0538
158,138,-9.97405
160,138,-9.8956
162,138,-9.8182
164,138,-9.74167
166,138,-9.66585
168,138,-9.59067
170,138,-9.5161
172,138,-9.44219
174,138,-9.36904
176,138,-9.29678
178,138,-9.22564
180,138,-9.15585
-180,140,-9.24425
-178,140,-9.17837
-176,140,-9.11474
-174,140,-9.05367
-172,140,-8.99555
-170,140,-8.94077
-168,140,-8.88972
-166,140,-8.84286
-164,140,-8.80062
-162,140,-8.76346
-160,140,-8.73183
-158,140,-8.70621
-156,140,-8.68705
-154,140,-8.67481
-152,140,-8.66993
-150,140,-8.67284
-148,140,-8.68394
-146,140,-8.70362
-144,140,-8.73224
-142,140,-8.77012
-140,140,-8.81753
-138,140,-8.87471
-136,140,-8.94183
-134,140,-9.01901
-132,140,-9.10627
-130,140,-9.20357
-128,140,-9.31076
-126,140,-9.42757
-124,140,-9.55359
-122,140,-9.68828
-120,140,-9.83089
-118,140,-9.9805
-116,140,-10.136
-114,140,-10.2958
-112,140,-10.4585
-110,140,-10.622
-108,140,-10.784
-106,140,-10.9421
-104,140,-11.0935
-102,140,-11.2352
-100,140,-11.3642
-98,140,-11.4773
-96,140,-11.5717
-94,140,-11.6446
-92,140,-11.6939
-90,140,-11.7179
-88,140,-11.7157
-86,140,-11.6872
-84,140,-11.633
-82,140,-11.5546
-80,140,-11.4537
-78,140,-11.3329
-76,140,-11.1949
-74,140,-11.0427
-72,140,-10.8791
-70,140,-10.7069
-68,140,-10.5288
-66,140,-10.3472
-64,140,-10.1643
-62,140,-9.9817
-60,140,-9.80115
-58,140,-9.62389
-56,140,-9.45098
-54,140,-9.28327
-52,140,-9.12141
-50,140,-8.9659
-48,140,-8.81709
-46,140,-8.67523
-44,140,-8.54049
-42,140,-8.41293
-40,140,-8.29258
-38,140,-8.17941
-36,140,-8.07338
-34,140,-7.97439
-32,140,-7.88236
-30,140,-7.79717
-28,140,-7.71872
-26,140,-7.64689
-24,140,-7.58159
-22,140,-7.52272
-20,140,-7.47019
-18,140,-7.42393
-16,140,-7.38388
-14,140,-7.34999
-12,140,-7.32223
-10,140,-7.30059
-8,140,-7.28506
-6,140,-7.27568
-4,140,-7.27248
-2,140,-7.2755
0,140,-7.28484
2,140,-7.30058
4,140,-7.32283
6,140,-7.35172
8,140,-7.3874
10,140,-7.43003
12,140,-7.47978
14,140,-7.53686
16,140,-7.60147
18,140,-7.67384
20,140,-7.75418
22,140,-7.84275
24,140,-7.9398
26,140,-8.04558
28,140,-8.16035
30,140,-8.28436
32,140,-8.41788
34,140,-8.56117
36,140,-8.71445
38,140,-8.87796
40,140,-9.05191
42,140,-9.23648
44,140,-9.4318
46,140,-9.63797
48,140,-9.85502
50,140,-10.0829
52,140,-10.3214
54,140,-10.5704
56,140,-10.8292
58,140,-11.0974
60,140,-11.3739
62,140,-11.6577
64,140,-11.9471
66,140,-12.2401
68,140,-12.5344
70,140,-12.8269
72,140,-13.114
74,140,-13.3915
76,140,-13.6549
78,140,-13.899
80,140,-14.1184
82,140,-14.308
84,140,-14.463
86,140,-14.5795
88,140,-14.6547
90,140,-14.6874
92,140,-14.6781
94,140,-14.6288
96,140,-14.5429
98,140,-14.4248
100,140,-14.2796
102,140,-14.1126
104,140,-13.9291
106,140,-13.7338
108,140,-13.5313
110,140,-13.3251
112,140,-13.1186
114,140,-12.9143
116,140,-12.7141
118,140,-12.5197
120,140,-12.3321
122,140,-12.1521
124,140,-11.9802
126,140,-11.8166
128,140,-11.6613
130,140,-11.514
132,140,-11.3746
134,140,-11.2427
136,140,-11.1178
138,140,-10.9995
140,140,-10.8871
142,140,-10.7802
144,140,-10.6781
146,140,-10.5804
148,140,-10.4866
150,140,-10.3961
152,140,-10.3085
154,140,-10.2233
156,140,-10.1403
158,140,-10.0591
160,140,-9.97936
162,140,-9.90096
164,140,-9.82369
166,140,-9.74746
168,140,-9.6722
170,140,-9.5979
172,140,-9.52463
174,140,-9.45246
176,140,-9.38154
178,140,-9.31206
180,140,-9.24425
-180,142,-9.30891
-178,142,-9.24575
-176,142,-9.18497
-174,142,-9.12688
-172,142,-9.07179
-170,142,-9.02005
-168,142,-8.97201
-166,142,-8.92804
-164,142,-8.88852
-162,142,-8.85386
-160,142,-8.82444
-158,142,-8.80065
-156,142,-8.7829
-154,142,-8.77155
-152,142,-8.767
-150,142,-8.76958
-148,142,-8.77963
-146,142,-8.79747
-144,142,-8.82337
-142,142,-8.85757
-140,142,-8.90029
-138,142,-8.95166
-136,142,-9.01179
-134,142,-9.0807
-132,142,-9.15836
-130,142,-9.24463
-128,142,-9.3393
-126,142,-9.44202
-124,142,-9.55235
-122,142,-9.66967
-120,142,-9.79325
-118,142,-9.92215
-116,142,-10.0553
-114,142,-10.1913
-112,142,-10.3287
-110,142,-10.4658
-108,142,-10.6006
-106,142,-10.731
-104,142,-10.8548
-102,142,-10.9696
-100,142,-11.0729
-98,142,-11.1625
-96,142,-11.236
-94,142,-11.2917
-92,142,-11.3278
-90,142,-11.3433
-88,142,-11.3375
-86,142,-11.3103
-84,142,-11.2623
-82,142,-11.1944
-80,142,-11.108
-78,142,-11.0051
-76,142,-10.8875
-74,142,-10.7575
-72,142,-10.6174
-70,142,-10.4694
-68,142,-10.3155
-66,142,-10.1578
-64,142,-9.99807
-62,142,-9.83781
-60,142,-9.67843
-58,142,-9.52111
-56,142,-9.36685
-54,142,-9.21646
-52,142,-9.0706
-50,142,-8.92981
-48,142,-8.79448
-46,142,-8.66491
-44,142,-8.54134
-42,142,-8.42391
-40,142,-8.31271
-38,142,-8.20779
-36,142,-8.10916
-34,142,-8.0168
-32,142,-7.93069
-30,142,-7.85077
-28,142,-7.77699
-26,142,-7.70929
-24,142,-7.64763
-22,142,-7.59195
-20,142,-7.54221
-18,142,-7.49837
-16,142,-7.46041
-14,142,-7.42831
-12,142,-7.40207
-10,142,-7.38171
-8,142,-7.36724
-6,142,-7.35871
-4,142,-7.35617
-2,142,-7.35969
0,142,-7.36935
2,142,-7.38525
4,142,-7.4075
6,142,-7.43621
8,142,-7.47154
10,142,-7.51363
12,142,-7.56263
14,142,-7.61874
16,142,-7.68211
18,142,-7.75296
20,142,-7.83147
22,142,-7.91785
24,142,-8.0123
26,142,-8.11504
28,142,-8.22626
30,142,-8.34618
32,142,-8.47499
34,142,-8.61288
36,142,-8.76002
38,142,-8.91656
40,142,-9.08262
42,142,-9.2583
44,142,-9.44365
46,142,-9.63865
48,142,-9.84324
50,142,-10.0573
52,142,-10.2804
54,142,-10.5124
56,142,-10.7525
58,142,-11.0002
60,142,-11.2544
62,142,-11.5139
64,142,-11.7772
66,142,-12.0424
68,142,-12.3074
70,142,-12.5694
72,142,-12.8253
74,142,-13.0719
76,142,-13.3051
78,142,-13.5211
80,142,-13.7156
82,142,-13.8848
84,142,-14.0251
86,142,-14.1334
88,142,-14.2077
90,142,-14.247
92,142,-14.2516
94,142,-14.2226
96,142,-14.1624
98,142,-14.0741
100,142,-13.9616
102,142,-13.8287
104,142,-13.6795
106,142,-13.5179
108,142,-13.3477
110,142,-13.172
112,142,-12.9936
114,142,-12.815
116,142,-12.638
118,142,-12.4643
120,142,-12.295
122,142,-12.131
124,142,-11.9729
126,142,-11.8211
128,142,-11.6758
130,142,-11.5369
132,142,-11.4044
134,142,-11.2781
136,142,-11.1576
138,142,-11.0427
140,142,-10.9329
142,142,-10.8278
144,142,-10.727
146,142,-10.6302
148,142,-10.5368
150,142,-10.4465
152,142,-10.359
154,142,-10.2738
156,142,-10.1907
158,142,-10.1095
160,142,-10.03
162,142,-9.95187
164,142,-9.87511
166,142,-9.79962
168,142,-9.72535
170,142,-9.65232
172,142,-9.58058
174,142,-9.51022
176,142,-9.44137
178,142,-9.3742
180,142,-9.30891
-180,144,-9.34988
-178,144,-9.28983
-176,144,-9.23225
-174,144,-9.17738
-172,144,-9.12549
-170,144,-9.07689
-168,144,-9.03188
-166,144,-8.99078
-164,144,-8.9539
-162,144,-8.92159
-160,144,-8.89418
-158,144,-8.87198
-156,144,-8.85534
-154,144,-8.84457
-152,144,-8.83996
-150,144,-8.84182
-148,144,-8.85039
-146,144,-8.86592
-144,144,-8.88863
-142,144,-8.91867
-140,144,-8.95619
-138,144,-9.00125
-136,144,-9.0539
-134,144,-9.1141
-132,144,-9.18173
-130,144,-9.25662
-128,144,-9.33848
-126,144,-9.42695
-124,144,-9.52154
-122,144,-9.62165
-120,144,-9.72653
-118,144,-9.83532
-116,144,-9.94699
-114,144,-10.0604
-112,144,-10.1741
-110,144,-10.2867
-108,144,-10.3966
-106,144,-10.5021
-104,144,-10.6013
-102,144,-10.6923
-100,144,-10.7734
-98,144,-10.8428
-96,144,-10.8987
-94,144,-10.94
-92,144,-10.9653
-90,144,-10.9738
-88,144,-10.9653
-86,144,-10.9395
-84,144,-10.897
-82,144,-10.8383
-80,144,-10.7646
-78,144,-10.6772
-76,144,-10.5775
-74,144,-10.4673
-72,144,-10.3482
-70,144,-10.2219
-68,144,-10.0902
-66,144,-9.95448
-64,144,-9.81635
-62,144,-9.67709
-60,144,-9.53789
-58,144,-9.39979
-56,144,-9.26368
-54,144,-9.13034
-52,144,-9.0004
-50,144,-8.87439
-48,144,-8.75274
-46,144,-8.63578
-44,144,-8.52379
-42,144,-8.41696
-40,144,-8.31543
-38,144,-8.21932
-36,144,-8.1287
-34,144,-8.04359
-32,144,-7.96403
-30,144,-7.89002
-28,144,-7.82156
-26,144,-7.75864
-24,144,-7.70124
-22,144,-7.64937
-20,144,-7.60301
-18,144,-7.56215
-16,144,-7.52682
-14,144,-7.49702
-12,144,-7.47277
-10,144,-7.4541
-8,144,-7.44107
-6,144,-7.43372
-4,144,-7.43212
-2,144,-7.43634
0,144,-7.44647
2,144,-7.46261
4,144,-7.48486
6,144,-7.51335
8,144,-7.54819
10,144,-7.58953
12,144,-7.6375
14,144,-7.69226
16,144,-7.75396
18,144,-7.82276
20,144,-7.89883
22,144,-7.98232
24,144,-8.0734
26,144,-8.17224
28,144,-8.27898
30,144,-8.39378
32,144,-8.51676
34,144,-8.64806
36,144,-8.78777
38,144,-8.93598
40,144,-9.09271
42,144,-9.25799
44,144,-9.43177
46,144,-9.61395
48,144,-9.80436
50,144,-10.0028
52,144,-10.2088
54,144,-10.422
56,144,-10.6417
58,144,-10.8671
60,144,-11.0974
62,144,-11.3312
64,144,-11.5673
66,144,-11.8037
68,144,-12.0387
70,144,-12.2699
72,144,-12.4948
74,144,-12.7105
76,144,-12.9141
78,144,-13.1025
80,144,-13.2726
82,144,-13.4214
84,144,-13.5463
86,144,-13.6451
88,144,-13.7165
90,144,-13.7594
92,144,-13.774
94,144,-13.7612
96,144,-13.7223
98,144,-13.6597
100,144,-13.5758
102,144,-13.4737
104,144,-13.3564
106,144,-13.2268
108,144,-13.0879
110,144,-12.9423
112,144,-12.7924
114,144,-12.6403
116,144,-12.4878
118,144,-12.3364
120,144,-12.1872
122,144,-12.0412
124,144,-11.8991
126,144,-11.7613
128,144,-11.6282
130,144,-11.4999
132,144,-11.3765
134,144,-11.258
136,144,-11.1441
138,144,-11.0347
140,144,-10.9295
142,144,-10.8283
144,144,-10.7307
146,144,-10.6365
148,144,-10.5454
150,144,-10.457
152,144,-10.3711
154,144,-10.2875
156,144,-10.2059
158,144,-10.1262
160,144,-10.0481
162,144,-9.97156
164,144,-9.8965
166,144,-9.82284
168,144,-9.75058
170,144,-9.67974
172,144,-9.61037
174,144,-9.54256
176,144,-9.47644
178,144,-9.41215
180,144,-9.34988
-180,146,-9.3678
-178,146,-9.31121
-176,146,-9.25706
-174,146,-9.2056
-172,146,-9.15704
-170,146,-9.11164
-168,146,-9.06965
-166,146,-9.03135
-164,146,-8.997
-162,146,-8.96688
-160,146,-8.94127
-158,146,-8.92043
-156,146,-8.90463
-154,146,-8.89412
-152,146,-8.88915
-150,146,-8.88993
-148,146,-8.89668
-146,146,-8.90955
-144,146,-8.92871
-142,146,-8.95425
-140,146,-8.98625
-138,146,-9.02473
-136,146,-9.06966
-134,146,-9.12096
-132,146,-9.17847
-130,146,-9.24197
-128,146,-9.31116
-126,146,-9.38565
-124,146,-9.46496
-122,146,-9.54851
-120,146,-9.63559
-118,146,-9.72543
-116,146,-9.8171
-114,146,-9.90959
-112,146,-10.0017
-110,146,-10.0924
-108,146,-10.1801
-106,146,-10.2636
-104,146,-10.3413
-102,146,-10.412
-100,146,-10.4742
-98,146,-10.5266
-96,146,-10.568
-94,146,-10.5973
-92,146,-10.6138
-90,146,-10.617
-88,146,-10.6064
-86,146,-10.5821
-84,146,-10.5444
-82,146,-10.4937
-80,146,-10.4308
-78,146,-10.3568
-76,146,-10.2726
-74,146,-10.1795
-72,146,-10.0788
-70,146,-9.97185
-68,146,-9.85983
-66,146,-9.74405
-64,146,-9.62566
-62,146,-9.50578
-60,146,-9.38539
-58,146,-9.26538
-56,146,-9.14656
-54,146,-9.02961
-52,146,-8.91513
-50,146,-8.80363
-48,146,-8.69552
-46,146,-8.59118
-44,146,-8.49088
-42,146,-8.39485
-40,146,-8.3033
-38,146,-8.21635
-36,146,-8.13413
-34,146,-8.05672
-32,146,-7.98418
-30,146,-7.91658
-28,146,-7.85394
-26,146,-7.79629
-24,146,-7.74367
-22,146,-7.6961
-20,146,-7.65361
-18,146,-7.61621
-16,146,-7.58395
-14,146,-7.55686
-12,146,-7.53498
-10,146,-7.51837
-8,146,-7.50708
-6,146,-7.50117
-4,146,-7.50072
-2,146,-7.50581
0,146,-7.51652
2,146,-7.53295
4,146,-7.55519
6,146,-7.58337
8,146,-7.61759
10,146,-7.65796
12,146,-7.70462
14,146,-7.75769
16,146,-7.81729
18,146,-7.88356
20,146,-7.95662
22,146,-8.0366
24,146,-8.12361
26,146,-8.21778
28,146,-8.31921
30,146,-8.42799
32,146,-8.5442
34,146,-8.6679
36,146,-8.79912
38,146,-8.93788
40,146,-9.08414
42,146,-9.23784
44,146,-9.39886
46,146,-9.56703
48,146,-9.7421
50,146,-9.92375
52,146,-10.1116
54,146,-10.305
56,146,-10.5034
58,146,-10.7061
60,146,-10.912
62,146,-11.12
64,146,-11.3289
66,146,-11.537
68,146,-11.7429
70,146,-11.9445
72,146,-12.1397
74,146,-12.3265
76,146,-12.5024
78,146,-12.6651
80,146,-12.8123
82,146,-12.942
84,146,-13.0521
86,146,-13.1412
88,146,-13.2081
90,146,-13.2523
92,146,-13.2738
94,146,-13.2729
96,146,-13.2508
98,146,-13.2089
100,146,-13.1489
102,146,-13.073
104,146,-12.9834
106,146,-12.8823
108,146,-12.7718
110,146,-12.6542
112,146,-12.5313
114,146,-12.4049
116,146,-12.2766
118,146,-12.1476
120,146,-12.019
122,146,-11.8918
124,146,-11.7667
126,146,-11.6442
128,146,-11.5248
130,146,-11.4087
132,146,-11.296
134,146,-11.1869
136,146,-11.0813
138,146,-10.9791
140,146,-10.8803
142,146,-10.7846
144,146,-10.692
146,146,-10.6021
148,146,-10.5148
150,146,-10.4299
152,146,-10.3472
154,146,-10.2666
156,146,-10.1878
158,146,-10.1108
160,146,-10.0354
162,146,-9.96158
164,146,-9.88927
166,146,-9.81844
168,146,-9.74909
170,146,-9.68126
172,146,-9.615
174,146,-9.55039
176,146,-9.48757
178,146,-9.42665
180,146,-9.3678
-180,148,-9.36391
-178,148,-9.31101
-176,148,-9.2605
-174,148,-9.21256
-172,148,-9.16738
-170,148,-9.12519
-168,148,-9.08618
-166,148,-9.05059
-164,148,-9.01863
-162,148,-8.99054
-160,148,-8.96653
-158,148,-8.94682
-156,148,-8.93162
-154,148,-8.92112
-152,148,-8.91552
-150,148,-8.91498
-148,148,-8.91964
-146,148,-8.92962
-144,148,-8.94502
-142,148,-8.96588
-140,148,-8.99224
-138,148,-9.02407
-136,148,-9.06129
-134,148,-9.1038
-132,148,-9.1514
-130,148,-9.20386
-128,148,-9.26086
-126,148,-9.32203
-124,148,-9.38692
-122,148,-9.45497
-120,148,-9.52558
-118,148,-9.59803
-116,148,-9.67155
-114,148,-9.74527
-112,148,-9.81824
-110,148,-9.88947
-108,148,-9.9579
-106,148,-10.0225
-104,148,-10.082
-102,148,-10.1355
-100,148,-10.182
-98,148,-10.2203
-96,148,-10.2497
-94,148,-10.2695
-92,148,-10.279
-90,148,-10.2779
-88,148,-10.2659
-86,148,-10.243
-84,148,-10.2095
-82,148,-10.1657
-80,148,-10.1121
-78,148,-10.0494
-76,148,-9.97847
-74,148,-9.90016
-72,148,-9.81542
-70,148,-9.72525
-68,148,-9.63062
-66,148,-9.53251
-64,148,-9.43185
-62,148,-9.32952
-60,148,-9.22634
-58,148,-9.12306
-56,148,-9.02037
-54,148,-8.91888
-52,148,-8.81911
-50,148,-8.72154
-48,148,-8.62658
-46,148,-8.53458
-44,148,-8.44584
-42,148,-8.36059
-40,148,-8.27906
-38,148,-8.20142
-36,148,-8.12781
-34,148,-8.05835
-32,148,-7.99314
-30,148,-7.93226
-28,148,-7.8758
-26,148,-7.8238
-24,148,-7.77633
-22,148,-7.73344
-20,148,-7.69518
-18,148,-7.6616
-16,148,-7.63276
-14,148,-7.6087
-12,148,-7.5895
-10,148,-7.5752
-8,148,-7.56588
-6,148,-7.56161
-4,148,-7.56246
-2,148,-7.56852
0,148,-7.57986
2,148,-7.59659
4,148,-7.61878
6,148,-7.64655
8,148,-7.67998
10,148,-7.71918
12,148,-7.76425
14,148,-7.8153
16,148,-7.87241
18,148,-7.9357
20,148,-8.00526
22,148,-8.08116
24,148,-8.1635
26,148,-8.25235
28,148,-8.34776
30,148,-8.44979
32,148,-8.55844
34,148,-8.67374
36,148,-8.79565
38,148,-8.92414
40,148,-9.0591
42,148,-9.20041
44,148,-9.3479
46,148,-9.50134
48,148,-9.66042
50,148,-9.82477
52,148,-9.99396
54,148,-10.1674
56,148,-10.3445
58,148,-10.5245
60,148,-10.7065
62,148,-10.8895
64,148,-11.0723
66,148,-11.2537
68,148,-11.4322
70,148,-11.6064
72,148,-11.7744
74,148,-11.9348
76,148,-12.0856
78,148,-12.2253
80,148,-12.3519
82,148,-12.4642
84,148,-12.5606
86,148,-12.6401
88,148,-12.702
90,148,-12.7457
92,148,-12.7712
94,148,-12.7789
96,148,-12.7693
98,148,-12.7434
100,148,-12.7026
102,148,-12.6481
104,148,-12.5815
106,148,-12.5046
108,148,-12.4188
110,148,-12.3259
112,148,-12.2273
114,148,-12.1244
116,148,-12.0186
118,148,-11.9109
120,148,-11.8023
122,148,-11.6937
124,148,-11.5857
126,148,-11.479
128,148,-11.3739
130,148,-11.2707
132,148,-11.1698
134,148,-11.0712
136,148,-10.9751
138,148,-10.8815
140,148,-10.7903
142,148,-10.7016
144,148,-10.6151
146,148,-10.5309
148,148,-10.4488
150,148,-10.3686
152,148,-10.2904
154,148,-10.214
156,148,-10.1392
158,148,-10.066
160,148,-9.99439
162,148,-9.92427
164,148,-9.85563
166,148,-9.78846
168,148,-9.72278
170,148,-9.65864
172,148,-9.5961
174,148,-9.53525
176,148,-9.47618
178,148,-9.41902
180,148,-9.36391
-180,150,-9.33998
-178,150,-9.29094
-176,150,-9.24417
-174,150,-9.1998
-172,150,-9.15802
-170,150,-9.11898
-168,150,-9.08288
-166,150,-9.04989
-164,150,-9.02018
-162,150,-8.99395
-160,150,-8.97136
-158,150,-8.95258
-156,150,-8.93778
-154,150,-8.9271
-152,150,-8.92068
-150,150,-8.91864
-148,150,-8.92107
-146,150,-8.92805
-144,150,-8.93962
-142,150,-8.95581
-140,150,-8.97659
-138,150,-9.00191
-136,150,-9.03166
-134,150,-9.06572
-132,150,-9.10389
-130,150,-9.14593
-128,150,-9.19154
-126,150,-9.24036
-124,150,-9.29198
-122,150,-9.34592
-120,150,-9.40164
-118,150,-9.45855
-116,150,-9.51597
-114,150,-9.5732
-112,150,-9.62949
-110,150,-9.68402
-108,150,-9.73599
-106,150,-9.78455
-104,150,-9.82887
-102,150,-9.86815
-100,150,-9.9016
-98,150,-9.92852
-96,150,-9.94829
-94,150,-9.96038
-92,150,-9.96438
-90,150,-9.95999
-88,150,-9.94708
-86,150,-9.92563
-84,150,-9.89578
-82,150,-9.8578
-80,150,-9.81206
-78,150,-9.75905
-76,150,-9.69937
-74,150,-9.63365
-72,150,-9.5626
-70,150,-9.48696
-68,150,-9.40747
-66,150,-9.32488
-64,150,-9.23991
-62,150,-9.15326
-60,150,-9.0656
-58,150,-8.97754
-56,150,-8.88967
-54,150,-8.80249
-52,150,-8.71649
-50,150,-8.63208
-48,150,-8.54964
-46,150,-8.4695
-44,150,-8.39195
-42,150,-8.31725
-40,150,-8.2456
-38,150,-8.1772
-36,150,-8.11221
-34,150,-8.05077
-32,150,-7.99301
-30,150,-7.93904
-28,150,-7.88894
-26,150,-7.84282
-24,150,-7.80073
-22,150,-7.76277
-20,150,-7.72899
-18,150,-7.69947
-16,150,-7.67428
-14,150,-7.65348
-12,150,-7.63714
-10,150,-7.62534
-8,150,-7.61814
-6,150,-7.61562
-4,150,-7.61786
-2,150,-7.62493
0,150,-7.63692
2,150,-7.6539
4,150,-7.67597
6,150,-7.70319
8,150,-7.73567
10,150,-7.77348
12,150,-7.8167
14,150,-7.86542
16,150,-7.91969
18,150,-7.97961
20,150,-8.04522
22,150,-8.11658
24,150,-8.19374
26,150,-8.27673
28,150,-8.36557
30,150,-8.46026
32,150,-8.56078
34,150,-8.66709
36,150,-8.77912
38,150,-8.89678
40,150,-9.01992
42,150,-9.14839
44,150,-9.28196
46,150,-9.42036
48,150,-9.56328
50,150,-9.71032
52,150,-9.86102
54,150,-10.0149
56,150,-10.1712
58,150,-10.3294
60,150,-10.4886
62,150,-10.648
64,150,-10.8065
66,150,-10.9631
68,150,-11.1167
70,150,-11.266
72,150,-11.4097
74,150,-11.5466
76,150,-11.6753
78,150,-11.7945
80,150,-11.903
82,150,-11.9998
84,150,-12.0838
86,150,-12.1543
88,150,-12.2108
90,150,-12.2528
92,150,-12.2804
94,150,-12.2937
96,150,-12.2931
98,150,-12.2793
100,150,-12.2531
102,150,-12.2155
104,150,-12.1675
106,150,-12.1104
108,150,-12.0453
110,150,-11.9734
112,150,-11.8958
114,150,-11.8137
116,150,-11.728
118,150,-11.6398
120,150,-11.5497
122,150,-11.4586
124,150,-11.3671
126,150,-11.2757
128,150,-11.1848
130,150,-11.0948
132,150,-11.006
134,150,-10.9185
136,150,-10.8326
138,150,-10.7483
140,150,-10.6657
142,150,-10.5848
144,150,-10.5055
146,150,-10.428
148,150,-10.352
150,150,-10.2777
152,150,-10.2049
154,150,-10.1336
156,150,-10.0638
158,150,-9.99532
160,150,-9.9283
162,150,-9.86265
164,150,-9.7984
166,150,-9.73556
168,150,-9.67416
170,150,-9.61426
172,150,-9.55591
174,150,-9.49921
176,150,-9.44424
178,150,-9.39113
180,150,-9.33998
-180,152,-9.29822
-178,152,-9.25313
-176,152,-9.21012
-174,152,-9.16933
-172,152,-9.13089
-170,152,-9.09495
-168,152,-9.06165
-166,152,-9.03113
-164,152,-9.00354
-162,152,-8.97901
-160,152,-8.95768
-158,152,-8.93968
-156,152,-8.92513
-154,152,-8.91413
-152,152,-8.90678
-150,152,-8.90316
-148,152,-8.90333
-146,152,-8.90732
-144,152,-8.91515
-142,152,-8.9268
-140,152,-8.94223
-138,152,-8.96136
-136,152,-8.9841
-134,152,-9.01027
-132,152,-9.03971
-130,152,-9.07218
-128,152,-9.10739
-126,152,-9.14505
-124,152,-9.18477
-122,152,-9.22616
-120,152,-9.26874
-118,152,-9.31204
-116,152,-9.3555
-114,152,-9.39855
-112,152,-9.44061
-110,152,-9.48103
-108,152,-9.5192
-106,152,-9.55447
-104,152,-9.58622
-102,152,-9.61386
-100,152,-9.6368
-98,152,-9.65454
-96,152,-9.66663
-94,152,-9.67269
-92,152,-9.67242
-90,152,-9.66562
-88,152,-9.65219
-86,152,-9.63211
-84,152,-9.60548
-82,152,-9.57248
-80,152,-9.53339
-78,152,-9.48855
-76,152,-9.43838
-74,152,-9.38335
-72,152,-9.32398
-70,152,-9.2608
-68,152,-9.19437
-66,152,-9.12527
-64,152,-9.05404
-62,152,-8.98125
-60,152,-8.90741
-58,152,-8.83303
-56,152,-8.75857
-54,152,-8.68448
-52,152,-8.61116
-50,152,-8.53898
-48,152,-8.46827
-46,152,-8.39933
-44,152,-8.33245
-42,152,-8.26786
-40,152,-8.20577
-38,152,-8.14638
-36,152,-8.08986
-34,152,-8.03635
-32,152,-7.98601
-30,152,-7.93894
-28,152,-7.89527
-26,152,-7.85508
-24,152,-7.81848
-22,152,-7.78555
-20,152,-7.75638
-18,152,-7.73105
-16,152,-7.70963
-14,152,-7.69219
-12,152,-7.67883
-10,152,-7.6696
-8,152,-7.66458
-6,152,-7.66386
-4,152,-7.66749
-2,152,-7.67556
0,152,-7.68815
2,152,-7.70531
4,152,-7.72713
6,152,-7.75368
8,152,-7.78502
10,152,-7.82122
12,152,-7.86235
14,152,-7.90845
16,152,-7.95957
18,152,-8.01577
20,152,-8.07707
22,152,-8.14351
24,152,-8.21509
26,152,-8.29181
28,152,-8.37366
30,152,-8.46061
32,152,-8.55259
34,152,-8.64954
36,152,-8.75136
38,152,-8.8579
40,152,-8.96902
42,152,-9.0845
44,152,-9.20411
46,152,-9.32758
48,152,-9.45455
50,152,-9.58466
52,152,-9.71747
54,152,-9.85247
56,152,-9.98912
58,152,-10.1268
60,152,-10.2648
62,152,-10.4023
64,152,-10.5386
66,152,-10.6728
68,152,-10.804
70,152,-10.9312
72,152,-11.0534
74,152,-11.1696
76,152,-11.279
78,152,-11.3804
80,152,-11.4731
82,152,-11.5563
84,152,-11.6292
86,152,-11.6914
88,152,-11.7424
90,152,-11.782
92,152,-11.8101
94,152,-11.8268
96,152,-11.8325
98,152,-11.8274
100,152,-11.8122
102,152,-11.7876
104,152,-11.7542
106,152,-11.7129
108,152,-11.6645
110,152,-11.61
112,152,-11.5501
114,152,-11.4857
116,152,-11.4176
118,152,-11.3465
120,152,-11.273
122,152,-11.1979
124,152,-11.1216
126,152,-11.0446
128,152,-10.9673
130,152,-10.8901
132,152,-10.8132
134,152,-10.7369
136,152,-10.6613
138,152,-10.5867
140,152,-10.5131
142,152,-10.4405
144,152,-10.3691
146,152,-10.2989
148,152,-10.2298
150,152,-10.162
152,152,-10.0953
154,152,-10.0299
156,152,-9.96563
158,152,-9.9026
160,152,-9.84078
162,152,-9.7802
164,152,-9.72088
166,152,-9.66286
168,152,-9.60618
170,152,-9.5509
172,152,-9.49708
174,152,-9.44481
176,152,-9.39418
178,152,-9.34528
180,152,-9.29822
-180,154,-9.24118
-178,154,-9.20004
-176,154,-9.16078
-174,154,-9.12351
-172,154,-9.08834
-170,154,-9.0554
-168,154,-9.02478
-166,154,-8.99661
-164,154,-8.97099
-162,154,-8.94803
-160,154,-8.92784
-158,154,-8.9105
-156,154,-8.8961
-154,154,-8.88472
-152,154,-8.87641
-150,154,-8.87122
-148,154,-8.86919
-146,154,-8.87032
-144,154,-8.8746
-142,154,-8.882
-140,154,-8.89246
-138,154,-8.9059
-136,154,-8.9222
-134,154,-8.94121
-132,154,-8.96277
-130,154,-8.98666
-128,154,-9.01264
-126,154,-9.04044
-124,154,-9.06974
-122,154,-9.1002
-120,154,-9.13145
-118,154,-9.16309
-116,154,-9.19469
-114,154,-9.22579
-112,154,-9.25593
-110,154,-9.28464
-108,154,-9.31143
-106,154,-9.33584
-104,154,-9.35739
-102,154,-9.37564
-100,154,-9.39019
-98,154,-9.40067
-96,154,-9.40673
-94,154,-9.40813
-92,154,-9.40464
-90,154,-9.39611
-88,154,-9.38248
-86,154,-9.36374
-84,154,-9.33995
-82,154,-9.31123
-80,154,-9.27777
-78,154,-9.23983
-76,154,-9.1977
-74,154,-9.15171
-72,154,-9.10224
-70,154,-9.04969
-68,154,-8.99448
-66,154,-8.93702
-64,154,-8.87774
-62,154,-8.81706
-60,154,-8.75541
-58,154,-8.69317
-56,154,-8.63072
-54,154,-8.56844
-52,154,-8.50665
-50,154,-8.44567
-48,154,-8.3858
-46,154,-8.32729
-44,154,-8.27041
-42,154,-8.21537
-40,154,-8.16237
-38,154,-8.11161
-36,154,-8.06324
-34,154,-8.01743
-32,154,-7.97432
-30,154,-7.93403
-28,154,-7.89668
-26,154,-7.86237
-24,154,-7.83122
-22,154,-7.80332
-20,154,-7.77875
-18,154,-7.7576
-16,154,-7.73996
-14,154,-7.7259
-12,154,-7.71551
-10,154,-7.70885
-8,154,-7.706
-6,154,-7.70703
-4,154,-7.712
-2,154,-7.721
0,154,-7.73408
2,154,-7.75131
4,154,-7.77275
6,154,-7.79845
8,154,-7.82846
10,154,-7.86284
12,154,-7.90163
14,154,-7.94487
16,154,-7.99257
18,154,-8.04477
20,154,-8.10148
22,154,-8.16269
24,154,-8.22839
26,154,-8.29856
28,154,-8.37316
30,154,-8.45212
32,154,-8.53536
34,154,-8.62279
36,154,-8.71427
38,154,-8.80967
40,154,-8.9088
42,154,-9.01144
44,154,-9.11736
46,154,-9.22628
48,154,-9.33787
50,154,-9.45177
52,154,-9.56758
54,154,-9.68486
56,154,-9.80311
58,154,-9.92178
60,154,-10.0403
62,154,-10.1581
64,154,-10.2744
66,154,-10.3885
68,154,-10.4999
70,154,-10.6076
72,154,-10.711
74,154,-10.8093
76,154,-10.9018
78,154,-10.9879
80,154,-11.0668
82,154,-11.1381
84,154,-11.2011
86,154,-11.2557
88,154,-11.3014
90,154,-11.338
92,154,-11.3656
94,154,-11.3842
96,154,-11.3938
98,154,-11.3949
100,154,-11.3878
102,154,-11.3729
104,154,-11.3507
106,154,-11.3218
108,154,-11.2868
110,154,-11.2462
112,154,-11.2009
114,154,-11.1512
116,154,-11.0979
118,154,-11.0416
120,154,-10.9826
122,154,-10.9216
124,154,-10.859
126,154,-10.7951
128,154,-10.7305
130,154,-10.6652
132,154,-10.5997
134,154,-10.5342
136,154,-10.4689
138,154,-10.4038
140,154,-10.3393
142,154,-10.2753
144,154,-10.212
146,154,-10.1494
148,154,-10.0876
150,154,-10.0266
152,154,-9.96656
154,154,-9.90741
156,154,-9.84921
158,154,-9.79199
160,154,-9.7358
162,154,-9.68066
164,154,-9.62662
166,154,-9.57373
168,154,-9.52205
170,154,-9.47163
172,154,-9.42255
174,154,-9.37488
176,154,-9.3287
178,154,-9.2841
180,154,-9.24118
-180,156,-9.1716
-178,156,-9.13435
-176,156,-9.09877
-174,156,-9.06494
-172,156,-9.03294
-170,156,-9.00287
-168,156,-8.97482
-166,156,-8.94887
-164,156,-8.92511
-162,156,-8.90362
-160,156,-8.88446
-158,156,-8.86772
-156,156,-8.85343
-154,156,-8.84166
-152,156,-8.83244
-150,156,-8.82579
-148,156,-8.82171
-146,156,-8.82021
-144,156,-8.82125
-142,156,-8.8248
-140,156,-8.83078
-138,156,-8.83911
-136,156,-8.84968
-134,156,-8.86237
-132,156,-8.877
-130,156,-8.8934
-128,156,-8.91137
-126,156,-8.93067
-124,156,-8.95105
-122,156,-8.97222
-120,156,-8.9939
-118,156,-9.01576
-116,156,-9.03747
-114,156,-9.05868
-112,156,-9.07904
-110,156,-9.09819
-108,156,-9.11577
-106,156,-9.13144
-104,156,-9.14484
-102,156,-9.15567
-100,156,-9.16362
-98,156,-9.16843
-96,156,-9.16987
-94,156,-9.16773
-92,156,-9.16188
-90,156,-9.15221
-88,156,-9.13866
-86,156,-9.12122
-84,156,-9.09995
-82,156,-9.07491
-80,156,-9.04626
-78,156,-9.01416
-76,156,-8.97881
-74,156,-8.94047
-72,156,-8.8994
-70,156,-8.85589
-68,156,-8.81024
-66,156,-8.76277
-64,156,-8.7138
-62,156,-8.66365
-60,156,-8.61265
-58,156,-8.56109
-56,156,-8.5093
-54,156,-8.45755
-52,156,-8.40612
-50,156,-8.35529
-48,156,-8.30529
-46,156,-8.25636
-44,156,-8.20871
-42,156,-8.16255
-40,156,-8.11806
-38,156,-8.07542
-36,156,-8.03478
-34,156,-7.99629
-32,156,-7.96009
-30,156,-7.92631
-28,156,-7.89506
-26,156,-7.86645
-24,156,-7.8406
-22,156,-7.81758
-20,156,-7.7975
-18,156,-7.78043
-16,156,-7.76648
-14,156,-7.7557
-12,156,-7.74818
-10,156,-7.744
-8,156,-7.74321
-6,156,-7.74589
-4,156,-7.75209
-2,156,-7.76188
0,156,-7.77532
2,156,-7.79246
4,156,-7.81334
6,156,-7.838
8,156,-7.8665
10,156,-7.89886
12,156,-7.9351
14,156,-7.97525
16,156,-8.01932
18,156,-8.0673
20,156,-8.1192
22,156,-8.17498
24,156,-8.23463
26,156,-8.29808
28,156,-8.36529
30,156,-8.43617
32,156,-8.51063
34,156,-8.58855
36,156,-8.6698
38,156,-8.75423
40,156,-8.84164
42,156,-8.93183
44,156,-9.02456
46,156,-9.11957
48,156,-9.21656
50,156,-9.31521
52,156,-9.41515
54,156,-9.516
56,156,-9.61734
58,156,-9.71872
60,156,-9.81965
62,156,-9.91962
64,156,-10.0181
66,156,-10.1146
68,156,-10.2085
70,156,-10.2992
72,156,-10.3862
74,156,-10.469
76,156,-10.547
78,156,-10.6197
80,156,-10.6867
82,156,-10.7476
84,156,-10.8019
86,156,-10.8495
88,156,-10.8901
90,156,-10.9235
92,156,-10.9498
94,156,-10.969
96,156,-10.9811
98,156,-10.9863
100,156,-10.9849
102,156,-10.9771
104,156,-10.9633
106,156,-10.9439
108,156,-10.9193
110,156,-10.89
112,156,-10.8563
114,156,-10.8188
116,156,-10.7778
118,156,-10.7338
120,156,-10.6873
122,156,-10.6385
124,156,-10.5879
126,156,-10.5358
128,156,-10.4824
130,156,-10.4282
132,156,-10.3733
134,156,-10.3179
136,156,-10.2622
138,156,-10.2065
140,156,-10.1508
142,156,-10.0952
144,156,-10.04
146,156,-9.98508
148,156,-9.93066
150,156,-9.87676
152,156,-9.82346
154,156,-9.77081
156,156,-9.71887
158,156,-9.66769
160,156,-9.61732
162,156,-9.56783
164,156,-9.51926
166,156,-9.47167
168,156,-9.42512
170,156,-9.37968
172,156,-9.33542
174,156,-9.2924
176,156,-9.2507
178,156,-9.21041
180,156,-9.1716
-180,158,-9.09229
-178,158,-9.05886
-176,158,-9.02685
-174,158,-8.99633
-172,158,-8.96738
-170,158,-8.94007
-168,158,-8.91447
-166,158,-8.89064
-164,158,-8.86864
-162,158,-8.84854
-160,158,-8.83038
-158,158,-8.8142
-156,158,-8.80005
-154,158,-8.78796
-152,158,-8.77793
-150,158,-8.76998
-148,158,-8.7641
-146,158,-8.76028
-144,158,-8.75847
-142,158,-8.75863
-140,158,-8.7607
-138,158,-8.7646
-136,158,-8.77023
-134,158,-8.77746
-132,158,-8.78617
-130,158,-8.79621
-128,158,-8.8074
-126,158,-8.81955
-124,158,-8.83247
-122,158,-8.84593
-120,158,-8.85969
-118,158,-8.87353
-116,158,-8.88718
-114,158,-8.90037
-112,158,-8.91286
-110,158,-8.92436
-108,158,-8.93462
-106,158,-8.94339
-104,158,-8.95041
-102,158,-8.95547
-100,158,-8.95834
-98,158,-8.95883
-96,158,-8.95679
-94,158,-8.95208
-92,158,-8.94458
-90,158,-8.93424
-88,158,-8.921
-86,158,-8.90485
-84,158,-8.88584
-82,158,-8.86402
-80,158,-8.83947
-78,158,-8.81233
-76,158,-8.78273
-74,158,-8.75086
-72,158,-8.71689
-70,158,-8.68105
-68,158,-8.64355
-66,158,-8.60462
-64,158,-8.5645
-62,158,-8.52344
-60,158,-8.48168
-58,158,-8.43945
-56,158,-8.397
-54,158,-8.35456
-52,158,-8.31235
-50,158,-8.27059
-48,158,-8.22948
-46,158,-8.18922
-44,158,-8.14999
-42,158,-8.11197
-40,158,-8.07532
-38,158,-8.04019
-36,158,-8.00675
-34,158,-7.9751
-32,158,-7.9454
-30,158,-7.91775
-28,158,-7.89227
-26,158,-7.86906
-24,158,-7.84822
-22,158,-7.82985
-20,158,-7.81403
-18,158,-7.80085
-16,158,-7.79038
-14,158,-7.78271
-12,158,-7.77789
-10,158,-7.776
-8,158,-7.7771
-6,158,-7.78125
-4,158,-7.78851
-2,158,-7.79892
0,158,-7.81253
2,158,-7.82939
4,158,-7.84952
6,158,-7.87297
8,158,-7.89975
10,158,-7.9299
12,158,-7.96341
14,158,-8.00029
16,158,-8.04055
18,158,-8.08416
20,158,-8.1311
22,158,-8.18134
24,158,-8.23484
26,158,-8.29154
28,158,-8.35135
30,158,-8.41421
32,158,-8.48
34,158,-8.5486
36,158,-8.61988
38,158,-8.69369
40,158,-8.76984
42,158,-8.84813
44,158,-8.92836
46,158,-9.01029
48,158,-9.09364
50,158,-9.17813
52,158,-9.26346
54,158,-9.34929
56,158,-9.43528
58,158,-9.52106
60,158,-9.60623
62,158,-9.69041
64,158,-9.77316
66,158,-9.85408
68,158,-9.93273
70,158,-10.0087
72,158,-10.0815
74,158,-10.1509
76,158,-10.2163
78,158,-10.2775
80,158,-10.3341
82,158,-10.3858
84,158,-10.4324
86,158,-10.4737
88,158,-10.5094
90,158,-10.5396
92,158,-10.5641
94,158,-10.583
96,158,-10.5963
98,158,-10.6041
100,158,-10.6065
102,158,-10.6039
104,158,-10.5963
106,158,-10.5841
108,158,-10.5675
110,158,-10.5469
112,158,-10.5225
114,158,-10.4947
116,158,-10.4638
118,158,-10.4301
120,158,-10.394
122,158,-10.3556
124,158,-10.3154
126,158,-10.2735
128,158,-10.2303
130,158,-10.1859
132,158,-10.1405
134,158,-10.0945
136,158,-10.0478
138,158,-10.0008
140,158,-9.95348
142,158,-9.90606
144,158,-9.85861
146,158,-9.81125
148,158,-9.76408
150,158,-9.71717
152,158,-9.67061
154,158,-9.62447
156,158,-9.57881
158,158,-9.53371
160,158,-9.48923
162,158,-9.44542
164,158,-9.40236
166,158,-9.3601
168,158,-9.31871
170,158,-9.27825
172,158,-9.23879
174,158,-9.20039
176,158,-9.16313
178,158,-9.12707
180,158,-9.09229
-180,160,-9.00604
-178,160,-8.97629
-176,160,-8.94773
-174,160,-8.92041
-172,160,-8.89439
-170,160,-8.86973
-168,160,-8.84647
-166,160,-8.82467
-164,160,-8.80437
-162,160,-8.78561
-160,160,-8.76843
-158,160,-8.75286
-156,160,-8.73891
-154,160,-8.7266
-152,160,-8.71594
-150,160,-8.70693
-148,160,-8.69955
-146,160,-8.69377
-144,160,-8.68956
-142,160,-8.68688
-140,160,-8.68566
-138,160,-8.68584
-136,160,-8.68732
-134,160,-8.69002
-132,160,-8.69381
-130,160,-8.69858
-128,160,-8.7042
-126,160,-8.7105
-124,160,-8.71734
-122,160,-8.72455
-120,160,-8.73195
-118,160,-8.73936
-116,160,-8.74658
-114,160,-8.75343
-112,160,-8.75972
-110,160,-8.76524
-108,160,-8.76982
-106,160,-8.77327
-104,160,-8.77541
-102,160,-8.77609
-100,160,-8.77515
-98,160,-8.77246
-96,160,-8.76791
-94,160,-8.76141
-92,160,-8.75287
-90,160,-8.74225
-88,160,-8.72951
-86,160,-8.71466
-84,160,-8.69772
-82,160,-8.67871
-80,160,-8.65772
-78,160,-8.63481
-76,160,-8.6101
-74,160,-8.58371
-72,160,-8.55576
-70,160,-8.52642
-68,160,-8.49584
-66,160,-8.46418
-64,160,-8.43164
-62,160,-8.39837
-60,160,-8.36458
-58,160,-8.33044
-56,160,-8.29613
-54,160,-8.26184
-52,160,-8.22774
-50,160,-8.19401
-48,160,-8.1608
-46,160,-8.12829
-44,160,-8.09662
-42,160,-8.06595
-40,160,-8.03641
-38,160,-8.00814
-36,160,-7.98127
-34,160,-7.95592
-32,160,-7.93219
-30,160,-7.91021
-28,160,-7.89006
-26,160,-7.87186
-24,160,-7.85568
-22,160,-7.84161
-20,160,-7.82974
-18,160,-7.82015
-16,160,-7.81289
-14,160,-7.80805
-12,160,-7.80568
-10,160,-7.80585
-8,160,-7.80861
-6,160,-7.814
-4,160,-7.82208
-2,160,-7.83289
0,160,-7.84646
2,160,-7.86282
4,160,-7.88201
6,160,-7.90404
8,160,-7.92893
10,160,-7.95668
12,160,-7.9873
14,160,-8.02078
16,160,-8.0571
18,160,-8.09624
20,160,-8.13817
22,160,-8.18284
24,160,-8.23021
26,160,-8.2802
28,160,-8.33274
30,160,-8.38775
32,160,-8.44511
34,160,-8.50471
36,160,-8.56643
38,160,-8.63011
40,160,-8.69559
42,160,-8.7627
44,160,-8.83124
46,160,-8.90101
48,160,-8.97177
50,160,-9.04329
52,160,-9.11531
54,160,-9.18756
56,160,-9.25975
58,160,-9.3316
60,160,-9.40278
62,160,-9.473
64,160,-9.54193
66,160,-9.60924
68,160,-9.67463
70,160,-9.73776
72,160,-9.79834
74,160,-9.85607
76,160,-9.91066
78,160,-9.96186
80,160,-10.0094
82,160,-10.0531
84,160,-10.0928
86,160,-10.1283
88,160,-10.1595
90,160,-10.1863
92,160,-10.2088
94,160,-10.2267
96,160,-10.2403
98,160,-10.2496
100,160,-10.2546
102,160,-10.2554
104,160,-10.2523
106,160,-10.2454
108,160,-10.2349
110,160,-10.221
112,160,-10.2039
114,160,-10.1839
116,160,-10.1611
118,160,-10.1358
120,160,-10.1083
122,160,-10.0787
124,160,-10.0472
126,160,-10.0142
128,160,-9.97968
130,160,-9.94396
132,160,-9.90718
134,160,-9.86951
136,160,-9.83109
138,160,-9.79208
140,160,-9.75261
142,160,-9.71279
144,160,-9.67274
146,160,-9.63257
148,160,-9.59236
150,160,-9.55222
152,160,-9.51221
154,160,-9.47243
156,160,-9.43294
158,160,-9.39381
160,160,-9.35511
162,160,-9.31692
164,160,-9.27929
166,160,-9.24228
168,160,-9.20597
170,160,-9.1704
172,160,-9.13565
174,160,-9.10178
176,160,-9.06885
178,160,-9.03691
180,160,-9.00604
-180,162,-8.91549
-178,162,-8.88928
-176,162,-8.86403
-174,162,-8.83978
-172,162,-8.81658
-170,162,-8.79446
-168,162,-8.77346
-166,162,-8.75363
-164,162,-8.73499
-162,162,-8.71758
-160,162,-8.70141
-158,162,-8.68651
-156,162,-8.67288
-154,162,-8.66053
-152,162,-8.64946
-150,162,-8.63967
-148,162,-8.63112
-146,162,-8.62381
-144,162,-8.61769
-142,162,-8.61273
-140,162,-8.60886
-138,162,-8.60605
-136,162,-8.6042
-134,162,-8.60325
-132,162,-8.60311
-130,162,-8.60368
-128,162,-8.60486
-126,162,-8.60653
-124,162,-8.60858
-122,162,-8.61088
-120,162,-8.6133
-118,162,-8.61571
-116,162,-8.61796
-114,162,-8.61994
-112,162,-8.62148
-110,162,-8.62247
-108,162,-8.62276
-106,162,-8.62224
-104,162,-8.62077
-102,162,-8.61825
-100,162,-8.61457
-98,162,-8.60964
-96,162,-8.60339
-94,162,-8.59575
-92,162,-8.58667
-90,162,-8.57611
-88,162,-8.56406
-86,162,-8.55051
-84,162,-8.53548
-82,162,-8.51899
-80,162,-8.50109
-78,162,-8.48183
-76,162,-8.46129
-74,162,-8.43956
-72,162,-8.41673
-70,162,-8.3929
-68,162,-8.36819
-66,162,-8.34272
-64,162,-8.31662
-62,162,-8.29002
-60,162,-8.26306
-58,162,-8.23587
-56,162,-8.2086
-54,162,-8.18137
-52,162,-8.15434
-50,162,-8.12762
-48,162,-8.10136
-46,162,-8.07569
-44,162,-8.05072
-42,162,-8.02659
-40,162,-8.0034
-38,162,-7.98127
-36,162,-7.9603
-34,162,-7.94061
-32,162,-7.92228
-30,162,-7.90542
-28,162,-7.89011
-26,162,-7.87643
-24,162,-7.86447
-22,162,-7.85429
-20,162,-7.84598
-18,162,-7.8396
-16,162,-7.83521
-14,162,-7.83287
-12,162,-7.83263
-10,162,-7.83455
-8,162,-7.83867
-6,162,-7.84503
-4,162,-7.85368
-2,162,-7.86463
0,162,-7.87792
2,162,-7.89358
4,162,-7.91161
6,162,-7.93203
8,162,-7.95485
10,162,-7.98006
12,162,-8.00765
14,162,-8.03762
16,162,-8.06994
18,162,-8.10458
20,162,-8.14149
22,162,-8.18065
24,162,-8.22198
26,162,-8.26542
28,162,-8.3109
30,162,-8.35833
32,162,-8.40762
34,162,-8.45865
36,162,-8.51131
38,162,-8.56547
40,162,-8.62098
42,162,-8.67769
44,162,-8.73544
46,162,-8.79405
48,162,-8.85333
50,162,-8.91308
52,162,-8.9731
54,162,-9.03317
56,162,-9.09306
58,162,-9.15254
60,162,-9.21139
62,162,-9.26934
64,162,-9.32618
66,162,-9.38164
68,162,-9.4355
70,162,-9.48752
72,162,-9.53748
74,162,-9.58515
76,162,-9.63034
78,162,-9.67285
80,162,-9.71251
82,162,-9.74917
84,162,-9.7827
86,162,-9.81297
88,162,-9.83992
90,162,-9.86347
92,162,-9.88358
94,162,-9.90024
96,162,-9.91346
98,162,-9.92328
100,162,-9.92975
102,162,-9.93294
104,162,-9.93295
106,162,-9.92989
108,162,-9.92389
110,162,-9.91508
112,162,-9.90361
114,162,-9.88964
116,162,-9.87333
118,162,-9.85483
120,162,-9.83432
122,162,-9.81196
124,162,-9.78791
126,162,-9.76233
128,162,-9.73537
130,162,-9.70719
132,162,-9.67791
134,162,-9.64769
136,162,-9.61664
138,162,-9.5849
140,162,-9.55257
142,162,-9.51977
144,162,-9.48659
146,162,-9.45313
148,162,-9.41949
150,162,-9.38575
152,162,-9.352
154,162,-9.31829
156,162,-9.28472
158,162,-9.25135
160,162,-9.21825
162,162,-9.18548
164,162,-9.15311
166,162,-9.1212
168,162,-9.0898
170,162,-9.05898
172,162,-9.0288
174,162,-8.9993
176,162,-8.97054
178,162,-8.94259
180,162,-8.91549
-180,164,-8.82304
-178,164,-8.80024
-176,164,-8.77817
-174,164,-8.75687
-172,164,-8.73638
-170,164,-8.71672
-168,164,-8.69793
-166,164,-8.68004
-164,164,-8.66307
-162,164,-8.64703
-160,164,-8.63195
-158,164,-8.61783
-156,164,-8.60468
-154,164,-8.59249
-152,164,-8.58128
-150,164,-8.57101
-148,164,-8.56169
-146,164,-8.55328
-144,164,-8.54576
-142,164,-8.53909
-140,164,-8.53324
-138,164,-8.52815
-136,164,-8.52377
-134,164,-8.52004
-132,164,-8.51689
-130,164,-8.51426
-128,164,-8.51206
-126,164,-8.51021
-124,164,-8.50863
-122,164,-8.50723
-120,164,-8.50592
-118,164,-8.50459
-116,164,-8.50316
-114,164,-8.50153
-112,164,-8.49961
-110,164,-8.49729
-108,164,-8.4945
-106,164,-8.49114
-104,164,-8.48713
-102,164,-8.4824
-100,164,-8.47688
-98,164,-8.47051
-96,164,-8.46323
-94,164,-8.45501
-92,164,-8.44581
-90,164,-8.43561
-88,164,-8.4244
-86,164,-8.41217
-84,164,-8.39894
-82,164,-8.38472
-80,164,-8.36955
-78,164,-8.35347
-76,164,-8.33652
-74,164,-8.31877
-72,164,-8.30028
-70,164,-8.28113
-68,164,-8.2614
-66,164,-8.24118
-64,164,-8.22055
-62,164,-8.19962
-60,164,-8.17848
-58,164,-8.15723
-56,164,-8.13598
-54,164,-8.11482
-52,164,-8.09387
-50,164,-8.07323
-48,164,-8.05299
-46,164,-8.03326
-44,164,-8.01414
-42,164,-7.99572
-40,164,-7.9781
-38,164,-7.96136
-36,164,-7.9456
-34,164,-7.9309
-32,164,-7.91735
-30,164,-7.905
-28,164,-7.89396
-26,164,-7.88427
-24,164,-7.87602
-22,164,-7.86925
-20,164,-7.86405
-18,164,-7.86045
-16,164,-7.85851
-14,164,-7.85829
-12,164,-7.85981
-10,164,-7.86314
-8,164,-7.86829
-6,164,-7.87531
-4,164,-7.88422
-2,164,-7.89505
0,164,-7.90781
2,164,-7.92252
4,164,-7.93919
6,164,-7.95782
8,164,-7.9784
10,164,-8.00095
12,164,-8.02543
14,164,-8.05183
16,164,-8.08012
18,164,-8.11027
20,164,-8.14225
22,164,-8.176
24,164,-8.21147
26,164,-8.2486
28,164,-8.28731
30,164,-8.32753
32,164,-8.36918
34,164,-8.41215
36,164,-8.45634
38,164,-8.50165
40,164,-8.54795
42,164,-8.59511
44,164,-8.643
46,164,-8.69147
48,164,-8.74037
50,164,-8.78955
52,164,-8.83884
54,164,-8.88807
56,164,-8.93707
58,164,-8.98565
60,164,-9.03366
62,164,-9.08089
64,164,-9.12717
66,164,-9.17233
68,164,-9.21619
70,164,-9.25858
72,164,-9.29933
74,164,-9.33829
76,164,-9.37531
78,164,-9.41025
80,164,-9.44299
82,164,-9.47342
84,164,-9.50144
86,164,-9.52696
88,164,-9.54993
90,164,-9.57029
92,164,-9.58801
94,164,-9.60307
96,164,-9.61547
98,164,-9.62523
100,164,-9.63237
102,164,-9.63694
104,164,-9.639
106,164,-9.63861
108,164,-9.63586
110,164,-9.63084
112,164,-9.62364
114,164,-9.61437
116,164,-9.60314
118,164,-9.59006
120,164,-9.57524
122,164,-9.55881
124,164,-9.54088
126,164,-9.52156
128,164,-9.50098
130,164,-9.47925
132,164,-9.45648
134,164,-9.43277
136,164,-9.40823
138,164,-9.38295
140,164,-9.35705
142,164,-9.3306
144,164,-9.30369
146,164,-9.27642
148,164,-9.24886
150,164,-9.22108
152,164,-9.19317
154,164,-9.16519
156,164,-9.13721
158,164,-9.1093
160,164,-9.08151
162,164,-9.05391
164,164,-9.02656
166,164,-8.99952
168,164,-8.97283
170,164,-8.94655
172,164,-8.92073
174,164,-8.89542
176,164,-8.87068
178,164,-8.84653
180,164,-8.82304
-180,166,-8.73085
-178,166,-8.7113
-176,166,-8.69229
-174,166,-8.67384
-172,166,-8.65598
-170,166,-8.63873
-168,166,-8.62212
-166,166,-8.60617
-164,166,-8.59089
-162,166,-8.5763
-160,166,-8.56241
-158,166,-8.54922
-156,166,-8.53674
-154,166,-8.52497
-152,166,-8.5139
-150,166,-8.50352
-148,166,-8.49382
-146,166,-8.48478
-144,166,-8.47638
-142,166,-8.46859
-140,166,-8.46138
-138,166,-8.45472
-136,166,-8.44856
-134,166,-8.44287
-132,166,-8.43759
-130,166,-8.43268
-128,166,-8.42808
-126,166,-8.42373
-124,166,-8.41957
-122,166,-8.41555
-120,166,-8.4116
-118,166,-8.40765
-116,166,-8.40365
-114,166,-8.39952
-112,166,-8.39521
-110,166,-8.39065
-108,166,-8.38579
-106,166,-8.38057
-104,166,-8.37493
-102,166,-8.36883
-100,166,-8.36223
-98,166,-8.35508
-96,166,-8.34735
-94,166,-8.33902
-92,166,-8.33007
-90,166,-8.32048
-88,166,-8.31024
-86,166,-8.29936
-84,166,-8.28785
-82,166,-8.27572
-80,166,-8.26299
-78,166,-8.24969
-76,166,-8.23585
-74,166,-8.22153
-72,166,-8.20675
-70,166,-8.19158
-68,166,-8.17607
-66,166,-8.16029
-64,166,-8.14429
-62,166,-8.12815
-60,166,-8.11193
-58,166,-8.09571
-56,166,-8.07957
-54,166,-8.06357
-52,166,-8.0478
-50,166,-8.03232
-48,166,-8.01723
-46,166,-8.00259
-44,166,-7.98848
-42,166,-7.97497
-40,166,-7.96213
-38,166,-7.95003
-36,166,-7.93875
-34,166,-7.92835
-32,166,-7.91889
-30,166,-7.91043
-28,166,-7.90304
-26,166,-7.89676
-24,166,-7.89166
-22,166,-7.88779
-20,166,-7.88518
-18,166,-7.88389
-16,166,-7.88395
-14,166,-7.88541
-12,166,-7.88829
-10,166,-7.89264
-8,166,-7.89847
-6,166,-7.90581
-4,166,-7.91468
-2,166,-7.92509
0,166,-7.93706
2,166,-7.9506
4,166,-7.9657
6,166,-7.98237
8,166,-8.00059
10,166,-8.02037
12,166,-8.04167
14,166,-8.06449
16,166,-8.08878
18,166,-8.11453
20,166,-8.14169
22,166,-8.17021
24,166,-8.20006
26,166,-8.23117
28,166,-8.26347
30,166,-8.29691
32,166,-8.33141
34,166,-8.36689
36,166,-8.40326
38,166,-8.44043
40,166,-8.47831
42,166,-8.51679
44,166,-8.55575
46,166,-8.5951
48,166,-8.63471
50,166,-8.67446
52,166,-8.71422
54,166,-8.75387
56,166,-8.79327
58,166,-8.8323
60,166,-8.87083
62,166,-8.90871
64,166,-8.94582
66,166,-8.98203
68,166,-9.01722
70,166,-9.05125
72,166,-9.08402
74,166,-9.11541
76,166,-9.14532
78,166,-9.17365
80,166,-9.2003
82,166,-9.22521
84,166,-9.24829
86,166,-9.26949
88,166,-9.28875
90,166,-9.30605
92,166,-9.32134
94,166,-9.33462
96,166,-9.34587
98,166,-9.35509
100,166,-9.36231
102,166,-9.36755
104,166,-9.37084
106,166,-9.37221
108,166,-9.37173
110,166,-9.36944
112,166,-9.3654
114,166,-9.3597
116,166,-9.35239
118,166,-9.34356
120,166,-9.33328
122,166,-9.32163
124,166,-9.3087
126,166,-9.29457
128,166,-9.27932
130,166,-9.26305
132,166,-9.24582
134,166,-9.22772
136,166,-9.20884
138,166,-9.18925
140,166,-9.16903
142,166,-9.14825
144,166,-9.12698
146,166,-9.1053
148,166,-9.08327
150,166,-9.06096
152,166,-9.03844
154,166,-9.01575
156,166,-8.99297
158,166,-8.97015
160,166,-8.94735
162,166,-8.92461
164,166,-8.90198
166,166,-8.87953
168,166,-8.8573
170,166,-8.83532
172,166,-8.81365
174,166,-8.79233
176,166,-8.7714
178,166,-8.75089
180,166,-8.73085
-180,168,-8.64074
-178,168,-8.62432
-176,168,-8.60825
-174,168,-8.59256
-172,168,-8.57727
-170,168,-8.5624
-168,168,-8.54797
-166,168,-8.53399
-164,168,-8.52048
-162,168,-8.50744
-160,168,-8.49488
-158,168,-8.48281
-156,168,-8.47123
-154,168,-8.46014
-152,168,-8.44953
-150,168,-8.43941
-148,168,-8.42975
-146,168,-8.42055
-144,168,-8.41179
-142,168,-8.40345
-140,168,-8.39552
-138,168,-8.38796
-136,168,-8.38075
-134,168,-8.37386
-132,168,-8.36727
-130,168,-8.36093
-128,168,-8.35481
-126,168,-8.34887
-124,168,-8.34308
-122,168,-8.3374
-120,168,-8.33178
-118,168,-8.32619
-116,168,-8.32058
-114,168,-8.31492
-112,168,-8.30916
-110,168,-8.30327
-108,168,-8.29722
-106,168,-8.29096
-104,168,-8.28446
-102,168,-8.2777
-100,168,-8.27066
-98,168,-8.2633
-96,168,-8.2556
-94,168,-8.24757
-92,168,-8.23917
-90,168,-8.23042
-88,168,-8.22129
-86,168,-8.2118
-84,168,-8.20196
-82,168,-8.19177
-80,168,-8.18125
-78,168,-8.17043
-76,168,-8.15931
-74,168,-8.14794
-72,168,-8.13635
-70,168,-8.12457
-68,168,-8.11264
-66,168,-8.1006
-64,168,-8.08849
-62,168,-8.07637
-60,168,-8.06429
-58,168,-8.05229
-56,168,-8.04042
-54,168,-8.02874
-52,168,-8.01731
-50,168,-8.00617
-48,168,-7.99539
-46,168,-7.98502
-44,168,-7.9751
-42,168,-7.96571
-40,168,-7.95688
-38,168,-7.94867
-36,168,-7.94113
-34,168,-7.93431
-32,168,-7.92827
-30,168,-7.92303
-28,168,-7.91866
-26,168,-7.91518
-24,168,-7.91264
-22,168,-7.91109
-20,168,-7.91054
-18,168,-7.91104
-16,168,-7.91262
-14,168,-7.9153
-12,168,-7.91911
-10,168,-7.92407
-8,168,-7.9302
-6,168,-7.93751
-4,168,-7.94602
-2,168,-7.95574
0,168,-7.96666
2,168,-7.9788
4,168,-7.99215
6,168,-8.00671
8,168,-8.02246
10,168,-8.0394
12,168,-8.0575
14,168,-8.07675
16,168,-8.09712
18,168,-8.11858
20,168,-8.14109
22,168,-8.16463
24,168,-8.18913
26,168,-8.21457
28,168,-8.24088
30,168,-8.26801
32,168,-8.2959
34,168,-8.32449
36,168,-8.35371
38,168,-8.38348
40,168,-8.41373
42,168,-8.44438
44,168,-8.47535
46,168,-8.50656
48,168,-8.5379
50,168,-8.5693
52,168,-8.60067
54,168,-8.6319
56,168,-8.6629
58,168,-8.69358
60,168,-8.72384
62,168,-8.7536
64,168,-8.78274
66,168,-8.8112
68,168,-8.83886
70,168,-8.86566
72,168,-8.8915
74,168,-8.91631
76,168,-8.94001
78,168,-8.96254
80,168,-8.98383
82,168,-9.00383
84,168,-9.02247
86,168,-9.03973
88,168,-9.05556
90,168,-9.06992
92,168,-9.0828
94,168,-9.09419
96,168,-9.10406
98,168,-9.11242
100,168,-9.11928
102,168,-9.12464
104,168,-9.12851
106,168,-9.13094
108,168,-9.13193
110,168,-9.13152
112,168,-9.12976
114,168,-9.12669
116,168,-9.12234
118,168,-9.11677
120,168,-9.11004
122,168,-9.10219
124,168,-9.09328
126,168,-9.08336
128,168,-9.07251
130,168,-9.06077
132,168,-9.04821
134,168,-9.03488
136,168,-9.02084
138,168,-9.00616
140,168,-8.99089
142,168,-8.97509
144,168,-8.95881
146,168,-8.94211
148,168,-8.92504
150,168,-8.90766
152,168,-8.89002
154,168,-8.87216
156,168,-8.85414
158,168,-8.83601
160,168,-8.8178
162,168,-8.79956
164,168,-8.78134
166,168,-8.76318
168,168,-8.74511
170,168,-8.72718
172,168,-8.70941
174,168,-8.69186
176,168,-8.67454
178,168,-8.65749
180,168,-8.64074
-180,170,-8.55422
-178,170,-8.5408
-176,170,-8.52758
-174,170,-8.51459
-172,170,-8.50183
-170,170,-8.48934
-168,170,-8.47711
-166,170,-8.46516
-164,170,-8.45351
-162,170,-8.44216
-160,170,-8.43111
-158,170,-8.42037
-156,170,-8.40995
-154,170,-8.39984
-152,170,-8.39004
-150,170,-8.38055
-148,170,-8.37137
-146,170,-8.36248
-144,170,-8.35389
-142,170,-8.34556
-140,170,-8.3375
-138,170,-8.3297
-136,170,-8.32212
-134,170,-8.31476
-132,170,-8.3076
-130,170,-8.30062
-128,170,-8.29379
-126,170,-8.2871
-124,170,-8.28052
-122,170,-8.27403
-120,170,-8.26761
-118,170,-8.26123
-116,170,-8.25487
-114,170,-8.2485
-112,170,-8.24211
-110,170,-8.23568
-108,170,-8.22918
-106,170,-8.22259
-104,170,-8.2159
-102,170,-8.2091
-100,170,-8.20216
-98,170,-8.19508
-96,170,-8.18784
-94,170,-8.18045
-92,170,-8.17289
-90,170,-8.16517
-88,170,-8.15728
-86,170,-8.14923
-84,170,-8.14102
-82,170,-8.13267
-80,170,-8.12418
-78,170,-8.11558
-76,170,-8.10686
-74,170,-8.09807
-72,170,-8.08921
-70,170,-8.08032
-68,170,-8.07141
-66,170,-8.06252
-64,170,-8.05367
-62,170,-8.0449
-60,170,-8.03624
-58,170,-8.02773
-56,170,-8.01939
-54,170,-8.01127
-52,170,-8.0034
-50,170,-7.99582
-48,170,-7.98856
-46,170,-7.98167
-44,170,-7.97518
-42,170,-7.96913
-40,170,-7.96355
-38,170,-7.95848
-36,170,-7.95396
-34,170,-7.95001
-32,170,-7.94668
-30,170,-7.94399
-28,170,-7.94198
-26,170,-7.94067
-24,170,-7.94009
-22,170,-7.94027
-20,170,-7.94123
-18,170,-7.94299
-16,170,-7.94558
-14,170,-7.94901
-12,170,-7.95329
-10,170,-7.95845
-8,170,-7.96449
-6,170,-7.97142
-4,170,-7.97925
-2,170,-7.98798
0,170,-7.99761
2,170,-8.00814
4,170,-8.01957
6,170,-8.03189
8,170,-8.04509
10,170,-8.05915
12,170,-8.07406
14,170,-8.0898
16,170,-8.10635
18,170,-8.12368
20,170,-8.14177
22,170,-8.16057
24,170,-8.18007
26,170,-8.20022
28,170,-8.22098
30,170,-8.2423
32,170,-8.26414
34,170,-8.28646
36,170,-8.3092
38,170,-8.3323
40,170,-8.35572
42,170,-8.37939
44,170,-8.40325
46,170,-8.42724
48,170,-8.4513
50,170,-8.47536
52,170,-8.49936
54,170,-8.52324
56,170,-8.54692
58,170,-8.57034
60,170,-8.59343
62,170,-8.61614
64,170,-8.63839
66,170,-8.66012
68,170,-8.68128
70,170,-8.7018
72,170,-8.72162
74,170,-8.7407
76,170,-8.75898
78,170,-8.77642
80,170,-8.79297
82,170,-8.80859
84,170,-8.82325
86,170,-8.8369
88,170,-8.84954
90,170,-8.86113
92,170,-8.87165
94,170,-8.88109
96,170,-8.88944
98,170,-8.8967
100,170,-8.90285
102,170,-8.90792
104,170,-8.9119
106,170,-8.9148
108,170,-8.91664
110,170,-8.91743
112,170,-8.91721
114,170,-8.91599
116,170,-8.9138
118,170,-8.91067
120,170,-8.90663
122,170,-8.90172
124,170,-8.89597
126,170,-8.88942
128,170,-8.88211
130,170,-8.87408
132,170,-8.86536
134,170,-8.856
136,170,-8.84604
138,170,-8.83552
140,170,-8.82448
142,170,-8.81297
144,170,-8.80102
146,170,-8.78868
148,170,-8.77598
150,170,-8.76297
152,170,-8.74968
154,170,-8.73615
156,170,-8.72242
158,170,-8.70853
160,170,-8.69451
162,170,-8.68039
164,170,-8.66622
166,170,-8.65201
168,170,-8.63781
170,170,-8.62363
172,170,-8.60952
174,170,-8.5955
176,170,-8.58159
178,170,-8.56783
180,170,-8.55422
-180,172,-8.47245
-178,172,-8.46192
-176,172,-8.45147
-174,172,-8.44112
-172,172,-8.43089
-170,172,-8.42078
-168,172,-8.41082
-166,172,-8.40099
-164,172,-8.39133
-162,172,-8.38182
-160,172,-8.37249
-158,172,-8.36333
-156,172,-8.35434
-154,172,-8.34554
-152,172,-8.33691
-150,172,-8.32846
-148,172,-8.32019
-146,172,-8.3121
-144,172,-8.30418
-142,172,-8.29642
-140,172,-8.28883
-138,172,-8.28139
-136,172,-8.2741
-134,172,-8.26695
-132,172,-8.25993
-130,172,-8.25303
-128,172,-8.24624
-126,172,-8.23955
-124,172,-8.23294
-122,172,-8.22642
-120,172,-8.21996
-118,172,-8.21355
-116,172,-8.20719
-114,172,-8.20086
-112,172,-8.19456
-110,172,-8.18826
-108,172,-8.18197
-106,172,-8.17568
-104,172,-8.16938
-102,172,-8.16305
-100,172,-8.1567
-98,172,-8.15033
-96,172,-8.14392
-94,172,-8.13748
-92,172,-8.13101
-90,172,-8.1245
-88,172,-8.11797
-86,172,-8.11141
-84,172,-8.10482
-82,172,-8.09823
-80,172,-8.09163
-78,172,-8.08504
-76,172,-8.07847
-74,172,-8.07192
-72,172,-8.06543
-70,172,-8.05899
-68,172,-8.05263
-66,172,-8.04636
-64,172,-8.04021
-62,172,-8.03419
-60,172,-8.02833
-58,172,-8.02264
-56,172,-8.01715
-54,172,-8.01189
-52,172,-8.00686
-50,172,-8.00211
-48,172,-7.99764
-46,172,-7.99349
-44,172,-7.98968
-42,172,-7.98622
-40,172,-7.98316
-38,172,-7.98049
-36,172,-7.97826
-34,172,-7.97648
-32,172,-7.97517
-30,172,-7.97434
-28,172,-7.97403
-26,172,-7.97425
-24,172,-7.97501
-22,172,-7.97633
-20,172,-7.97822
-18,172,-7.9807
-16,172,-7.98379
-14,172,-7.98748
-12,172,-7.99179
-10,172,-7.99672
-8,172,-8.00228
-6,172,-8.00848
-4,172,-8.01532
-2,172,-8.02279
0,172,-8.03089
2,172,-8.03963
4,172,-8.04899
6,172,-8.05896
8,172,-8.06954
10,172,-8.08072
12,172,-8.09248
14,172,-8.1048
16,172,-8.11767
18,172,-8.13107
20,172,-8.14497
22,172,-8.15936
24,172,-8.1742
26,172,-8.18947
28,172,-8.20513
30,172,-8.22117
32,172,-8.23753
34,172,-8.2542
36,172,-8.27113
38,172,-8.28829
40,172,-8.30563
42,172,-8.32312
44,172,-8.34071
46,172,-8.35837
48,172,-8.37605
50,172,-8.39371
52,172,-8.4113
54,172,-8.42879
56,172,-8.44612
58,172,-8.46326
60,172,-8.48015
62,172,-8.49677
64,172,-8.51306
66,172,-8.52899
68,172,-8.54451
70,172,-8.55959
72,172,-8.5742
74,172,-8.58829
76,172,-8.60183
78,172,-8.61479
80,172,-8.62714
82,172,-8.63886
84,172,-8.64993
86,172,-8.66031
88,172,-8.66999
90,172,-8.67895
92,172,-8.68718
94,172,-8.69467
96,172,-8.7014
98,172,-8.70738
100,172,-8.71259
102,172,-8.71705
104,172,-8.72074
106,172,-8.72367
108,172,-8.72585
110,172,-8.72729
112,172,-8.728
114,172,-8.72799
116,172,-8.72728
118,172,-8.72588
120,172,-8.72381
122,172,-8.72109
124,172,-8.71774
126,172,-8.71379
128,172,-8.70925
130,172,-8.70415
132,172,-8.69853
134,172,-8.69239
136,172,-8.68577
138,172,-8.6787
140,172,-8.6712
142,172,-8.6633
144,172,-8.65503
146,172,-8.64642
148,172,-8.63749
150,172,-8.62827
152,172,-8.61878
154,172,-8.60906
156,172,-8.59913
158,172,-8.58902
160,172,-8.57875
162,172,-8.56835
164,172,-8.55783
166,172,-8.54724
168,172,-8.53657
170,172,-8.52587
172,172,-8.51515
174,172,-8.50443
176,172,-8.49373
178,172,-8.48306
180,172,-8.47245
-180,174,-8.39628
-178,174,-8.38853
-176,174,-8.38078
-174,174,-8.37305
-172,174,-8.36534
-170,174,-8.35766
-168,174,-8.35003
-166,174,-8.34245
-164,174,-8.33492
-162,174,-8.32746
-160,174,-8.32007
-158,174,-8.31275
-156,174,-8.3055
-154,174,-8.29834
-152,174,-8.29126
-150,174,-8.28427
-148,174,-8.27737
-146,174,-8.27055
-144,174,-8.26382
-142,174,-8.25718
-140,174,-8.25063
-138,174,-8.24416
-136,174,-8.23778
-134,174,-8.23148
-132,174,-8.22527
-130,174,-8.21913
-128,174,-8.21306
-126,174,-8.20707
-124,174,-8.20115
-122,174,-8.19529
-120,174,-8.18949
-118,174,-8.18375
-116,174,-8.17806
-114,174,-8.17243
-112,174,-8.16685
-110,174,-8.16131
-108,174,-8.15582
-106,174,-8.15037
-104,174,-8.14497
-102,174,-8.1396
-100,174,-8.13427
-98,174,-8.12898
-96,174,-8.12373
-94,174,-8.11852
-92,174,-8.11336
-90,174,-8.10824
-88,174,-8.10318
-86,174,-8.09816
-84,174,-8.09321
-82,174,-8.08832
-80,174,-8.08349
-78,174,-8.07875
-76,174,-8.07409
-74,174,-8.06952
-72,174,-8.06506
-70,174,-8.06071
-68,174,-8.05647
-66,174,-8.05237
-64,174,-8.04841
-62,174,-8.04461
-60,174,-8.04097
-58,174,-8.03752
-56,174,-8.03425
-54,174,-8.03119
-52,174,-8.02834
-50,174,-8.02572
-48,174,-8.02335
-46,174,-8.02123
-44,174,-8.01938
-42,174,-8.01781
-40,174,-8.01653
-38,174,-8.01557
-36,174,-8.01491
-34,174,-8.01459
-32,174,-8.01461
-30,174,-8.01498
-28,174,-8.01571
-26,174,-8.01681
-24,174,-8.01829
-22,174,-8.02016
-20,174,-8.02241
-18,174,-8.02507
-16,174,-8.02813
-14,174,-8.0316
-12,174,-8.03548
-10,174,-8.03978
-8,174,-8.04449
-6,174,-8.04962
-4,174,-8.05516
-2,174,-8.06111
0,174,-8.06747
2,174,-8.07423
4,174,-8.08139
6,174,-8.08894
8,174,-8.09688
10,174,-8.10519
12,174,-8.11386
14,174,-8.12288
16,174,-8.13224
18,174,-8.14192
20,174,-8.15191
22,174,-8.1622
24,174,-8.17275
26,174,-8.18357
28,174,-8.19461
30,174,-8.20588
32,174,-8.21733
34,174,-8.22896
36,174,-8.24074
38,174,-8.25264
40,174,-8.26464
42,174,-8.27671
44,174,-8.28883
46,174,-8.30098
48,174,-8.31312
50,174,-8.32524
52,174,-8.33729
54,174,-8.34927
56,174,-8.36113
58,174,-8.37286
60,174,-8.38443
62,174,-8.3958
64,174,-8.40697
66,174,-8.4179
68,174,-8.42857
70,174,-8.43895
72,174,-8.44902
74,174,-8.45877
76,174,-8.46817
78,174,-8.4772
80,174,-8.48585
82,174,-8.49409
84,174,-8.50192
86,174,-8.50931
88,174,-8.51626
90,174,-8.52275
92,174,-8.52877
94,174,-8.53432
96,174,-8.53939
98,174,-8.54397
100,174,-8.54806
102,174,-8.55166
104,174,-8.55476
106,174,-8.55736
108,174,-8.55948
110,174,-8.5611
112,174,-8.56223
114,174,-8.56289
116,174,-8.56307
118,174,-8.56279
120,174,-8.56204
122,174,-8.56085
124,174,-8.55923
126,174,-8.55718
128,174,-8.55472
130,174,-8.55185
132,174,-8.54861
134,174,-8.54499
136,174,-8.54102
138,174,-8.5367
140,174,-8.53206
142,174,-8.52712
144,174,-8.52188
146,174,-8.51636
148,174,-8.51059
150,174,-8.50458
152,174,-8.49834
154,174,-8.49189
156,174,-8.48525
158,174,-8.47843
160,174,-8.47146
162,174,-8.46434
164,174,-8.45709
166,174,-8.44973
168,174,-8.44228
170,174,-8.43474
172,174,-8.42713
174,174,-8.41947
176,174,-8.41177
178,174,-8.40403
180,174,-8.39628
-180,176,-8.32624
-178,176,-8.32117
-176,176,-8.31606
-174,176,-8.31091
-172,176,-8.30575
-170,176,-8.30056
-168,176,-8.29536
-166,176,-8.29015
-164,176,-8.28494
-162,176,-8.27973
-160,176,-8.27453
-158,176,-8.26934
-156,176,-8.26416
-154,176,-8.259
-152,176,-8.25387
-150,176,-8.24876
-148,176,-8.24368
-146,176,-8.23863
-144,176,-8.23361
-142,176,-8.22863
-140,176,-8.22369
-138,176,-8.21879
-136,176,-8.21392
-134,176,-8.20911
-132,176,-8.20433
-130,176,-8.1996
-128,176,-8.19492
-126,176,-8.19029
-124,176,-8.1857
-122,176,-8.18117
-120,176,-8.17668
-118,176,-8.17225
-116,176,-8.16787
-114,176,-8.16354
-112,176,-8.15927
-110,176,-8.15505
-108,176,-8.15089
-106,176,-8.14679
-104,176,-8.14274
-102,176,-8.13876
-100,176,-8.13484
-98,176,-8.13099
-96,176,-8.12721
-94,176,-8.12349
-92,176,-8.11985
-90,176,-8.11628
-88,176,-8.1128
-86,176,-8.10939
-84,176,-8.10607
-82,176,-8.10284
-80,176,-8.0997
-78,176,-8.09666
-76,176,-8.09373
-74,176,-8.0909
-72,176,-8.08818
-70,176,-8.08558
-68,176,-8.0831
-66,176,-8.08075
-64,176,-8.07853
-62,176,-8.07645
-60,176,-8.07451
-58,176,-8.07273
-56,176,-8.0711
-54,176,-8.06963
-52,176,-8.06833
-50,176,-8.0672
-48,176,-8.06625
-46,176,-8.06549
-44,176,-8.06491
-42,176,-8.06453
-40,176,-8.06436
-38,176,-8.06438
-36,176,-8.06462
-34,176,-8.06508
-32,176,-8.06575
-30,176,-8.06664
-28,176,-8.06777
-26,176,-8.06912
-24,176,-8.0707
-22,176,-8.07252
-20,176,-8.07458
-18,176,-8.07687
-16,176,-8.0794
-14,176,-8.08218
-12,176,-8.08519
-10,176,-8.08844
-8,176,-8.09193
-6,176,-8.09565
-4,176,-8.09961
-2,176,-8.1038
0,176,-8.10821
2,176,-8.11285
4,176,-8.11771
6,176,-8.12278
8,176,-8.12806
10,176,-8.13353
12,176,-8.13921
14,176,-8.14506
16,176,-8.1511
18,176,-8.15731
20,176,-8.16367
22,176,-8.17019
24,176,-8.17684
26,176,-8.18363
28,176,-8.19053
30,176,-8.19754
32,176,-8.20464
34,176,-8.21183
36,176,-8.21908
38,176,-8.22639
40,176,-8.23374
42,176,-8.24112
44,176,-8.24852
46,176,-8.25591
48,176,-8.2633
50,176,-8.27066
52,176,-8.27797
54,176,-8.28524
56,176,-8.29243
58,176,-8.29954
60,176,-8.30656
62,176,-8.31347
64,176,-8.32025
66,176,-8.3269
68,176,-8.3334
70,176,-8.33974
72,176,-8.34591
74,176,-8.3519
76,176,-8.35769
78,176,-8.36328
80,176,-8.36865
82,176,-8.3738
84,176,-8.37872
86,176,-8.38339
88,176,-8.38782
90,176,-8.392
92,176,-8.39591
94,176,-8.39956
96,176,-8.40294
98,176,-8.40604
100,176,-8.40887
102,176,-8.41141
104,176,-8.41368
106,176,-8.41566
108,176,-8.41735
110,176,-8.41876
112,176,-8.41989
114,176,-8.42074
116,176,-8.42131
118,176,-8.4216
120,176,-8.42161
122,176,-8.42136
124,176,-8.42084
126,176,-8.42006
128,176,-8.41902
130,176,-8.41773
132,176,-8.4162
134,176,-8.41443
136,176,-8.41243
138,176,-8.41021
140,176,-8.40777
142,176,-8.40512
144,176,-8.40227
146,176,-8.39923
148,176,-8.396
150,176,-8.3926
152,176,-8.38903
154,176,-8.3853
156,176,-8.38142
158,176,-8.3774
160,176,-8.37324
162,176,-8.36897
164,176,-8.36457
166,176,-8.36007
168,176,-8.35547
170,176,-8.35078
172,176,-8.34601
174,176,-8.34116
176,176,-8.33624
178,176,-8.33127
180,176,-8.32624
-180,178,-8.26255
-178,178,-8.26007
-176,178,-8.25754
-174,178,-8.25498
-172,178,-8.25238
-170,178,-8.24975
-168,178,-8.24709
-166,178,-8.2444
-164,178,-8.2417
-162,178,-8.23897
-160,178,-8.23623
-158,178,-8.23347
-156,178,-8.2307
-154,178,-8.22793
-152,178,-8.22515
-150,178,-8.22236
-148,178,-8.21958
-146,178,-8.2168
-144,178,-8.21402
-142,178,-8.21125
-140,178,-8.20849
-138,178,-8.20573
-136,178,-8.203
-134,178,-8.20028
-132,178,-8.19757
-130,178,-8.19489
-128,178,-8.19223
-126,178,-8.1896
-124,178,-8.18699
-122,178,-8.18441
-120,178,-8.18186
-118,178,-8.17934
-116,178,-8.17686
-114,178,-8.17441
-112,178,-8.172
-110,178,-8.16963
-108,178,-8.16731
-106,178,-8.16502
-104,178,-8.16279
-102,178,-8.1606
-100,178,-8.15846
-98,178,-8.15637
-96,178,-8.15434
-94,178,-8.15236
-92,178,-8.15045
-90,178,-8.14859
-88,178,-8.14679
-86,178,-8.14505
-84,178,-8.14338
-82,178,-8.14178
-80,178,-8.14025
-78,178,-8.13879
-76,178,-8.1374
-74,178,-8.13609
-72,178,-8.13486
-70,178,-8.13371
-68,178,-8.13263
-66,178,-8.13164
-64,178,-8.13074
-62,178,-8.12992
-60,178,-8.12919
-58,178,-8.12855
-56,178,-8.12801
-54,178,-8.12755
-52,178,-8.12719
-50,178,-8.12693
-48,178,-8.12677
-46,178,-8.12671
-44,178,-8.12675
-42,178,-8.12689
-40,178,-8.12713
-38,178,-8.12747
-36,178,-8.12793
-34,178,-8.12848
-32,178,-8.12914
-30,178,-8.12991
-28,178,-8.13078
-26,178,-8.13176
-24,178,-8.13285
-22,178,-8.13404
-20,178,-8.13534
-18,178,-8.13675
-16,178,-8.13825
-14,178,-8.13986
-12,178,-8.14158
-10,178,-8.14339
-8,178,-8.1453
-6,178,-8.14731
-4,178,-8.14942
-2,178,-8.15162
0,178,-8.15391
2,178,-8.15629
4,178,-8.15875
6,178,-8.1613
8,178,-8.16393
10,178,-8.16663
12,178,-8.16941
14,178,-8.17226
16,178,-8.17517
18,178,-8.17815
20,178,-8.18119
22,178,-8.18427
24,178,-8.18741
26,178,-8.19059
28,178,-8.19382
30,178,-8.19708
32,178,-8.20037
34,178,-8.20368
36,178,-8.20702
38,178,-8.21037
40,178,-8.21373
42,178,-8.2171
44,178,-8.22047
46,178,-8.22383
48,178,-8.22718
50,178,-8.23052
52,178,-8.23383
54,178,-8.23712
56,178,-8.24038
58,178,-8.2436
60,178,-8.24678
62,178,-8.24991
64,178,-8.25299
66,178,-8.25601
68,178,-8.25897
70,178,-8.26187
72,178,-8.26469
74,178,-8.26744
76,178,-8.27011
78,178,-8.27269
80,178,-8.27519
82,178,-8.2776
84,178,-8.27992
86,178,-8.28213
88,178,-8.28425
90,178,-8.28626
92,178,-8.28816
94,178,-8.28996
96,178,-8.29164
98,178,-8.29321
100,178,-8.29467
102,178,-8.29601
104,178,-8.29723
106,178,-8.29833
108,178,-8.29931
110,178,-8.30018
112,178,-8.30091
114,178,-8.30153
116,178,-8.30203
118,178,-8.3024
120,178,-8.30265
122,178,-8.30279
124,178,-8.3028
126,178,-8.30269
128,178,-8.30247
130,178,-8.30213
132,178,-8.30168
134,178,-8.30111
136,178,-8.30043
138,178,-8.29964
140,178,-8.29875
142,178,-8.29774
144,178,-8.29664
146,178,-8.29544
148,178,-8.29414
150,178,-8.29275
152,178,-8.29126
154,178,-8.28969
156,178,-8.28802
158,178,-8.28628
160,178,-8.28446
162,178,-8.28256
164,178,-8.28059
166,178,-8.27854
168,178,-8.27643
170,178,-8.27426
172,178,-8.27203
174,178,-8.26974
176,178,-8.26739
178,178,-8.265
180,178,-8.26255
-180,180,-8.2052
-178,180,-8.2052
-176,180,-8.2052
-174,180,-8.2052
-172,180,-8.2052
-170,180,-8.2052
-168,180,-8.2052
-166,180,-8.2052
-164,180,-8.2052
-162,180,-8.2052
-160,180,-8.2052
-158,180,-8.2052
-156,180,-8.2052
-154,180,-8.2052
-152,180,-8.2052
-150,180,-8.2052
-148,180,-8.2052
-146,180,-8.2052
-144,180,-8.2052
-142,180,-8.2052
-140,180,-8.2052
-138,180,-8.2052
-136,180,-8.2052
-134,180,-8.2052
-132,180,-8.2052
-130,180,-8.2052
-128,180,-8.2052
-126,180,-8.2052
-124,180,-8.2052
-122,180,-8.2052
-120,180,-8.2052
-118,180,-8.2052
-116,180,-8.2052
-114,180,-8.2052
-112,180,-8.2052
-110,180,-8.2052
-108,180,-8.2052
-106,180,-8.2052
-104,180,-8.2052
-102,180,-8.2052
-100,180,-8.2052
-98,180,-8.2052
-96,180,-8.2052
-94,180,-8.2052
-92,180,-8.2052
-90,180,-8.2052
-88,180,-8.2052
-86,180,-8.2052
-84,180,-8.2052
-82,180,-8.2052
-80,180,-8.2052
-78,180,-8.2052
-76,180,-8.2052
-74,180,-8.2052
-72,180,-8.2052
-70,180,-8.2052
-68,180,-8.2052
-66,180,-8.2052
-64,180,-8.2052
-62,180,-8.2052
-60,180,-8.2052
-58,180,-8.2052
-56,180,-8.2052
-54,180,-8.2052
-52,180,-8.2052
-50,180,-8.2052
-48,180,-8.2052
-46,180,-8.2052
-44,180,-8.2052
-42,180,-8.2052
-40,180,-8.2052
-38,180,-8.2052
-36,180,-8.2052
-34,180,-8.2052
-32,180,-8.2052
-30,180,-8.2052
-28,180,-8.2052
-26,180,-8.2052
-24,180,-8.2052
-22,180,-8.2052
-20,180,-8.2052
-18,180,-8.2052
-16,180,-8.2052
-14,180,-8.2052
-12,180,-8.2052
-10,180,-8.2052
-8,180,-8.2052
-6,180,-8.2052
-4,180,-8.2052
-2,180,-8.2052
0,180,-8.2052
2,180,-8.2052
4,180,-8.2052
6,180,-8.2052
8,180,-8.2052
10,180,-8.2052
12,180,-8.2052
14,180,-8.2052
16,180,-8.2052
18,180,-8.2052
20,180,-8.2052
22,180,-8.2052
24,180,-8.2052
26,180,-8.2052
28,180,-8.2052
30,180,-8.2052
32,180,-8.2052
34,180,-8.2052
36,180,-8.2052
38,180,-8.2052
40,180,-8.2052
42,180,-8.2052
44,180,-8.2052
46,180,-8.2052
48,180,-8.2052
50,180,-8.2052
52,180,-8.2052
54,180,-8.2052
56,180,-8.2052
58,180,-8.2052
60,180,-8.2052
62,180,-8.2052
64,180,-8.2052
66,180,-8.2052
68,180,-8.2052
70,180,-8.2052
72,180,-8.2052
74,180,-8.2052
76,180,-8.2052
78,180,-8.2052
80,180,-8.2052
82,180,-8.2052
84,180,-8.2052
86,180,-8.2052
88,180,-8.2052
90,180,-8.2052
92,180,-8.2052
94,180,-8.2052
96,180,-8.2052
98,180,-8.2052
100,180,-8.2052
102,180,-8.2052
104,180,-8.2052
106,180,-8.2052
108,180,-8.2052
110,180,-8.2052
112,180,-8.2052
114,180,-8.2052
116,180,-8.2052
118,180,-8.2052
120,180,-8.2052
122,180,-8.2052
124,180,-8.2052
126,180,-8.2052
128,180,-8.2052
130,180,-8.2052
132,180,-8.2052
134,180,-8.2052
136,180,-8.2052
138,180,-8.2052
140,180,-8.2052
142,180,-8.2052
144,180,-8.2052
146,180,-8.2052
148,180,-8.2052
150,180,-8.2052
152,180,-8.2052
154,180,-8.2052
156,180,-8.2052
158,180,-8.2052
160,180,-8.2052
162,180,-8.2052
164,180,-8.2052
166,180,-8.2052
168,180,-8.2052
170,180,-8.2052
172,180,-8.2052
174,180,-8.2052
176,180,-8.2052
178,180,-8.2052
180,180,-8.2052
