"lP [mm]","wF [mm]","Freq [GHz]","dB(S(1,1)) []"
27.8,0.5,1.85,-0.106830982696338
27.8,0.5,1.853,-0.107557813950731
27.8,0.5,1.856,-0.108293716892608
27.8,0.5,1.859,-0.109038861220549
27.8,0.5,1.862,-0.109793420992479
27.8,0.5,1.865,-0.110557574759712
27.8,0.5,1.868,-0.111331505705811
27.8,0.5,1.871,-0.112115401790387
27.8,0.5,1.874,-0.112909455898134
27.8,0.5,1.877,-0.113713865993253
27.8,0.5,1.88,-0.114528835279485
27.8,0.5,1.883,-0.115354572366069
27.8,0.5,1.886,-0.116191291439748
27.8,0.5,1.889,-0.117039212443203
27.8,0.5,1.892,-0.1178985612601
27.8,0.5,1.895,-0.11876956990709
27.8,0.5,1.898,-0.119652476733015
27.8,0.5,1.901,-0.120547526625673
27.8,0.5,1.904,-0.121454971226437
27.8,0.5,1.907,-0.122375069153107
27.8,0.5,1.91,-0.123308086231307
27.8,0.5,1.913,-0.124254295734861
27.8,0.5,1.916,-0.125213978635493
27.8,0.5,1.919,-0.12618742386232
27.8,0.5,1.922,-0.127174928571525
27.8,0.5,1.925,-0.128176798426709
27.8,0.5,1.928,-0.129193347890396
27.8,0.5,1.931,-0.13022490052717
27.8,0.5,1.934,-0.131271789319049
27.8,0.5,1.937,-0.13233435699356
27.8,0.5,1.94,-0.133412956365208
27.8,0.5,1.943,-0.134507950690895
27.8,0.5,1.946,-0.13561971403994
27.8,0.5,1.949,-0.136748631679461
27.8,0.5,1.952,-0.137895100475754
27.8,0.5,1.955,-0.13905952931251
27.8,0.5,1.958,-0.140242339526616
27.8,0.5,1.961,-0.141443965362444
27.8,0.5,1.964,-0.142664854445487
27.8,0.5,1.967,-0.143905468276299
27.8,0.5,1.97,-0.145166282745736
27.8,0.5,1.973,-0.146447788672565
27.8,0.5,1.976,-0.147750492364524
27.8,0.5,1.979,-0.14907491620402
27.8,0.5,1.982,-0.150421599259731
27.8,0.5,1.985,-0.151791097925364
27.8,0.5,1.988,-0.153183986587007
27.8,0.5,1.991,-0.154600858320513
27.8,0.5,1.994,-0.156042325620484
27.8,0.5,1.997,-0.157509021162451
27.8,0.5,2,-0.159001598600038
27.8,0.5,2.003,-0.160520733398916
27.8,0.5,2.006,-0.162067123709488
27.8,0.5,2.009,-0.163641491280381
27.8,0.5,2.012,-0.165244582414936
27.8,0.5,2.015,-0.166877168972952
27.8,0.5,2.018,-0.168540049420262
27.8,0.5,2.021,-0.170234049928592
27.8,0.5,2.024,-0.171960025528594
27.8,0.5,2.027,-0.173718861318951
27.8,0.5,2.03,-0.175511473734622
27.8,0.5,2.033,-0.177338811877638
27.8,0.5,2.036,-0.179201858913904
27.8,0.5,2.039,-0.181101633539753
27.8,0.5,2.042,-0.183039191522302
27.8,0.5,2.045,-0.185015627317789
27.8,0.5,2.048,-0.187032075772434
27.8,0.5,2.051,-0.189089713910658
27.8,0.5,2.054,-0.191189762815746
27.8,0.5,2.057,-0.193333489608471
27.8,0.5,2.06,-0.195522209529468
27.8,0.5,2.063,-0.197757288131625
27.8,0.5,2.066,-0.200040143589084
27.8,0.5,2.069,-0.202372249130006
27.8,0.5,2.072,-0.204755135600606
27.8,0.5,2.075,-0.207190394168662
27.8,0.5,2.078,-0.209679679175036
27.8,0.5,2.081,-0.212224711142591
27.8,0.5,2.084,-0.214827279952367
27.8,0.5,2.087,-0.217489248197645
27.8,0.5,2.09,-0.220212554727298
27.8,0.5,2.093,-0.222999218390629
27.8,0.5,2.096,-0.225851341996769
27.8,0.5,2.099,-0.228771116502707
27.8,0.5,2.102,-0.231760825444988
27.8,0.5,2.105,-0.23482284963129
27.8,0.5,2.108,-0.2379596721093
27.8,0.5,2.111,-0.241173883431537
27.8,0.5,2.114,-0.244468187236323
27.8,0.5,2.117,-0.247845406166487
27.8,0.5,2.12,-0.251308488149177
27.8,0.5,2.123,-0.254860513061892
27.8,0.5,2.126,-0.258504699811853
27.8,0.5,2.129,-0.262244413857874
27.8,0.5,2.132,-0.266083175206364
27.8,0.5,2.135,-0.270024666915485
27.8,0.5,2.138,-0.274072744144257
27.8,0.5,2.141,-0.278231443786426
27.8,0.5,2.144,-0.28250499473216
27.8,0.5,2.147,-0.286897828804165
27.8,0.5,2.15,-0.291414592418696
27.8,0.5,2.153,-0.296060159026148
27.8,0.5,2.156,-0.300839642390616
27.8,0.5,2.159,-0.305758410772733
27.8,0.5,2.162,-0.310822102085733
27.8,0.5,2.165,-0.316036640100652
27.8,0.5,2.168,-0.321408251783289
27.8,0.5,2.171,-0.326943485852711
27.8,0.5,2.174,-0.332649232659119
27.8,0.5,2.177,-0.338532745487614
27.8,0.5,2.18,-0.344601663404001
27.8,0.5,2.183,-0.350864035769268
27.8,0.5,2.186,-0.357328348561084
27.8,0.5,2.189,-0.364003552653302
27.8,0.5,2.192,-0.370899094218601
27.8,0.5,2.195,-0.37802494743482
27.8,0.5,2.198,-0.385391649692717
27.8,0.5,2.201,-0.393010339521586
27.8,0.5,2.204,-0.400892797470137
27.8,0.5,2.207,-0.409051490202901
27.8,0.5,2.21,-0.417499618097943
27.8,0.5,2.213,-0.426251166659741
27.8,0.5,2.216,-0.435320962092266
27.8,0.5,2.219,-0.444724731411696
27.8,0.5,2.222,-0.454479167516631
27.8,0.5,2.225,-0.464601999675837
27.8,0.5,2.228,-0.475112069940799
27.8,0.5,2.231,-0.486029416042546
27.8,0.5,2.234,-0.497375361390229
27.8,0.5,2.237,-0.509172612853528
27.8,0.5,2.24,-0.521445367082647
27.8,0.5,2.243,-0.534219426199525
27.8,0.5,2.246,-0.547522323782651
27.8,0.5,2.249,-0.561383462166806
27.8,0.5,2.252,-0.575834262189095
27.8,0.5,2.255,-0.590908326635215
27.8,0.5,2.258,-0.606641618776494
27.8,0.5,2.261,-0.623072657540172
27.8,0.5,2.264,-0.640242731024747
27.8,0.5,2.267,-0.658196130260599
27.8,0.5,2.27,-0.676980405325665
27.8,0.5,2.273,-0.696646646159104
27.8,0.5,2.276,-0.717249790674586
27.8,0.5,2.279,-0.738848963062098
27.8,0.5,2.282,-0.761507845485235
27.8,0.5,2.285,-0.785295086732498
27.8,0.5,2.288,-0.810284751769041
27.8,0.5,2.291,-0.836556816561529
27.8,0.5,2.294,-0.864197713015706
27.8,0.5,2.297,-0.89330092937516
27.8,0.5,2.3,-0.923967671980922
27.8,0.5,2.303,-0.956307594884061
27.8,0.5,2.306,-0.990439604433648
27.8,0.5,2.309,-1.02649274662435
27.8,0.5,2.312,-1.06460718567023
27.8,0.5,2.315,-1.10493528295723
27.8,0.5,2.318,-1.1476427861911
27.8,0.5,2.321,-1.19291013916256
27.8,0.5,2.324,-1.24093392304566
27.8,0.5,2.327,-1.29192844045313
27.8,0.5,2.33,-1.34612745349307
27.8,0.5,2.333,-1.40378608666036
27.8,0.5,2.336,-1.46518290436207
27.8,0.5,2.339,-1.5306221709512
27.8,0.5,2.342,-1.60043629796906
27.8,0.5,2.345,-1.67498847838274
27.8,0.5,2.348,-1.75467550028944
27.8,0.5,2.351,-1.839930721947
27.8,0.5,2.354,-1.93122717486702
27.8,0.5,2.357,-2.02908074043414
27.8,0.5,2.36,-2.13405331586918
27.8,0.5,2.363,-2.24675584432864
27.8,0.5,2.366,-2.36785102744892
27.8,0.5,2.369,-2.49805546117234
27.8,0.5,2.372,-2.63814082973737
27.8,0.5,2.375,-2.78893364813595
27.8,0.5,2.378,-2.95131284645504
27.8,0.5,2.381,-3.12620422201489
27.8,0.5,2.384,-3.3145704228646
27.8,0.5,2.387,-3.51739463764184
27.8,0.5,2.39,-3.73565551294945
27.8,0.5,2.393,-3.97028995475158
27.8,0.5,2.396,-4.22213934911239
27.8,0.5,2.399,-4.49187333068514
27.8,0.5,2.402,-4.77988356051285
27.8,0.5,2.405,-5.08613820888986
27.8,0.5,2.408,-5.40998642476555
27.8,0.5,2.411,-5.74990202395907
27.8,0.5,2.414,-6.10315895104613
27.8,0.5,2.417,-6.46544130768698
27.8,0.5,2.42,-6.83041330716015
27.8,0.5,2.423,-7.18931582286307
27.8,0.5,2.426,-7.53071946490829
27.8,0.5,2.429,-7.84063907986716
27.8,0.5,2.432,-8.10326158230931
27.8,0.5,2.435,-8.30248100532382
27.8,0.5,2.438,-8.42419041211858
27.8,0.5,2.441,-8.45886531331826
27.8,0.5,2.444,-8.40360267142458
27.8,0.5,2.447,-8.26279072603704
27.8,0.5,2.45,-8.04711216250903
27.8,0.5,2.453,-7.77131833961106
27.8,0.5,2.456,-7.45164517997301
27.8,0.5,2.459,-7.10365169872071
27.8,0.5,2.462,-6.74085563116456
27.8,0.5,2.465,-6.37415002820375
27.8,0.5,2.468,-6.0117821009575
27.8,0.5,2.471,-5.65964639736005
27.8,0.5,2.474,-5.32170219934285
27.8,0.5,2.477,-5.00039962344604
27.8,0.5,2.48,-4.69705789433064
27.8,0.5,2.483,-4.41217629589869
27.8,0.5,2.486,-4.14567785432754
27.8,0.5,2.489,-3.89709426954793
27.8,0.5,2.492,-3.66570302771298
27.8,0.5,2.495,-3.45062718481648
27.8,0.5,2.498,-3.25090677289528
27.8,0.5,2.501,-3.06554901465326
27.8,0.5,2.504,-2.89356291406228
27.8,0.5,2.507,-2.73398244373055
27.8,0.5,2.51,-2.58588148470937
27.8,0.5,2.513,-2.44838285643505
27.8,0.5,2.516,-2.32066315731692
27.8,0.5,2.519,-2.20195467578797
27.8,0.5,2.522,-2.09154529002711
27.8,0.5,2.525,-1.98877702231313
27.8,0.5,2.528,-1.89304372822077
27.8,0.5,2.531,-1.80378826438555
27.8,0.5,2.534,-1.72049937848111
27.8,0.5,2.537,-1.64270849183906
27.8,0.5,2.54,-1.56998649174387
27.8,0.5,2.543,-1.50194061165067
27.8,0.5,2.546,-1.43821144955655
27.8,0.5,2.549,-1.37847015466726
27.8,0.5,2.552,-1.32241579824162
27.8,0.5,2.555,-1.26977293451312
27.8,0.5,2.558,-1.22028935073282
27.8,0.5,2.561,-1.17373400079945
27.8,0.5,2.564,-1.12989511401337
27.8,0.5,2.567,-1.08857846874496
27.8,0.5,2.57,-1.0496058199036
27.8,0.5,2.573,-1.01281346877697
27.8,0.5,2.576,-0.978050963899199
27.8,0.5,2.579,-0.945179921962874
27.8,0.5,2.582,-0.914072958319163
27.8,0.5,2.585,-0.884612717239551
27.8,0.5,2.588,-0.856690992793951
27.8,0.5,2.591,-0.830207931897094
27.8,0.5,2.594,-0.805071311764714
27.8,0.5,2.597,-0.78119588468729
27.8,0.5,2.6,-0.758502783661673
27.8,0.5,2.603,-0.736918983014192
27.8,0.5,2.606,-0.716376808699917
27.8,0.5,2.609,-0.696813493470667
27.8,0.5,2.612,-0.678170772569912
27.8,0.5,2.615,-0.660394516037543
27.8,0.5,2.618,-0.643434394093322
27.8,0.5,2.621,-0.62724357241782
27.8,0.5,2.624,-0.611778434465802
27.8,0.5,2.627,-0.596998328232381
27.8,0.5,2.63,-0.582865335149412
27.8,0.5,2.633,-0.569344059021053
27.8,0.5,2.636,-0.556401433115385
27.8,0.5,2.639,-0.544006543716073
27.8,0.5,2.642,-0.532130468605915
27.8,0.5,2.645,-0.520746129105022
27.8,0.5,2.648,-0.509828154421618
27.8,0.5,2.651,-0.499352757195161
27.8,0.5,2.654,-0.489297619220483
27.8,0.5,2.657,-0.47964178643978
27.8,0.5,2.66,-0.470365572377103
27.8,0.5,2.663,-0.461450469269409
27.8,0.5,2.666,-0.452879066218938
27.8,0.5,2.669,-0.444634973755913
27.8,0.5,2.672,-0.43670275425789
27.8,0.5,2.675,-0.429067857723909
27.8,0.5,2.678,-0.421716562448184
27.8,0.5,2.681,-0.414635920180027
27.8,0.5,2.684,-0.407813705394657
27.8,0.5,2.687,-0.401238368333596
27.8,0.5,2.69,-0.394898991504205
27.8,0.5,2.693,-0.388785249355824
27.8,0.5,2.696,-0.38288737087503
27.8,0.5,2.699,-0.377196104865402
27.8,0.5,2.702,-0.37170268769766
27.8,0.5,2.705,-0.366398813334819
27.8,0.5,2.708,-0.361276605453779
27.8,0.5,2.711,-0.356328591500193
27.8,0.5,2.714,-0.351547678527307
27.8,0.5,2.717,-0.3469271306821
27.8,0.5,2.72,-0.342460548213565
27.8,0.5,2.723,-0.338141847888333
27.8,0.5,2.726,-0.333965244708416
27.8,0.5,2.729,-0.3299252348344
27.8,0.5,2.732,-0.326016579625386
27.8,0.5,2.735,-0.322234290714089
27.8,0.5,2.738,-0.318573616042034
27.8,0.5,2.741,-0.315030026785919
27.8,0.5,2.744,-0.311599205111414
27.8,0.5,2.747,-0.308277032695938
27.8,0.5,2.75,-0.30505957996632
27.8,0.5,2.753,-0.301943096001527
27.8,0.5,2.756,-0.298923999054459
27.8,0.5,2.759,-0.295998867650278
27.8,0.5,2.762,-0.293164432222012
27.8,0.5,2.765,-0.290417567247096
27.8,0.5,2.768,-0.287755283851206
27.8,0.5,2.771,-0.285174722848291
27.8,0.5,2.774,-0.282673148187929
27.8,0.5,2.777,-0.280247940783294
27.8,0.5,2.78,-0.277896592694912
27.8,0.5,2.783,-0.275616701647229
27.8,0.5,2.786,-0.273405965856588
27.8,0.5,2.789,-0.271262179150778
27.8,0.5,2.792,-0.269183226361726
27.8,0.5,2.795,-0.267167078974135
27.8,0.5,2.798,-0.265211791014114
27.8,0.5,2.801,-0.263315495162965
27.8,0.5,2.804,-0.261476399082234
27.8,0.5,2.807,-0.259692781937147
27.8,0.5,2.81,-0.257962991106418
27.8,0.5,2.813,-0.256285439067171
27.8,0.5,2.816,-0.254658600444527
27.8,0.5,2.819,-0.253081009216071
27.8,0.5,2.822,-0.251551256062069
27.8,0.5,2.825,-0.250067985852885
27.8,0.5,2.828,-0.248629895265617
27.8,0.5,2.831,-0.247235730522495
27.8,0.5,2.834,-0.245884285244057
27.8,0.5,2.837,-0.244574398410521
27.8,0.5,2.84,-0.243304952425263
27.8,0.5,2.843,-0.242074871274658
27.8,0.5,2.846,-0.240883118778857
27.8,0.5,2.849,-0.239728696928477
27.8,0.5,2.852,-0.238610644302504
27.8,0.5,2.855,-0.237528034562857
27.8,0.5,2.858,-0.236479975021544
27.8,0.5,2.861,-0.235465605276413
27.8,0.5,2.864,-0.234484095911849
27.8,0.5,2.867,-0.233534647260924
27.8,0.5,2.87,-0.232616488225734
27.8,0.5,2.873,-0.231728875152912
27.8,0.5,2.876,-0.230871090761318
27.8,0.5,2.879,-0.230042443119297
27.8,0.5,2.882,-0.229242264668869
27.8,0.5,2.885,-0.228469911294479
27.8,0.5,2.888,-0.227724761433987
27.8,0.5,2.891,-0.227006215229797
27.8,0.5,2.894,-0.226313693718055
27.8,0.5,2.897,-0.225646638054059
27.8,0.5,2.9,-0.225004508771996
27.8,0.5,2.903,-0.224386785077397
27.8,0.5,2.906,-0.22379296417063
27.8,0.5,2.909,-0.223222560599917
27.8,0.5,2.912,-0.222675105642482
27.8,0.5,2.915,-0.222150146712434
27.8,0.5,2.918,-0.221647246794068
27.8,0.5,2.921,-0.221165983899456
27.8,0.5,2.924,-0.220705950549087
27.8,0.5,2.927,-0.220266753274515
27.8,0.5,2.93,-0.219848012141953
27.8,0.5,2.933,-0.219449360295879
27.8,0.5,2.936,-0.219070443521662
27.8,0.5,2.939,-0.21871091982637
27.8,0.5,2.942,-0.218370459036954
27.8,0.5,2.945,-0.218048742414928
27.8,0.5,2.948,-0.21774546228688
27.8,0.5,2.951,-0.217460321690072
27.8,0.5,2.954,-0.217193034032435
27.8,0.5,2.957,-0.21694332276634
27.8,0.5,2.96,-0.216710921075535
27.8,0.5,2.963,-0.216495571574653
27.8,0.5,2.966,-0.216297026020746
27.8,0.5,2.969,-0.216115045036331
27.8,0.5,2.972,-0.215949397843444
27.8,0.5,2.975,-0.215799862008222
27.8,0.5,2.978,-0.215666223195572
27.8,0.5,2.981,-0.215548274933485
27.8,0.5,2.984,-0.215445818386628
27.8,0.5,2.987,-0.21535866213875
27.8,0.5,2.99,-0.215286621983607
27.8,0.5,2.993,-0.215229520724008
27.8,0.5,2.996,-0.215187187978683
27.8,0.5,2.999,-0.215159459996598
27.8,0.5,3.002,-0.215146179478469
27.8,0.5,3.005,-0.215147195405164
27.8,0.5,3.008,-0.215162362872689
27.8,0.5,3.011,-0.21519154293354
27.8,0.5,3.014,-0.215234602444133
27.8,0.5,3.017,-0.215291413918089
27.8,0.5,3.02,-0.215361855385133
27.8,0.5,3.023,-0.215445810255409
27.8,0.5,3.026,-0.215543167188968
27.8,0.5,3.029,-0.215653819970246
27.8,0.5,3.032,-0.215777667387373
27.8,0.5,3.035,-0.215914613116058
27.8,0.5,3.038,-0.216064565607941
27.8,0.5,3.041,-0.216227437983221
27.8,0.5,3.044,-0.216403147927395
27.8,0.5,3.047,-0.216591617591959
27.8,0.5,3.05,-0.216792773498937
27.8,0.7,1.85,-0.126784275417733
27.8,0.7,1.853,-0.127676429101125
27.8,0.7,1.856,-0.128579818124678
27.8,0.7,1.859,-0.129494644518617
27.8,0.7,1.862,-0.130421115573492
27.8,0.7,1.865,-0.131359443998517
27.8,0.7,1.868,-0.132309848085535
27.8,0.7,1.871,-0.133272551878786
27.8,0.7,1.874,-0.134247785350786
27.8,0.7,1.877,-0.135235784584527
27.8,0.7,1.88,-0.136236791962241
27.8,0.7,1.883,-0.137251056361062
27.8,0.7,1.886,-0.138278833355808
27.8,0.7,1.889,-0.139320385429198
27.8,0.7,1.892,-0.140375982189875
27.8,0.7,1.895,-0.141445900598444
27.8,0.7,1.898,-0.142530425201994
27.8,0.7,1.901,-0.143629848377388
27.8,0.7,1.904,-0.144744470583706
27.8,0.7,1.907,-0.145874600624262
27.8,0.7,1.91,-0.1470205559186
27.8,0.7,1.913,-0.148182662784868
27.8,0.7,1.916,-0.149361256733105
27.8,0.7,1.919,-0.150556682769818
27.8,0.7,1.922,-0.151769295714437
27.8,0.7,1.925,-0.152999460528145
27.8,0.7,1.928,-0.154247552655605
27.8,0.7,1.931,-0.155513958380229
27.8,0.7,1.934,-0.156799075193533
27.8,0.7,1.937,-0.158103312179285
27.8,0.7,1.94,-0.159427090413061
27.8,0.7,1.943,-0.160770843377965
27.8,0.7,1.946,-0.162135017397234
27.8,0.7,1.949,-0.163520072084533
27.8,0.7,1.952,-0.164926480812727
27.8,0.7,1.955,-0.166354731202077
27.8,0.7,1.958,-0.167805325628682
27.8,0.7,1.961,-0.169278781754198
27.8,0.7,1.964,-0.170775633077856
27.8,0.7,1.967,-0.172296429511776
27.8,0.7,1.97,-0.173841737980819
27.8,0.7,1.973,-0.175412143048061
27.8,0.7,1.976,-0.177008247567215
27.8,0.7,1.979,-0.178630673363317
27.8,0.7,1.982,-0.180280061943051
27.8,0.7,1.985,-0.181957075236206
27.8,0.7,1.988,-0.183662396369841
27.8,0.7,1.991,-0.185396730476787
27.8,0.7,1.994,-0.187160805540234
27.8,0.7,1.997,-0.188955373276254
27.8,0.7,2,-0.190781210056201
27.8,0.7,2.003,-0.192639117871055
27.8,0.7,2.006,-0.194529925339894
27.8,0.7,2.009,-0.196454488764789
27.8,0.7,2.012,-0.198413693234581
27.8,0.7,2.015,-0.20040845378015
27.8,0.7,2.018,-0.202439716583867
27.8,0.7,2.021,-0.204508460246187
27.8,0.7,2.024,-0.206615697112468
27.8,0.7,2.027,-0.208762474663258
27.8,0.7,2.03,-0.210949876971549
27.8,0.7,2.033,-0.213179026230682
27.8,0.7,2.036,-0.215451084356818
27.8,0.7,2.039,-0.217767254670126
27.8,0.7,2.042,-0.220128783659145
27.8,0.7,2.045,-0.222536962832966
27.8,0.7,2.048,-0.224993130666293
27.8,0.7,2.051,-0.227498674642663
27.8,0.7,2.054,-0.230055033401501
27.8,0.7,2.057,-0.232663698995061
27.8,0.7,2.06,-0.235326219261656
27.8,0.7,2.063,-0.238044200322017
27.8,0.7,2.066,-0.240819309206125
27.8,0.7,2.069,-0.243653276618255
27.8,0.7,2.072,-0.246547899848583
27.8,0.7,2.075,-0.249505045840205
27.8,0.7,2.078,-0.252526654421059
27.8,0.7,2.081,-0.255614741710871
27.8,0.7,2.084,-0.258771403713939
27.8,0.7,2.087,-0.261998820109375
27.8,0.7,2.09,-0.265299258251127
27.8,0.7,2.093,-0.268675077391117
27.8,0.7,2.096,-0.272128733139642
27.8,0.7,2.099,-0.275662782178267
27.8,0.7,2.102,-0.279279887241564
27.8,0.7,2.105,-0.282982822385136
27.8,0.7,2.108,-0.286774478558755
27.8,0.7,2.111,-0.290657869504745
27.8,0.7,2.114,-0.294636138003266
27.8,0.7,2.117,-0.298712562487787
27.8,0.7,2.12,-0.302890564055759
27.8,0.7,2.123,-0.307173713901398
27.8,0.7,2.126,-0.311565741199602
27.8,0.7,2.129,-0.316070541472136
27.8,0.7,2.132,-0.320692185469793
27.8,0.7,2.135,-0.325434928606719
27.8,0.7,2.138,-0.330303220986067
27.8,0.7,2.141,-0.335301718059159
27.8,0.7,2.144,-0.340435291963768
27.8,0.7,2.147,-0.345709043590768
27.8,0.7,2.15,-0.351128315432439
27.8,0.7,2.153,-0.356698705270024
27.8,0.7,2.156,-0.362426080762947
27.8,0.7,2.159,-0.368316595007241
27.8,0.7,2.162,-0.374376703136406
27.8,0.7,2.165,-0.38061318004412
27.8,0.7,2.168,-0.387033139314983
27.8,0.7,2.171,-0.393644053456843
27.8,0.7,2.174,-0.400453775536359
27.8,0.7,2.177,-0.407470562328368
27.8,0.7,2.18,-0.414703099099237
27.8,0.7,2.183,-0.422160526155131
27.8,0.7,2.186,-0.429852467297767
27.8,0.7,2.189,-0.437789060343076
27.8,0.7,2.192,-0.44598098987228
27.8,0.7,2.195,-0.454439522400474
27.8,0.7,2.198,-0.463176544164729
27.8,0.7,2.201,-0.472204601752715
27.8,0.7,2.204,-0.481536945813341
27.8,0.7,2.207,-0.491187578113918
27.8,0.7,2.21,-0.501171302233418
27.8,0.7,2.213,-0.511503778209241
27.8,0.7,2.216,-0.522201581485648
27.8,0.7,2.219,-0.53328226654591
27.8,0.7,2.222,-0.544764435647866
27.8,0.7,2.225,-0.556667813124105
27.8,0.7,2.228,-0.569013325754017
27.8,0.7,2.231,-0.581823189766115
27.8,0.7,2.234,-0.595121005085496
27.8,0.7,2.237,-0.608931857504202
27.8,0.7,2.24,-0.62328242952201
27.8,0.7,2.243,-0.638201120682535
27.8,0.7,2.246,-0.653718178315821
27.8,0.7,2.249,-0.66986583969422
27.8,0.7,2.252,-0.686678486714995
27.8,0.7,2.255,-0.704192814341679
27.8,0.7,2.258,-0.722448014168268
27.8,0.7,2.261,-0.741485974617532
27.8,0.7,2.264,-0.761351499448507
27.8,0.7,2.267,-0.78209254643112
27.8,0.7,2.27,-0.803760488249386
27.8,0.7,2.273,-0.826410397921697
27.8,0.7,2.276,-0.850101361279779
27.8,0.7,2.279,-0.874896819329826
27.8,0.7,2.282,-0.900864943633603
27.8,0.7,2.285,-0.928079048197236
27.8,0.7,2.288,-0.956618041744752
27.8,0.7,2.291,-0.98656692468674
27.8,0.7,2.294,-1.01801733557534
27.8,0.7,2.297,-1.05106815237059
27.8,0.7,2.3,-1.08582615443389
27.8,0.7,2.303,-1.12240675181746
27.8,0.7,2.306,-1.16093478913747
27.8,0.7,2.309,-1.20154543210892
27.8,0.7,2.312,-1.24438514568329
27.8,0.7,2.315,-1.28961277366952
27.8,0.7,2.318,-1.3374007307327
27.8,0.7,2.321,-1.38793631875133
27.8,0.7,2.324,-1.4414231806632
27.8,0.7,2.327,-1.49808290612917
27.8,0.7,2.33,-1.55815680456774
27.8,0.7,2.333,-1.62190786232629
27.8,0.7,2.336,-1.68962290190112
27.8,0.7,2.339,-1.76161496212052
27.8,0.7,2.342,-1.83822591894779
27.8,0.7,2.345,-1.91982936688484
27.8,0.7,2.348,-2.00683378063482
27.8,0.7,2.351,-2.09968597539584
27.8,0.7,2.354,-2.1988748814609
27.8,0.7,2.357,-2.3049356440658
27.8,0.7,2.36,-2.41845405177389
27.8,0.7,2.363,-2.54007128486836
27.8,0.7,2.366,-2.67048895746833
27.8,0.7,2.369,-2.81047440086155
27.8,0.7,2.372,-2.96086609721183
27.8,0.7,2.375,-3.12257911706638
27.8,0.7,2.378,-3.29661033323606
27.8,0.7,2.381,-3.4840430662836
27.8,0.7,2.384,-3.68605064617896
27.8,0.7,2.387,-3.90389812554795
27.8,0.7,2.39,-4.13894101472721
27.8,0.7,2.393,-4.39261937108772
27.8,0.7,2.396,-4.66644478017464
27.8,0.7,2.399,-4.96197658805222
27.8,0.7,2.402,-5.28078199756889
27.8,0.7,2.405,-5.62437206098568
27.8,0.7,2.408,-5.99410182693666
27.8,0.7,2.411,-6.39101748846806
27.8,0.7,2.414,-6.81562591346011
27.8,0.7,2.417,-7.26755238028647
27.8,0.7,2.42,-7.74504196221201
27.8,0.7,2.423,-8.24425352804198
27.8,0.7,2.426,-8.75830519611199
27.8,0.7,2.429,-9.27608320351991
27.8,0.7,2.432,-9.78096931885666
27.8,0.7,2.435,-10.249928449942
27.8,0.7,2.438,-10.6538139279628
27.8,0.7,2.441,-10.9600413332385
27.8,0.7,2.444,-11.1383332102643
27.8,0.7,2.447,-11.168481974807
27.8,0.7,2.45,-11.0467626255736
27.8,0.7,2.453,-10.7872224727209
27.8,0.7,2.456,-10.4170053469519
27.8,0.7,2.459,-9.96863613892155
27.8,0.7,2.462,-9.47318290508207
27.8,0.7,2.465,-8.95634324944243
27.8,0.7,2.468,-8.43730929516996
27.8,0.7,2.471,-7.92931014016397
27.8,0.7,2.474,-7.44081233137628
27.8,0.7,2.477,-6.97677573331234
27.8,0.7,2.48,-6.53971193796248
27.8,0.7,2.483,-6.13048884279
27.8,0.7,2.486,-5.74890823397802
27.8,0.7,2.489,-5.39410643702643
27.8,0.7,2.492,-5.06482615635957
27.8,0.7,2.495,-4.75959796314836
27.8,0.7,2.498,-4.47685971855001
27.8,0.7,2.501,-4.21503386376088
27.8,0.7,2.504,-3.97257630237658
27.8,0.7,2.507,-3.74800621634791
27.8,0.7,2.51,-3.53992313991676
27.8,0.7,2.513,-3.3470155674172
27.8,0.7,2.516,-3.16806398776206
27.8,0.7,2.519,-3.00194030552914
27.8,0.7,2.522,-2.84760497804333
27.8,0.7,2.525,-2.70410277012415
27.8,0.7,2.528,-2.57055773668574
27.8,0.7,2.531,-2.44616784381587
27.8,0.7,2.534,-2.33019950175667
27.8,0.7,2.537,-2.22198218858373
27.8,0.7,2.54,-2.12090327801721
27.8,0.7,2.543,-2.02640313967847
27.8,0.7,2.546,-1.93797054907323
27.8,0.7,2.549,-1.85513842339924
27.8,0.7,2.552,-1.77747988500821
27.8,0.7,2.555,-1.70460464494542
27.8,0.7,2.558,-1.63615569300286
27.8,0.7,2.561,-1.57180627713356
27.8,0.7,2.564,-1.51125715315798
27.8,0.7,2.567,-1.4542340849323
27.8,0.7,2.57,-1.40048557517169
27.8,0.7,2.573,-1.34978080766558
27.8,0.7,2.576,-1.30190778249722
27.8,0.7,2.579,-1.25667162695346
27.8,0.7,2.582,-1.21389306598734
27.8,0.7,2.585,-1.17340703731075
27.8,0.7,2.588,-1.13506143740184
27.8,0.7,2.591,-1.09871598588288
27.8,0.7,2.594,-1.06424119683853
27.8,0.7,2.597,-1.03151744669246
27.8,0.7,2.6,-1.00043412923448
27.8,0.7,2.603,-0.970888889289903
27.8,0.7,2.606,-0.942786927348644
27.8,0.7,2.609,-0.916040368224718
27.8,0.7,2.612,-0.890567687502435
27.8,0.7,2.615,-0.866293190147026
27.8,0.7,2.618,-0.843146536219346
27.8,0.7,2.621,-0.821062309141602
27.8,0.7,2.624,-0.799979622418188
27.8,0.7,2.627,-0.77984176112681
27.8,0.7,2.63,-0.760595854865222
27.8,0.7,2.633,-0.742192579170763
27.8,0.7,2.636,-0.724585882728479
27.8,0.7,2.639,-0.707732737950998
27.8,0.7,2.642,-0.69159291275382
27.8,0.7,2.645,-0.676128761564991
27.8,0.7,2.648,-0.661305033801531
27.8,0.7,2.651,-0.647088698218513
27.8,0.7,2.654,-0.633448781692242
27.8,0.7,2.657,-0.620356221138898
27.8,0.7,2.66,-0.607783727395267
27.8,0.7,2.663,-0.595705660001098
27.8,0.7,2.666,-0.584097911923675
27.8,0.7,2.669,-0.57293780335643
27.8,0.7,2.672,-0.562203983805138
27.8,0.7,2.675,-0.551876341749044
27.8,0.7,2.678,-0.541935921230481
27.8,0.7,2.681,-0.532364844786467
27.8,0.7,2.684,-0.523146242189425
27.8,0.7,2.687,-0.514264184513008
27.8,0.7,2.69,-0.50570362308255
27.8,0.7,2.693,-0.497450332909633
27.8,0.7,2.696,-0.489490860245685
27.8,0.7,2.699,-0.48181247392211
27.8,0.7,2.702,-0.474403120173627
27.8,0.7,2.705,-0.467251380668048
27.8,0.7,2.708,-0.460346433489686
27.8,0.7,2.711,-0.453678016845396
27.8,0.7,2.714,-0.447236395281988
27.8,0.7,2.717,-0.441012328221695
27.8,0.7,2.72,-0.434997040638624
27.8,0.7,2.723,-0.429182195713997
27.8,0.7,2.726,-0.423559869321401
27.8,0.7,2.729,-0.418122526205502
27.8,0.7,2.732,-0.412862997728994
27.8,0.7,2.735,-0.407774461072481
27.8,0.7,2.738,-0.402850419781551
27.8,0.7,2.741,-0.398084685563547
27.8,0.7,2.744,-0.393471361244427
27.8,0.7,2.747,-0.389004824803107
27.8,0.7,2.75,-0.384679714407129
27.8,0.7,2.753,-0.380490914379501
27.8,0.7,2.756,-0.376433542031886
27.8,0.7,2.759,-0.372502935304295
27.8,0.7,2.762,-0.368694641156064
27.8,0.7,2.765,-0.365004404656932
27.8,0.7,2.768,-0.361428158731036
27.8,0.7,2.771,-0.357962014509978
27.8,0.7,2.774,-0.354602252254532
27.8,0.7,2.777,-0.35134531280737
27.8,0.7,2.78,-0.348187789542052
27.8,0.7,2.783,-0.345126420775948
27.8,0.7,2.786,-0.342158082617146
27.8,0.7,2.789,-0.339279782217506
27.8,0.7,2.792,-0.336488651405988
27.8,0.7,2.795,-0.333781940678221
27.8,0.7,2.798,-0.331157013519966
27.8,0.7,2.801,-0.32861134104363
27.8,0.7,2.804,-0.326142496918488
27.8,0.7,2.807,-0.323748152576529
27.8,0.7,2.81,-0.321426072677159
27.8,0.7,2.813,-0.319174110815013
27.8,0.7,2.816,-0.316990205456277
27.8,0.7,2.819,-0.314872376089885
27.8,0.7,2.822,-0.312818719580742
27.8,0.7,2.825,-0.310827406713211
27.8,0.7,2.828,-0.308896678913548
27.8,0.7,2.831,-0.307024845141054
27.8,0.7,2.834,-0.305210278938029
27.8,0.7,2.837,-0.303451415629538
27.8,0.7,2.84,-0.301746749664397
27.8,0.7,2.843,-0.300094832089364
27.8,0.7,2.846,-0.298494268149078
27.8,0.7,2.849,-0.296943715004718
27.8,0.7,2.852,-0.295441879564724
27.8,0.7,2.855,-0.293987516421493
27.8,0.7,2.858,-0.292579425888178
27.8,0.7,2.861,-0.29121645213014
27.8,0.7,2.864,-0.289897481385958
27.8,0.7,2.867,-0.288621440273166
27.8,0.7,2.87,-0.287387294174192
27.8,0.7,2.873,-0.286194045698215
27.8,0.7,2.876,-0.285040733214997
27.8,0.7,2.879,-0.283926429456855
27.8,0.7,2.882,-0.28285024018523
27.8,0.7,2.885,-0.281811302918562
27.8,0.7,2.888,-0.280808785718232
27.8,0.7,2.891,-0.279841886029675
27.8,0.7,2.894,-0.27890982957582
27.8,0.7,2.897,-0.278011869300204
27.8,0.7,2.9,-0.277147284357327
27.8,0.7,2.903,-0.276315379147775
27.8,0.7,2.906,-0.275515482396035
27.8,0.7,2.909,-0.274746946268775
27.8,0.7,2.912,-0.274009145531658
27.8,0.7,2.915,-0.273301476742818
27.8,0.7,2.918,-0.272623357481192
27.8,0.7,2.921,-0.271974225608066
27.8,0.7,2.924,-0.271353538560206
27.8,0.7,2.927,-0.270760772673108
27.8,0.7,2.93,-0.270195422532901
27.8,0.7,2.933,-0.269657000355594
27.8,0.7,2.936,-0.269145035392387
27.8,0.7,2.939,-0.268659073359772
27.8,0.7,2.942,-0.26819867589338
27.8,0.7,2.945,-0.267763420024389
27.8,0.7,2.948,-0.267352897677525
27.8,0.7,2.951,-0.266966715189631
27.8,0.7,2.954,-0.26660449284792
27.8,0.7,2.957,-0.266265864446978
27.8,0.7,2.96,-0.265950476863729
27.8,0.7,2.963,-0.265657989649528
27.8,0.7,2.966,-0.265388074638632
27.8,0.7,2.969,-0.265140415572357
27.8,0.7,2.972,-0.264914707738213
27.8,0.7,2.975,-0.264710657623352
27.8,0.7,2.978,-0.264527982581753
27.8,0.7,2.981,-0.26436641051453
27.8,0.7,2.984,-0.264225679562791
27.8,0.7,2.987,-0.264105537812554
27.8,0.7,2.99,-0.264005743011163
27.8,0.7,2.993,-0.263926062294786
27.8,0.7,2.996,-0.263866271926445
27.8,0.7,2.999,-0.263826157044243
27.8,0.7,3.002,-0.26380551141928
27.8,0.7,3.005,-0.263804137222922
27.8,0.7,3.008,-0.263821844803003
27.8,0.7,3.011,-0.263858452468627
27.8,0.7,3.014,-0.263913786283202
27.8,0.7,3.017,-0.263987679865399
27.8,0.7,3.02,-0.264079974197691
27.8,0.7,3.023,-0.264190517442192
27.8,0.7,3.026,-0.26431916476354
27.8,0.7,3.029,-0.264465778158463
27.8,0.7,3.032,-0.264630226291859
27.8,0.7,3.035,-0.26481238433909
27.8,0.7,3.038,-0.265012133834262
27.8,0.7,3.041,-0.265229362524278
27.8,0.7,3.044,-0.265463964228398
27.8,0.7,3.047,-0.265715838703168
27.8,0.7,3.05,-0.265984891512479
27.8,0.9,1.85,-0.136909128546756
27.8,0.9,1.853,-0.137899189702548
27.8,0.9,1.856,-0.138901943168624
27.8,0.9,1.859,-0.139917624579181
27.8,0.9,1.862,-0.140946475529538
27.8,0.9,1.865,-0.141988743759988
27.8,0.9,1.868,-0.14304468334615
27.8,0.9,1.871,-0.144114554896094
27.8,0.9,1.874,-0.145198625754501
27.8,0.9,1.877,-0.146297170214166
27.8,0.9,1.88,-0.147410469735131
27.8,0.9,1.883,-0.148538813171794
27.8,0.9,1.886,-0.14968249700828
27.8,0.9,1.889,-0.150841825602482
27.8,0.9,1.892,-0.15201711143908
27.8,0.9,1.895,-0.153208675391956
27.8,0.9,1.898,-0.15441684699641
27.8,0.9,1.901,-0.155641964731548
27.8,0.9,1.904,-0.156884376313359
27.8,0.9,1.907,-0.158144438998854
27.8,0.9,1.91,-0.159422519901852
27.8,0.9,1.913,-0.160718996320815
27.8,0.9,1.916,-0.162034256079355
27.8,0.9,1.919,-0.163368697879903
27.8,0.9,1.922,-0.164722731671183
27.8,0.9,1.925,-0.166096779030065
27.8,0.9,1.928,-0.167491273558472
27.8,0.9,1.931,-0.168906661296006
27.8,0.9,1.934,-0.17034340114902
27.8,0.9,1.937,-0.171801965336863
27.8,0.9,1.94,-0.173282839856137
27.8,0.9,1.943,-0.174786524963742
27.8,0.9,1.946,-0.17631353567961
27.8,0.9,1.949,-0.177864402310054
27.8,0.9,1.952,-0.179439670992697
27.8,0.9,1.955,-0.181039904263992
27.8,0.9,1.958,-0.182665681650397
27.8,0.9,1.961,-0.184317600284388
27.8,0.9,1.964,-0.185996275546424
27.8,0.9,1.967,-0.187702341734202
27.8,0.9,1.97,-0.189436452760464
27.8,0.9,1.973,-0.19119928288079
27.8,0.9,1.976,-0.192991527452842
27.8,0.9,1.979,-0.194813903728616
27.8,0.9,1.982,-0.196667151681342
27.8,0.9,1.985,-0.198552034868777
27.8,0.9,1.988,-0.200469341334717
27.8,0.9,1.991,-0.202419884550666
27.8,0.9,1.994,-0.204404504399719
27.8,0.9,1.997,-0.206424068204811
27.8,0.9,2,-0.208479471803631
27.8,0.9,2.003,-0.21057164067264
27.8,0.9,2.006,-0.212701531102717
27.8,0.9,2.009,-0.214870131429203
27.8,0.9,2.012,-0.217078463319175
27.8,0.9,2.015,-0.21932758311902
27.8,0.9,2.018,-0.22161858326556
27.8,0.9,2.021,-0.223952593764097
27.8,0.9,2.024,-0.226330783737078
27.8,0.9,2.027,-0.228754363047192
27.8,0.9,2.03,-0.231224583999013
27.8,0.9,2.033,-0.233742743123528
27.8,0.9,2.036,-0.236310183050158
27.8,0.9,2.039,-0.238928294471214
27.8,0.9,2.042,-0.241598518203943
27.8,0.9,2.045,-0.244322347355781
27.8,0.9,2.048,-0.247101329598652
27.8,0.9,2.051,-0.24993706955863
27.8,0.9,2.054,-0.25283123132765
27.8,0.9,2.057,-0.255785541104358
27.8,0.9,2.06,-0.258801789971742
27.8,0.9,2.063,-0.261881836819588
27.8,0.9,2.066,-0.265027611420416
27.8,0.9,2.069,-0.268241117668093
27.8,0.9,2.072,-0.271524436988965
27.8,0.9,2.075,-0.274879731935985
27.8,0.9,2.078,-0.278309249977049
27.8,0.9,2.081,-0.281815327489556
27.8,0.9,2.084,-0.285400393973958
27.8,0.9,2.087,-0.289066976500045
27.8,0.9,2.09,-0.292817704400631
27.8,0.9,2.093,-0.296655314228336
27.8,0.9,2.096,-0.300582654992308
27.8,0.9,2.099,-0.304602693692941
27.8,0.9,2.102,-0.308718521173893
27.8,0.9,2.105,-0.312933358312198
27.8,0.9,2.108,-0.317250562568723
27.8,0.9,2.111,-0.321673634922906
27.8,0.9,2.114,-0.326206227217488
27.8,0.9,2.117,-0.330852149940851
27.8,0.9,2.12,-0.335615380476703
27.8,0.9,2.123,-0.340500071853079
27.8,0.9,2.126,-0.345510562025134
27.8,0.9,2.129,-0.350651383728774
27.8,0.9,2.132,-0.355927274945164
27.8,0.9,2.135,-0.361343190019222
27.8,0.9,2.138,-0.366904311478636
27.8,0.9,2.141,-0.372616062603665
27.8,0.9,2.144,-0.378484120802009
27.8,0.9,2.147,-0.384514431847394
27.8,0.9,2.15,-0.390713225045382
27.8,0.9,2.153,-0.39708702939505
27.8,0.9,2.156,-0.403642690820913
27.8,0.9,2.159,-0.410387390555669
27.8,0.9,2.162,-0.41732866476113
27.8,0.9,2.165,-0.42447442548209
27.8,0.9,2.168,-0.431832983036005
27.8,0.9,2.171,-0.439413069950219
27.8,0.9,2.174,-0.447223866568175
27.8,0.9,2.177,-0.455275028456664
27.8,0.9,2.18,-0.463576715757883
27.8,0.9,2.183,-0.472139624642749
27.8,0.9,2.186,-0.480975021036108
27.8,0.9,2.189,-0.490094776799751
27.8,0.9,2.192,-0.499511408576198
27.8,0.9,2.195,-0.509238119514836
27.8,0.9,2.198,-0.51928884412248
27.8,0.9,2.201,-0.529678296503139
27.8,0.9,2.204,-0.540422022276564
27.8,0.9,2.207,-0.551536454492748
27.8,0.9,2.21,-0.563038973889861
27.8,0.9,2.213,-0.574947973876587
27.8,0.9,2.216,-0.587282930656942
27.8,0.9,2.219,-0.600064478956533
27.8,0.9,2.222,-0.613314493854733
27.8,0.9,2.225,-0.627056179277266
27.8,0.9,2.228,-0.64131416375954
27.8,0.9,2.231,-0.65611460415275
27.8,0.9,2.234,-0.671485298013307
27.8,0.9,2.237,-0.687455805492188
27.8,0.9,2.24,-0.704057581625491
27.8,0.9,2.243,-0.721324120021398
27.8,0.9,2.246,-0.739291109043394
27.8,0.9,2.249,-0.757996601706099
27.8,0.9,2.252,-0.777481200629743
27.8,0.9,2.255,-0.797788259543997
27.8,0.9,2.258,-0.818964102993015
27.8,0.9,2.261,-0.841058266073536
27.8,0.9,2.264,-0.864123756238663
27.8,0.9,2.267,-0.888217339424204
27.8,0.9,2.27,-0.913399853004897
27.8,0.9,2.273,-0.939736548367949
27.8,0.9,2.276,-0.967297466204093
27.8,0.9,2.279,-0.996157847966361
27.8,0.9,2.282,-1.026398587338
27.8,0.9,2.285,-1.05810672598869
27.8,0.9,2.288,-1.09137599838731
27.8,0.9,2.291,-1.12630743098717
27.8,0.9,2.294,-1.16301000171102
27.8,0.9,2.297,-1.20160136634725
27.8,0.9,2.3,-1.24220865923231
27.8,0.9,2.303,-1.28496937644699
27.8,0.9,2.306,-1.33003235070523
27.8,0.9,2.309,-1.37755882817336
27.8,0.9,2.312,-1.42772365863622
27.8,0.9,2.315,-1.48071661173546
27.8,0.9,2.318,-1.53674383345551
27.8,0.9,2.321,-1.59602945863569
27.8,0.9,2.324,-1.65881739705242
27.8,0.9,2.327,-1.72537331255185
27.8,0.9,2.33,-1.79598681682671
27.8,0.9,2.333,-1.87097390172051
27.8,0.9,2.336,-1.95067963640253
27.8,0.9,2.339,-2.03548115836711
27.8,0.9,2.342,-2.12579098993648
27.8,0.9,2.345,-2.2220607147235
27.8,0.9,2.348,-2.3247850512389
27.8,0.9,2.351,-2.43450636334548
27.8,0.9,2.354,-2.55181964932003
27.8,0.9,2.357,-2.67737805249999
27.8,0.9,2.36,-2.81189893627364
27.8,0.9,2.363,-2.95617056361408
27.8,0.9,2.366,-3.1110594150565
27.8,0.9,2.369,-3.27751816679569
27.8,0.9,2.372,-3.456594329037
27.8,0.9,2.375,-3.6494395085105
27.8,0.9,2.378,-3.85731919966608
27.8,0.9,2.381,-4.08162291294901
27.8,0.9,2.384,-4.32387429390033
27.8,0.9,2.387,-4.58574063831711
27.8,0.9,2.39,-4.86904080876373
27.8,0.9,2.393,-5.1757499119381
27.8,0.9,2.396,-5.5079980492251
27.8,0.9,2.399,-5.86805874720579
27.8,0.9,2.402,-6.25831988627812
27.8,0.9,2.405,-6.68122537586781
27.8,0.9,2.408,-7.13916834289341
27.8,0.9,2.411,-7.63430442994824
27.8,0.9,2.414,-8.16823433186522
27.8,0.9,2.417,-8.74147466244341
27.8,0.9,2.42,-9.35259332424664
27.8,0.9,2.423,-9.99683452171903
27.8,0.9,2.426,-10.6640290800614
27.8,0.9,2.429,-11.3356740673356
27.8,0.9,2.432,-11.9815012973827
27.8,0.9,2.435,-12.5569969437487
27.8,0.9,2.438,-13.0052226238216
27.8,0.9,2.441,-13.267250560526
27.8,0.9,2.444,-13.3014494790691
27.8,0.9,2.447,-13.1018388152553
27.8,0.9,2.45,-12.7010325458813
27.8,0.9,2.453,-12.155130667693
27.8,0.9,2.456,-11.5232226132257
27.8,0.9,2.459,-10.8539934556336
27.8,0.9,2.462,-10.1817702598337
27.8,0.9,2.465,-9.52817358200836
27.8,0.9,2.468,-8.90549546373898
27.8,0.9,2.471,-8.3198377786347
27.8,0.9,2.474,-7.77344440876971
27.8,0.9,2.477,-7.26626581352032
27.8,0.9,2.48,-6.79695366911775
27.8,0.9,2.483,-6.36347385523297
27.8,0.9,2.486,-5.96347638222923
27.8,0.9,2.489,-5.59451443218682
27.8,0.9,2.492,-5.25417096522264
27.8,0.9,2.495,-4.94012911710721
27.8,0.9,2.498,-4.65020860933152
27.8,0.9,2.501,-4.38238175305534
27.8,0.9,2.504,-4.13477734587023
27.8,0.9,2.507,-3.90567753762077
27.8,0.9,2.51,-3.69351077244746
27.8,0.9,2.513,-3.49684270683516
27.8,0.9,2.516,-3.31436625983421
27.8,0.9,2.519,-3.14489149156399
27.8,0.9,2.522,-2.98733572036945
27.8,0.9,2.525,-2.84071411108708
27.8,0.9,2.528,-2.70413085607749
27.8,0.9,2.531,-2.57677100193074
27.8,0.9,2.534,-2.45789293248996
27.8,0.9,2.537,-2.34682149336115
27.8,0.9,2.54,-2.24294172826324
27.8,0.9,2.543,-2.14569318955121
27.8,0.9,2.546,-2.05456478153587
27.8,0.9,2.549,-1.96909009423699
27.8,0.9,2.552,-1.88884318590776
27.8,0.9,2.555,-1.81343477438901
27.8,0.9,2.558,-1.74250879965114
27.8,0.9,2.561,-1.67573932247581
27.8,0.9,2.564,-1.61282772693106
27.8,0.9,2.567,-1.5535001969844
27.8,0.9,2.57,-1.49750544020256
27.8,0.9,2.573,-1.44461263395908
27.8,0.9,2.576,-1.39460957188685
27.8,0.9,2.579,-1.3473009904597
27.8,0.9,2.582,-1.30250705756277
27.8,0.9,2.585,-1.26006200671786
27.8,0.9,2.588,-1.21981290227523
27.8,0.9,2.591,-1.18161852237481
27.8,0.9,2.594,-1.14534834782859
27.8,0.9,2.597,-1.11088164629293
27.8,0.9,2.6,-1.07810664219458
27.8,0.9,2.603,-1.04691976385858
27.8,0.9,2.606,-1.01722496016998
27.8,0.9,2.609,-0.988933079893507
27.8,0.9,2.612,-0.96196130748524
27.8,0.9,2.615,-0.936232649865899
27.8,0.9,2.618,-0.911675469194275
27.8,0.9,2.621,-0.888223057188331
27.8,0.9,2.624,-0.865813246996739
27.8,0.9,2.627,-0.844388059030881
27.8,0.9,2.63,-0.82389337753165
27.8,0.9,2.633,-0.804278654971155
27.8,0.9,2.636,-0.785496641681198
27.8,0.9,2.639,-0.767503138361023
27.8,0.9,2.642,-0.750256769350705
27.8,0.9,2.645,-0.733718774765564
27.8,0.9,2.648,-0.717852819774423
27.8,0.9,2.651,-0.702624819472481
27.8,0.9,2.654,-0.688002777950233
27.8,0.9,2.657,-0.673956640294898
27.8,0.9,2.66,-0.660458156382136
27.8,0.9,2.663,-0.647480755424789
27.8,0.9,2.666,-0.634999430343237
27.8,0.9,2.669,-0.622990631109923
27.8,0.9,2.672,-0.611432166299903
27.8,0.9,2.675,-0.60030311215048
27.8,0.9,2.678,-0.589583728497212
27.8,0.9,2.681,-0.579255381011558
27.8,0.9,2.684,-0.569300469217517
27.8,0.9,2.687,-0.559702359811917
27.8,0.9,2.69,-0.550445324855415
27.8,0.9,2.693,-0.541514484439939
27.8,0.9,2.696,-0.53289575347294
27.8,0.9,2.699,-0.524575792250447
27.8,0.9,2.702,-0.516541960519414
27.8,0.9,2.705,-0.508782274755699
27.8,0.9,2.708,-0.501285368407504
27.8,0.9,2.711,-0.494040454875305
27.8,0.9,2.714,-0.487037293018823
27.8,0.9,2.717,-0.48026615499892
27.8,0.9,2.72,-0.473717796278453
27.8,0.9,2.723,-0.467383427620603
27.8,0.9,2.726,-0.461254688936458
27.8,0.9,2.729,-0.455323624845622
27.8,0.9,2.732,-0.449582661824772
27.8,0.9,2.735,-0.444024586828981
27.8,0.9,2.738,-0.438642527279831
27.8,0.9,2.741,-0.43342993232284
27.8,0.9,2.744,-0.428380555264112
27.8,0.9,2.747,-0.423488437103506
27.8,0.9,2.75,-0.418747891087592
27.8,0.9,2.753,-0.414153488211983
27.8,0.9,2.756,-0.409700043607635
27.8,0.9,2.759,-0.405382603750888
27.8,0.9,2.762,-0.401196434441469
27.8,0.9,2.765,-0.397137009496822
27.8,0.9,2.768,-0.393200000115021
27.8,0.9,2.771,-0.389381264861925
27.8,0.9,2.774,-0.385676840241599
27.8,0.9,2.777,-0.382082931811913
27.8,0.9,2.78,-0.378595905810015
27.8,0.9,2.783,-0.375212281254828
27.8,0.9,2.786,-0.371928722496209
27.8,0.9,2.789,-0.368742032182353
27.8,0.9,2.792,-0.365649144619153
27.8,0.9,2.795,-0.362647119497055
27.8,0.9,2.798,-0.359733135962484
27.8,0.9,2.801,-0.356904487012782
27.8,0.9,2.804,-0.354158574194648
27.8,0.9,2.807,-0.351492902587812
27.8,0.9,2.81,-0.348905076056646
27.8,0.9,2.813,-0.346392792753611
27.8,0.9,2.816,-0.343953840859657
27.8,0.9,2.819,-0.341586094547461
27.8,0.9,2.822,-0.339287510154472
27.8,0.9,2.825,-0.337056122553494
27.8,0.9,2.828,-0.334890041709399
27.8,0.9,2.831,-0.332787449411201
27.8,0.9,2.834,-0.330746596169521
27.8,0.9,2.837,-0.328765798270001
27.8,0.9,2.84,-0.326843434973909
27.8,0.9,2.843,-0.324977945857642
27.8,0.9,2.846,-0.323167828283433
27.8,0.9,2.849,-0.321411634993967
27.8,0.9,2.852,-0.319707971824121
27.8,0.9,2.855,-0.3180554955234
27.8,0.9,2.858,-0.316452911683103
27.8,0.9,2.861,-0.314898972762535
27.8,0.9,2.864,-0.31339247620896
27.8,0.9,2.867,-0.311932262666335
27.8,0.9,2.87,-0.310517214268086
27.8,0.9,2.873,-0.309146253009546
27.8,0.9,2.876,-0.307818339195843
27.8,0.9,2.879,-0.306532469961383
27.8,0.9,2.882,-0.305287677857173
27.8,0.9,2.885,-0.304083029502538
27.8,0.9,2.888,-0.302917624297953
27.8,0.9,2.891,-0.301790593195856
27.8,0.9,2.894,-0.300701097526573
27.8,0.9,2.897,-0.299648327876551
27.8,0.9,2.9,-0.298631503016329
27.8,0.9,2.903,-0.297649868875769
27.8,0.9,2.906,-0.296702697564236
27.8,0.9,2.909,-0.295789286433498
27.8,0.9,2.912,-0.294908957181336
27.8,0.9,2.915,-0.294061054993825
27.8,0.9,2.918,-0.293244947724492
27.8,0.9,2.921,-0.292460025108527
27.8,0.9,2.924,-0.291705698010459
27.8,0.9,2.927,-0.290981397703653
27.8,0.9,2.93,-0.290286575180172
27.8,0.9,2.933,-0.289620700489588
27.8,0.9,2.936,-0.288983262105377
27.8,0.9,2.939,-0.28837376631766
27.8,0.9,2.942,-0.287791736651057
27.8,0.9,2.945,-0.287236713306511
27.8,0.9,2.948,-0.28670825262603
27.8,0.9,2.951,-0.286205926579284
27.8,0.9,2.954,-0.285729322271068
27.8,0.9,2.957,-0.285278041468744
27.8,0.9,2.96,-0.284851700148756
27.8,0.9,2.963,-0.28444992806136
27.8,0.9,2.966,-0.284072368312825
27.8,0.9,2.969,-0.283718676964275
27.8,0.9,2.972,-0.283388522646535
27.8,0.9,2.975,-0.283081586190196
27.8,0.9,2.978,-0.282797560270365
27.8,0.9,2.981,-0.282536149065364
27.8,0.9,2.984,-0.282297067928867
27.8,0.9,2.987,-0.282080043074873
27.8,0.9,2.99,-0.281884811274997
27.8,0.9,2.993,-0.28171111956755
27.8,0.9,2.996,-0.281558724977952
27.8,0.9,2.999,-0.281427394249985
27.8,0.9,3.002,-0.28131690358744
27.8,0.9,3.005,-0.281227038405793
27.8,0.9,3.008,-0.2811575930934
27.8,0.9,3.011,-0.281108370781977
27.8,0.9,3.014,-0.281079183125839
27.8,0.9,3.017,-0.281069850089661
27.8,0.9,3.02,-0.281080199744408
27.8,0.9,3.023,-0.28111006807106
27.8,0.9,3.026,-0.281159298771901
27.8,0.9,3.029,-0.281227743089028
27.8,0.9,3.032,-0.281315259629834
27.8,0.9,3.035,-0.28142171419919
27.8,0.9,3.038,-0.281546979638065
27.8,0.9,3.041,-0.28169093566835
27.8,0.9,3.044,-0.281853468743659
27.8,0.9,3.047,-0.282034471905876
27.8,0.9,3.05,-0.282233844647233
27.8,1.1,1.85,-0.152027667259666
27.8,1.1,1.853,-0.153165141175805
27.8,1.1,1.856,-0.154316941183168
27.8,1.1,1.859,-0.155483335669266
27.8,1.1,1.862,-0.156664599692577
27.8,1.1,1.865,-0.157861015188003
27.8,1.1,1.868,-0.159072871179537
27.8,1.1,1.871,-0.160300464000403
27.8,1.1,1.874,-0.16154409752103
27.8,1.1,1.877,-0.162804083385132
27.8,1.1,1.88,-0.164080741254274
27.8,1.1,1.883,-0.165374399061221
27.8,1.1,1.886,-0.166685393272483
27.8,1.1,1.889,-0.168014069160413
27.8,1.1,1.892,-0.16936078108527
27.8,1.1,1.895,-0.170725892787653
27.8,1.1,1.898,-0.172109777691767
27.8,1.1,1.901,-0.173512819219967
27.8,1.1,1.904,-0.174935411119065
27.8,1.1,1.907,-0.176377957798908
27.8,1.1,1.91,-0.177840874683768
27.8,1.1,1.913,-0.179324588577065
27.8,1.1,1.916,-0.180829538040074
27.8,1.1,1.919,-0.182356173785137
27.8,1.1,1.922,-0.183904959084115
27.8,1.1,1.925,-0.185476370192689
27.8,1.1,1.928,-0.187070896791243
27.8,1.1,1.931,-0.188689042443083
27.8,1.1,1.934,-0.190331325070754
27.8,1.1,1.937,-0.191998277451288
27.8,1.1,1.94,-0.193690447731226
27.8,1.1,1.943,-0.195408399962376
27.8,1.1,1.946,-0.197152714659176
27.8,1.1,1.949,-0.198923989378754
27.8,1.1,1.952,-0.200722839324666
27.8,1.1,1.955,-0.202549897975483
27.8,1.1,1.958,-0.204405817739361
27.8,1.1,1.961,-0.206291270635834
27.8,1.1,1.964,-0.208206949006131
27.8,1.1,1.967,-0.210153566253385
27.8,1.1,1.97,-0.21213185761418
27.8,1.1,1.973,-0.214142580962945
27.8,1.1,1.976,-0.216186517650785
27.8,1.1,1.979,-0.218264473380484
27.8,1.1,1.982,-0.22037727911942
27.8,1.1,1.985,-0.222525792052284
27.8,1.1,1.988,-0.224710896575612
27.8,1.1,1.991,-0.226933505336196
27.8,1.1,1.994,-0.229194560315619
27.8,1.1,1.997,-0.231495033963249
27.8,1.1,2,-0.233835930380166
27.8,1.1,2.003,-0.236218286556639
27.8,1.1,2.006,-0.238643173665934
27.8,1.1,2.009,-0.241111698417398
27.8,1.1,2.012,-0.243625004471887
27.8,1.1,2.015,-0.246184273922853
27.8,1.1,2.018,-0.248790728846582
27.8,1.1,2.021,-0.251445632925254
27.8,1.1,2.024,-0.254150293146717
27.8,1.1,2.027,-0.256906061585197
27.8,1.1,2.03,-0.259714337267268
27.8,1.1,2.033,-0.262576568127764
27.8,1.1,2.036,-0.265494253060656
27.8,1.1,2.039,-0.268468944070063
27.8,1.1,2.042,-0.271502248527064
27.8,1.1,2.045,-0.274595831538202
27.8,1.1,2.048,-0.277751418432062
27.8,1.1,2.051,-0.280970797370545
27.8,1.1,2.054,-0.284255822092103
27.8,1.1,2.057,-0.287608414794455
27.8,1.1,2.06,-0.291030569164932
27.8,1.1,2.063,-0.29452435356707
27.8,1.1,2.066,-0.298091914392646
27.8,1.1,2.069,-0.301735479588986
27.8,1.1,2.072,-0.305457362371983
27.8,1.1,2.075,-0.309259965135983
27.8,1.1,2.078,-0.313145783572477
27.8,1.1,2.081,-0.317117411010306
27.8,1.1,2.084,-0.321177542990968
27.8,1.1,2.087,-0.325328982093592
27.8,1.1,2.09,-0.329574643025045
27.8,1.1,2.093,-0.333917557991896
27.8,1.1,2.096,-0.338360882371929
27.8,1.1,2.099,-0.342907900704331
27.8,1.1,2.102,-0.347562033018934
27.8,1.1,2.105,-0.352326841526374
27.8,1.1,2.108,-0.357206037692686
27.8,1.1,2.111,-0.36220348972343
27.8,1.1,2.114,-0.367323230484419
27.8,1.1,2.117,-0.372569465888046
27.8,1.1,2.12,-0.377946583776395
27.8,1.1,2.123,-0.38345916333462
27.8,1.1,2.126,-0.38911198507069
27.8,1.1,2.129,-0.39491004140024
27.8,1.1,2.132,-0.400858547878343
27.8,1.1,2.135,-0.406962955123136
27.8,1.1,2.138,-0.413228961479873
27.8,1.1,2.141,-0.419662526477632
27.8,1.1,2.144,-0.426269885135157
27.8,1.1,2.147,-0.433057563176735
27.8,1.1,2.15,-0.440032393223958
27.8,1.1,2.153,-0.447201532034442
27.8,1.1,2.156,-0.45457247886451
27.8,1.1,2.159,-0.462153095039039
27.8,1.1,2.162,-0.469951624818626
27.8,1.1,2.165,-0.477976717661699
27.8,1.1,2.168,-0.486237451987497
27.8,1.1,2.171,-0.494743360554645
27.8,1.1,2.174,-0.503504457580019
27.8,1.1,2.177,-0.512531267733252
27.8,1.1,2.18,-0.521834857153886
27.8,1.1,2.183,-0.531426866651206
27.8,1.1,2.186,-0.541319547260698
27.8,1.1,2.189,-0.551525798346663
27.8,1.1,2.192,-0.562059208457395
27.8,1.1,2.195,-0.572934099157995
27.8,1.1,2.198,-0.584165572086351
27.8,1.1,2.201,-0.595769559500327
27.8,1.1,2.204,-0.607762878608958
27.8,1.1,2.207,-0.62016329000777
27.8,1.1,2.21,-0.632989560568335
27.8,1.1,2.213,-0.646261531165374
27.8,1.1,2.216,-0.66000018966128
27.8,1.1,2.219,-0.674227749608334
27.8,1.1,2.222,-0.688967735173477
27.8,1.1,2.225,-0.704245072839964
27.8,1.1,2.228,-0.720086190494682
27.8,1.1,2.231,-0.736519124570584
27.8,1.1,2.234,-0.753573635980554
27.8,1.1,2.237,-0.771281335653474
27.8,1.1,2.24,-0.789675820565651
27.8,1.1,2.243,-0.808792821252409
27.8,1.1,2.246,-0.828670361886482
27.8,1.1,2.249,-0.849348934122964
27.8,1.1,2.252,-0.87087168603664
27.8,1.1,2.255,-0.893284627617809
27.8,1.1,2.258,-0.916636854449057
27.8,1.1,2.261,-0.940980791359886
27.8,1.1,2.264,-0.966372458050665
27.8,1.1,2.267,-0.992871758894924
27.8,1.1,2.27,-1.02054279937168
27.8,1.1,2.273,-1.04945423185161
27.8,1.1,2.276,-1.07967963376469
27.8,1.1,2.279,-1.11129792151788
27.8,1.1,2.282,-1.14439380391325
27.8,1.1,2.285,-1.17905827924531
27.8,1.1,2.288,-1.21538918073741
27.8,1.1,2.291,-1.25349177551768
27.8,1.1,2.294,-1.29347942294231
27.8,1.1,2.297,-1.33547429875882
27.8,1.1,2.3,-1.37960819237205
27.8,1.1,2.303,-1.42602338534561
27.8,1.1,2.306,-1.47487362025262
27.8,1.1,2.309,-1.52632517009931
27.8,1.1,2.312,-1.58055801980144
27.8,1.1,2.315,-1.63776717261701
27.8,1.1,2.318,-1.69816409605625
27.8,1.1,2.321,-1.76197832362945
27.8,1.1,2.324,-1.82945923089096
27.8,1.1,2.327,-1.9008780066353
27.8,1.1,2.33,-1.97652984284874
27.8,1.1,2.333,-2.05673637017844
27.8,1.1,2.336,-2.14184836932439
27.8,1.1,2.339,-2.23224879297774
27.8,1.1,2.342,-2.32835613783383
27.8,1.1,2.345,-2.43062821193574
27.8,1.1,2.348,-2.53956634932503
27.8,1.1,2.351,-2.65572013189974
27.8,1.1,2.354,-2.77969268776672
27.8,1.1,2.357,-2.91214664654369
27.8,1.1,2.36,-3.05381084540728
27.8,1.1,2.363,-3.20548789565662
27.8,1.1,2.366,-3.36806273870942
27.8,1.1,2.369,-3.54251234334954
27.8,1.1,2.372,-3.72991672328065
27.8,1.1,2.375,-3.93147148602699
27.8,1.1,2.378,-4.14850216094035
27.8,1.1,2.381,-4.38248059449878
27.8,1.1,2.384,-4.6350437421098
27.8,1.1,2.387,-4.9080152200507
27.8,1.1,2.39,-5.20342999386805
27.8,1.1,2.393,-5.52356254034305
27.8,1.1,2.396,-5.87095867029511
27.8,1.1,2.399,-6.24847082613638
27.8,1.1,2.402,-6.65929585478824
27.8,1.1,2.405,-7.10701258755891
27.8,1.1,2.408,-7.59561323034564
27.8,1.1,2.411,-8.12951601506257
27.8,1.1,2.414,-8.71353371503563
27.8,1.1,2.417,-9.352747428831
27.8,1.1,2.42,-10.0521856050611
27.8,1.1,2.423,-10.8161118431991
27.8,1.1,2.426,-11.6465409210543
27.8,1.1,2.429,-12.5402721726279
27.8,1.1,2.432,-13.4832311453036
27.8,1.1,2.435,-14.4405539934224
27.8,1.1,2.438,-15.3422608707154
27.8,1.1,2.441,-16.0720092524419
27.8,1.1,2.444,-16.4829425999135
27.8,1.1,2.447,-16.4649601120098
27.8,1.1,2.45,-16.0231431975695
27.8,1.1,2.453,-15.2736768315074
27.8,1.1,2.456,-14.3628105387865
27.8,1.1,2.459,-13.4033461783792
27.8,1.1,2.462,-12.462041013512
27.8,1.1,2.465,-11.5717060817271
27.8,1.1,2.468,-10.745301308967
27.8,1.1,2.471,-9.98547760982006
27.8,1.1,2.474,-9.2899733437493
27.8,1.1,2.477,-8.65443116569575
27.8,1.1,2.48,-8.07380284179942
27.8,1.1,2.483,-7.54302107209727
27.8,1.1,2.486,-7.05730031383861
27.8,1.1,2.489,-6.6122531859054
27.8,1.1,2.492,-6.2039173842638
27.8,1.1,2.495,-5.82874109963868
27.8,1.1,2.498,-5.48355100447892
27.8,1.1,2.501,-5.16551467779052
27.8,1.1,2.504,-4.87210311676923
27.8,1.1,2.507,-4.60105582757878
27.8,1.1,2.51,-4.35034940763532
27.8,1.1,2.513,-4.11816976471726
27.8,1.1,2.516,-3.90288776878003
27.8,1.1,2.519,-3.70303799468236
27.8,1.1,2.522,-3.51730018076487
27.8,1.1,2.525,-3.3444830435882
27.8,1.1,2.528,-3.18351012452056
27.8,1.1,2.531,-3.03340738499354
27.8,1.1,2.534,-2.89329230735061
27.8,1.1,2.537,-2.76236429443677
27.8,1.1,2.54,-2.63989619252079
27.8,1.1,2.543,-2.52522678884658
27.8,1.1,2.546,-2.41775415752829
27.8,1.1,2.549,-2.31692974622057
27.8,1.1,2.552,-2.22225311159825
27.8,1.1,2.555,-2.13326722470317
27.8,1.1,2.558,-2.04955427811746
27.8,1.1,2.561,-1.9707319360856
27.8,1.1,2.564,-1.89644997644524
27.8,1.1,2.567,-1.82638727979342
27.8,1.1,2.57,-1.76024912691558
27.8,1.1,2.573,-1.69776477030488
27.8,1.1,2.576,-1.63868524973221
27.8,1.1,2.579,-1.58278142540079
27.8,1.1,2.582,-1.52984220532048
27.8,1.1,2.585,-1.47967294623839
27.8,1.1,2.588,-1.43209400982194
27.8,1.1,2.591,-1.38693945785784
27.8,1.1,2.594,-1.34405587204537
27.8,1.1,2.597,-1.30330128555945
27.8,1.1,2.6,-1.26454421496702
27.8,1.1,2.603,-1.22766278232287
27.8,1.1,2.606,-1.19254391837086
27.8,1.1,2.609,-1.1590826387491
27.8,1.1,2.612,-1.12718138596058
27.8,1.1,2.615,-1.09674943063604
27.8,1.1,2.618,-1.06770232629593
27.8,1.1,2.621,-1.03996141242236
27.8,1.1,2.624,-1.01345336119015
27.8,1.1,2.627,-0.988109763684616
27.8,1.1,2.63,-0.963866751860623
27.8,1.1,2.633,-0.940664652878198
27.8,1.1,2.636,-0.918447672789237
27.8,1.1,2.639,-0.897163606853776
27.8,1.1,2.642,-0.876763574034963
27.8,1.1,2.645,-0.857201773464669
27.8,1.1,2.648,-0.838435260888574
27.8,1.1,2.651,-0.820423743294007
27.8,1.1,2.654,-0.803129390098007
27.8,1.1,2.657,-0.786516659429346
27.8,1.1,2.66,-0.770552138178422
27.8,1.1,2.663,-0.755204394614982
27.8,1.1,2.666,-0.740443842486627
27.8,1.1,2.669,-0.726242615613065
27.8,1.1,2.672,-0.712574452082452
27.8,1.1,2.675,-0.699414587238891
27.8,1.1,2.678,-0.686739654724241
27.8,1.1,2.681,-0.674527594904722
27.8,1.1,2.684,-0.662757570073086
27.8,1.1,2.687,-0.651409885871854
27.8,1.1,2.69,-0.640465918432567
27.8,1.1,2.693,-0.629908046770516
27.8,1.1,2.696,-0.619719590014995
27.8,1.1,2.699,-0.60988474909159
27.8,1.1,2.702,-0.60038855250626
27.8,1.1,2.705,-0.591216805911011
27.8,1.1,2.708,-0.582356045158362
27.8,1.1,2.711,-0.57379349257634
27.8,1.1,2.714,-0.565517016218631
27.8,1.1,2.717,-0.557515091864659
27.8,1.1,2.72,-0.549776767563173
27.8,1.1,2.723,-0.542291630529931
27.8,1.1,2.726,-0.535049776225384
27.8,1.1,2.729,-0.52804177945247
27.8,1.1,2.732,-0.521258667327499
27.8,1.1,2.735,-0.514691893988769
27.8,1.1,2.738,-0.508333316918341
27.8,1.1,2.741,-0.502175174762222
27.8,1.1,2.744,-0.496210066543116
27.8,1.1,2.747,-0.490430932168156
27.8,1.1,2.75,-0.484831034141519
27.8,1.1,2.753,-0.479403940398776
27.8,1.1,2.756,-0.474143508186052
27.8,1.1,2.759,-0.469043868912946
27.8,1.1,2.762,-0.464099413913445
27.8,1.1,2.765,-0.459304781053999
27.8,1.1,2.768,-0.454654842132326
27.8,1.1,2.771,-0.450144691014744
27.8,1.1,2.774,-0.44576963246363
27.8,1.1,2.777,-0.441525171609979
27.8,1.1,2.78,-0.437407004029428
27.8,1.1,2.783,-0.433411006383022
27.8,1.1,2.786,-0.429533227586653
27.8,1.1,2.789,-0.4257698804758
27.8,1.1,2.792,-0.422117333934407
27.8,1.1,2.795,-0.41857210545892
27.8,1.1,2.798,-0.415130854130574
27.8,1.1,2.801,-0.411790373970753
27.8,1.1,2.804,-0.408547587656044
27.8,1.1,2.807,-0.405399540571157
27.8,1.1,2.81,-0.402343395179318
27.8,1.1,2.813,-0.399376425691179
27.8,1.1,2.816,-0.396496013014426
27.8,1.1,2.819,-0.393699639967571
27.8,1.1,2.822,-0.390984886742405
27.8,1.1,2.825,-0.388349426600607
27.8,1.1,2.828,-0.385791021790975
27.8,1.1,2.831,-0.383307519674592
27.8,1.1,2.834,-0.380896849046032
27.8,1.1,2.837,-0.378557016639489
27.8,1.1,2.84,-0.37628610380944
27.8,1.1,2.843,-0.37408226337596
27.8,1.1,2.846,-0.371943716625667
27.8,1.1,2.849,-0.369868750459594
27.8,1.1,2.852,-0.367855714679923
27.8,1.1,2.855,-0.365903019408039
27.8,1.1,2.858,-0.36400913262676
27.8,1.1,2.861,-0.362172577840051
27.8,1.1,2.864,-0.360391931843906
27.8,1.1,2.867,-0.35866582260254
27.8,1.1,2.87,-0.356992927224255
27.8,1.1,2.873,-0.355371970031774
27.8,1.1,2.876,-0.353801720722108
27.8,1.1,2.879,-0.352280992611299
27.8,1.1,2.882,-0.350808640959661
27.8,1.1,2.885,-0.349383561373397
27.8,1.1,2.888,-0.348004688278681
27.8,1.1,2.891,-0.346670993464553
27.8,1.1,2.894,-0.345381484691158
27.8,1.1,2.897,-0.344135204360047
27.8,1.1,2.9,-0.342931228243462
27.8,1.1,2.903,-0.341768664269696
27.8,1.1,2.906,-0.340646651361724
27.8,1.1,2.909,-0.33956435832659
27.8,1.1,2.912,-0.338520982792996
27.8,1.1,2.915,-0.3375157501948
27.8,1.1,2.918,-0.336547912798248
27.8,1.1,2.921,-0.335616748770792
27.8,1.1,2.924,-0.334721561289577
27.8,1.1,2.927,-0.333861677687698
27.8,1.1,2.93,-0.333036448636438
27.8,1.1,2.933,-0.332245247361863
27.8,1.1,2.936,-0.331487468894137
27.8,1.1,2.939,-0.330762529348054
27.8,1.1,2.942,-0.330069865233375
27.8,1.1,2.945,-0.329408932793595
27.8,1.1,2.948,-0.328779207371873
27.8,1.1,2.951,-0.328180182802869
27.8,1.1,2.954,-0.327611370829368
27.8,1.1,2.957,-0.327072300542543
27.8,1.1,2.96,-0.326562517844866
27.8,1.1,2.963,-0.326081584934612
27.8,1.1,2.966,-0.325629079811063
27.8,1.1,2.969,-0.325204595799463
27.8,1.1,2.972,-0.324807741094913
27.8,1.1,2.975,-0.324438138324383
27.8,1.1,2.978,-0.324095424126026
27.8,1.1,2.981,-0.32377924874511
27.8,1.1,2.984,-0.323489275645861
27.8,1.1,2.987,-0.32322518113849
27.8,1.1,2.99,-0.322986654020864
27.8,1.1,2.993,-0.322773395234134
27.8,1.1,2.996,-0.32258511753176
27.8,1.1,2.999,-0.322421545161441
27.8,1.1,3.002,-0.322282413559333
27.8,1.1,3.005,-0.322167469056122
27.8,1.1,3.008,-0.322076468594459
27.8,1.1,3.011,-0.32200917945729
27.8,1.1,3.014,-0.32196537900665
27.8,1.1,3.017,-0.321944854432522
27.8,1.1,3.02,-0.32194740251135
27.8,1.1,3.023,-0.321972829373824
27.8,1.1,3.026,-0.322020950281598
27.8,1.1,3.029,-0.322091589412576
27.8,1.1,3.032,-0.322184579654447
27.8,1.1,3.035,-0.322299762406146
27.8,1.1,3.038,-0.322436987386958
27.8,1.1,3.041,-0.32259611245296
27.8,1.1,3.044,-0.322777003420509
27.8,1.1,3.047,-0.322979533896584
27.8,1.1,3.05,-0.323203585115644
27.8,1.3,1.85,-0.168886555452235
27.8,1.3,1.853,-0.170156034511628
27.8,1.3,1.856,-0.171441265263623
27.8,1.3,1.859,-0.17274254620055
27.8,1.3,1.862,-0.17406018305499
27.8,1.3,1.865,-0.175394489023361
27.8,1.3,1.868,-0.176745784997307
27.8,1.3,1.871,-0.178114399803138
27.8,1.3,1.874,-0.179500670449679
27.8,1.3,1.877,-0.180904942384908
27.8,1.3,1.88,-0.182327569761639
27.8,1.3,1.883,-0.183768915712749
27.8,1.3,1.886,-0.185229352636223
27.8,1.3,1.889,-0.186709262490509
27.8,1.3,1.892,-0.188209037100574
27.8,1.3,1.895,-0.189729078475113
27.8,1.3,1.898,-0.191269799135383
27.8,1.3,1.901,-0.192831622456149
27.8,1.3,1.904,-0.194414983019265
27.8,1.3,1.907,-0.196020326980421
27.8,1.3,1.91,-0.197648112449615
27.8,1.3,1.913,-0.199298809885968
27.8,1.3,1.916,-0.200972902507461
27.8,1.3,1.919,-0.202670886716289
27.8,1.3,1.922,-0.20439327254047
27.8,1.3,1.925,-0.206140584092483
27.8,1.3,1.928,-0.20791336004561
27.8,1.3,1.931,-0.209712154128844
27.8,1.3,1.934,-0.21153753564116
27.8,1.3,1.937,-0.213390089985988
27.8,1.3,1.94,-0.215270419226881
27.8,1.3,1.943,-0.217179142665252
27.8,1.3,1.946,-0.219116897441247
27.8,1.3,1.949,-0.221084339158794
27.8,1.3,1.952,-0.223082142535946
27.8,1.3,1.955,-0.225111002081692
27.8,1.3,1.958,-0.227171632800474
27.8,1.3,1.961,-0.229264770925709
27.8,1.3,1.964,-0.23139117468369
27.8,1.3,1.967,-0.233551625089279
27.8,1.3,1.97,-0.23574692677497
27.8,1.3,1.973,-0.237977908854843
27.8,1.3,1.976,-0.240245425825178
27.8,1.3,1.979,-0.242550358503427
27.8,1.3,1.982,-0.244893615007493
27.8,1.3,1.985,-0.247276131777218
27.8,1.3,1.988,-0.249698874640252
27.8,1.3,1.991,-0.252162839924413
27.8,1.3,1.994,-0.254669055618945
27.8,1.3,1.997,-0.257218582587078
27.8,1.3,2,-0.25981251583251
27.8,1.3,2.003,-0.262451985822529
27.8,1.3,2.006,-0.265138159870719
27.8,1.3,2.009,-0.267872243582261
27.8,1.3,2.012,-0.270655482365116
27.8,1.3,2.015,-0.273489163010483
27.8,1.3,2.018,-0.276374615346217
27.8,1.3,2.021,-0.279313213967003
27.8,1.3,2.024,-0.282306380045371
27.8,1.3,2.027,-0.285355583227921
27.8,1.3,2.03,-0.288462343621244
27.8,1.3,2.033,-0.291628233872481
27.8,1.3,2.036,-0.294854881349612
27.8,1.3,2.039,-0.298143970426955
27.8,1.3,2.042,-0.301497244881686
27.8,1.3,2.045,-0.304916510407517
27.8,1.3,2.048,-0.30840363725208
27.8,1.3,2.051,-0.311960562984983
27.8,1.3,2.054,-0.3155892954039
27.8,1.3,2.057,-0.319291915586592
27.8,1.3,2.06,-0.323070581097172
27.8,1.3,2.063,-0.326927529355557
27.8,1.3,2.066,-0.330865081179568
27.8,1.3,2.069,-0.334885644509757
27.8,1.3,2.072,-0.33899171832772
27.8,1.3,2.075,-0.34318589677941
27.8,1.3,2.078,-0.347470873515566
27.8,1.3,2.081,-0.351849446262443
27.8,1.3,2.084,-0.356324521636656
27.8,1.3,2.087,-0.360899120219055
27.8,1.3,2.09,-0.365576381903517
27.8,1.3,2.093,-0.370359571537621
27.8,1.3,2.096,-0.375252084873345
27.8,1.3,2.099,-0.380257454847238
27.8,1.3,2.102,-0.3853793582108
27.8,1.3,2.105,-0.390621622533376
27.8,1.3,2.108,-0.395988233601307
27.8,1.3,2.111,-0.401483343238996
27.8,1.3,2.114,-0.407111277579151
27.8,1.3,2.117,-0.412876545811676
27.8,1.3,2.12,-0.418783849442664
27.8,1.3,2.123,-0.424838092097375
27.8,1.3,2.126,-0.431044389903567
27.8,1.3,2.129,-0.437408082494219
27.8,1.3,2.132,-0.443934744671726
27.8,1.3,2.135,-0.450630198778734
27.8,1.3,2.138,-0.457500527824317
27.8,1.3,2.141,-0.4645520894179
27.8,1.3,2.144,-0.471791530567427
27.8,1.3,2.147,-0.479225803402652
27.8,1.3,2.15,-0.486862181889277
27.8,1.3,2.153,-0.494708279604837
27.8,1.3,2.156,-0.502772068652897
27.8,1.3,2.159,-0.511061899798301
27.8,1.3,2.162,-0.51958652391295
27.8,1.3,2.165,-0.52835511482886
27.8,1.3,2.168,-0.537377293703244
27.8,1.3,2.171,-0.546663155009057
27.8,1.3,2.174,-0.556223294273917
27.8,1.3,2.177,-0.566068837700708
27.8,1.3,2.18,-0.576211473814451
27.8,1.3,2.183,-0.58666348729245
27.8,1.3,2.186,-0.597437795148228
27.8,1.3,2.189,-0.608547985454635
27.8,1.3,2.192,-0.620008358807697
27.8,1.3,2.195,-0.631833972750693
27.8,1.3,2.198,-0.644040689397277
27.8,1.3,2.201,-0.656645226514179
27.8,1.3,2.204,-0.669665212347305
27.8,1.3,2.207,-0.683119244501109
27.8,1.3,2.21,-0.697026953209512
27.8,1.3,2.213,-0.71140906936798
27.8,1.3,2.216,-0.726287497730965
27.8,1.3,2.219,-0.741685395716735
27.8,1.3,2.222,-0.75762725830392
27.8,1.3,2.225,-0.774139009550055
27.8,1.3,2.228,-0.791248101313838
27.8,1.3,2.231,-0.808983619819117
27.8,1.3,2.234,-0.827376400761469
27.8,1.3,2.237,-0.846459153727088
27.8,1.3,2.24,-0.866266596770864
27.8,1.3,2.243,-0.88683560208514
27.8,1.3,2.246,-0.908205353785418
27.8,1.3,2.249,-0.930417518943801
27.8,1.3,2.252,-0.953516433117584
27.8,1.3,2.255,-0.97754930175003
27.8,1.3,2.258,-1.00256641896449
27.8,1.3,2.261,-1.02862140543395
27.8,1.3,2.264,-1.05577146718722
27.8,1.3,2.267,-1.08407767741338
27.8,1.3,2.27,-1.11360528354945
27.8,1.3,2.273,-1.14442404218687
27.8,1.3,2.276,-1.17660858461224
27.8,1.3,2.279,-1.21023881611213
27.8,1.3,2.282,-1.24540035252425
27.8,1.3,2.285,-1.28218499791383
27.8,1.3,2.288,-1.32069126769949
27.8,1.3,2.291,-1.36102496205636
27.8,1.3,2.294,-1.40329979499099
27.8,1.3,2.297,-1.44763808512451
27.8,1.3,2.3,-1.49417151494778
27.8,1.3,2.303,-1.54304196613707
27.8,1.3,2.306,-1.59440243945855
27.8,1.3,2.309,-1.64841806886065
27.8,1.3,2.312,-1.70526724057922
27.8,1.3,2.315,-1.76514282948605
27.8,1.3,2.318,-1.82825356653026
27.8,1.3,2.321,-1.89482555299236
27.8,1.3,2.324,-1.9651039394409
27.8,1.3,2.327,-2.03935478981172
27.8,1.3,2.33,-2.11786715399198
27.8,1.3,2.333,-2.20095537578143
27.8,1.3,2.336,-2.28896166723593
27.8,1.3,2.339,-2.38225898532572
27.8,1.3,2.342,-2.48125425275279
27.8,1.3,2.345,-2.58639197191655
27.8,1.3,2.348,-2.69815828971516
27.8,1.3,2.351,-2.81708558154117
27.8,1.3,2.354,-2.94375763602435
27.8,1.3,2.357,-3.07881553852151
27.8,1.3,2.36,-3.22296437201838
27.8,1.3,2.363,-3.37698088028624
27.8,1.3,2.366,-3.54172227156431
27.8,1.3,2.369,-3.71813638406458
27.8,1.3,2.372,-3.90727349041252
27.8,1.3,2.375,-4.11030009110703
27.8,1.3,2.378,-4.32851514320674
27.8,1.3,2.381,-4.56336929803329
27.8,1.3,2.384,-4.81648789228688
27.8,1.3,2.387,-5.08969866680196
27.8,1.3,2.39,-5.38506549907495
27.8,1.3,2.393,-5.70492986204085
27.8,1.3,2.396,-6.05196230839602
27.8,1.3,2.399,-6.42922709254337
27.8,1.3,2.402,-6.84026417362588
27.8,1.3,2.405,-7.28919442200616
27.8,1.3,2.408,-7.78085605011268
27.8,1.3,2.411,-8.32098331503199
27.8,1.3,2.414,-8.91644257897017
27.8,1.3,2.417,-9.575545797113
27.8,1.3,2.42,-10.3084663673141
27.8,1.3,2.423,-11.1277826450399
27.8,1.3,2.426,-12.0491553785557
27.8,1.3,2.429,-13.0920583384227
27.8,1.3,2.432,-14.2801684719786
27.8,1.3,2.435,-15.6399580608733
27.8,1.3,2.438,-17.1924599444414
27.8,1.3,2.441,-18.9216771595364
27.8,1.3,2.444,-20.6744375375363
27.8,1.3,2.447,-21.9568129194769
27.8,1.3,2.45,-22.0203208794519
27.8,1.3,2.453,-20.8167844078089
27.8,1.3,2.456,-19.0787484105971
27.8,1.3,2.459,-17.3376511574771
27.8,1.3,2.462,-15.7676160644031
27.8,1.3,2.465,-14.3911965216468
27.8,1.3,2.468,-13.1887923190973
27.8,1.3,2.471,-12.1339134360385
27.8,1.3,2.474,-11.2025365643309
27.8,1.3,2.477,-10.3748253147742
27.8,1.3,2.48,-9.63481386113441
27.8,1.3,2.483,-8.96968276207187
27.8,1.3,2.486,-8.36907138252855
27.8,1.3,2.489,-7.82452230213094
27.8,1.3,2.492,-7.32905521504173
27.8,1.3,2.495,-6.87684554846095
27.8,1.3,2.498,-6.4629825373293
27.8,1.3,2.501,-6.08328621795748
27.8,1.3,2.504,-5.73416784455103
27.8,1.3,2.507,-5.41252236507436
27.8,1.3,2.51,-5.11564470324202
27.8,1.3,2.513,-4.84116385695487
27.8,1.3,2.516,-4.58699045001798
27.8,1.3,2.519,-4.35127453949826
27.8,1.3,2.522,-4.13237131811233
27.8,1.3,2.525,-3.9288129550651
27.8,1.3,2.528,-3.73928525733502
27.8,1.3,2.531,-3.56260815403405
27.8,1.3,2.534,-3.39771924255165
27.8,1.3,2.537,-3.24365981029449
27.8,1.3,2.54,-3.09956287666391
27.8,1.3,2.543,-2.96464289839331
27.8,1.3,2.546,-2.8381868560522
27.8,1.3,2.549,-2.71954649659345
27.8,1.3,2.552,-2.60813155076625
27.8,1.3,2.555,-2.50340377832204
27.8,1.3,2.558,-2.40487172061989
27.8,1.3,2.561,-2.31208606127685
27.8,1.3,2.564,-2.22463551223344
27.8,1.3,2.567,-2.14214315601079
27.8,1.3,2.57,-2.06426318576605
27.8,1.3,2.573,-1.99067799357451
27.8,1.3,2.576,-1.92109556460665
27.8,1.3,2.579,-1.85524714085546
27.8,1.3,2.582,-1.79288512305591
27.8,1.3,2.585,-1.73378118362002
27.8,1.3,2.588,-1.67772456693927
27.8,1.3,2.591,-1.62452055640216
27.8,1.3,2.594,-1.57398909003141
27.8,1.3,2.597,-1.52596350883875
27.8,1.3,2.6,-1.48028942388601
27.8,1.3,2.603,-1.43682368967666
27.8,1.3,2.606,-1.3954334729239
27.8,1.3,2.609,-1.35599540697935
27.8,1.3,2.612,-1.31839482328994
27.8,1.3,2.615,-1.28252505220054
27.8,1.3,2.618,-1.24828678625377
27.8,1.3,2.621,-1.21558749987465
27.8,1.3,2.624,-1.18434091997654
27.8,1.3,2.627,-1.15446654259916
27.8,1.3,2.63,-1.12588919119811
27.8,1.3,2.633,-1.09853861265707
27.8,1.3,2.636,-1.07234910749467
27.8,1.3,2.639,-1.04725919109551
27.8,1.3,2.642,-1.02321128311256
27.8,1.3,2.645,-1.00015142247224
27.8,1.3,2.648,-0.978029005666911
27.8,1.3,2.651,-0.956796546246025
27.8,1.3,2.654,-0.936409453620026
27.8,1.3,2.657,-0.916825829472894
27.8,1.3,2.66,-0.898006280241886
27.8,1.3,2.663,-0.879913744269593
27.8,1.3,2.666,-0.862513332364269
27.8,1.3,2.669,-0.845772180622935
27.8,1.3,2.672,-0.829659314477712
27.8,1.3,2.675,-0.814145523021525
27.8,1.3,2.678,-0.7992032427556
27.8,1.3,2.681,-0.784806449978962
27.8,1.3,2.684,-0.770930561110111
27.8,1.3,2.687,-0.757552340294786
27.8,1.3,2.69,-0.744649813710681
27.8,1.3,2.693,-0.732202190032118
27.8,1.3,2.696,-0.720189786564372
27.8,1.3,2.699,-0.708593960600111
27.8,1.3,2.702,-0.697397045588666
27.8,1.3,2.705,-0.68658229174413
27.8,1.3,2.708,-0.676133810749784
27.8,1.3,2.711,-0.666036524245342
27.8,1.3,2.714,-0.65627611580968
27.8,1.3,2.717,-0.646838986175555
27.8,1.3,2.72,-0.63771221143459
27.8,1.3,2.723,-0.628883504010521
27.8,1.3,2.726,-0.620341176196809
27.8,1.3,2.729,-0.612074106071132
27.8,1.3,2.732,-0.60407170561422
27.8,1.3,2.735,-0.596323890874405
27.8,1.3,2.738,-0.588821054031577
27.8,1.3,2.741,-0.581554037225797
27.8,1.3,2.744,-0.574514108026377
27.8,1.3,2.747,-0.567692936426671
27.8,1.3,2.75,-0.561082573258787
27.8,1.3,2.753,-0.554675429930416
27.8,1.3,2.756,-0.548464259393358
27.8,1.3,2.759,-0.542442138260178
27.8,1.3,2.762,-0.536602449991646
27.8,1.3,2.765,-0.530938869083272
27.8,1.3,2.768,-0.525445346184671
27.8,1.3,2.771,-0.520116094090184
27.8,1.3,2.774,-0.514945574543753
27.8,1.3,2.777,-0.509928485805119
27.8,1.3,2.78,-0.505059750928183
27.8,1.3,2.783,-0.500334506705942
27.8,1.3,2.786,-0.495748093239517
27.8,1.3,2.789,-0.491296044091887
27.8,1.3,2.792,-0.486974076989616
27.8,1.3,2.795,-0.482778085038404
27.8,1.3,2.798,-0.478704128420702
27.8,1.3,2.801,-0.474748426545716
27.8,1.3,2.804,-0.470907350624211
27.8,1.3,2.807,-0.467177416642363
27.8,1.3,2.81,-0.463555278710572
27.8,1.3,2.813,-0.460037722764894
27.8,1.3,2.816,-0.456621660600055
27.8,1.3,2.819,-0.453304124214534
27.8,1.3,2.822,-0.450082260449392
27.8,1.3,2.825,-0.446953325903722
27.8,1.3,2.828,-0.443914682110775
27.8,1.3,2.831,-0.440963790959703
27.8,1.3,2.834,-0.438098210348933
27.8,1.3,2.837,-0.435315590058028
27.8,1.3,2.84,-0.432613667825715
27.8,1.3,2.843,-0.429990265622516
27.8,1.3,2.846,-0.427443286107181
27.8,1.3,2.849,-0.42497070925673
27.8,1.3,2.852,-0.42257058916058
27.8,1.3,2.855,-0.42024105096981
27.8,1.3,2.858,-0.417980287993105
27.8,1.3,2.861,-0.415786558931528
27.8,1.3,2.864,-0.4136581852446
27.8,1.3,2.867,-0.411593548640814
27.8,1.3,2.87,-0.40959108868587
27.8,1.3,2.873,-0.407649300522503
27.8,1.3,2.876,-0.405766732696103
27.8,1.3,2.879,-0.403941985080546
27.8,1.3,2.882,-0.402173706899129
27.8,1.3,2.885,-0.4004605948357
27.8,1.3,2.888,-0.398801391231373
27.8,1.3,2.891,-0.39719488236251
27.8,1.3,2.894,-0.39563989679586
27.8,1.3,2.897,-0.394135303816982
27.8,1.3,2.9,-0.392680011928306
27.8,1.3,2.903,-0.391272967413399
27.8,1.3,2.906,-0.38991315296415
27.8,1.3,2.909,-0.388599586367793
27.8,1.3,2.912,-0.387331319250905
27.8,1.3,2.915,-0.386107435877549
27.8,1.3,2.918,-0.38492705199902
27.8,1.3,2.921,-0.383789313752673
27.8,1.3,2.924,-0.382693396607573
27.8,1.3,2.927,-0.38163850435465
27.8,1.3,2.93,-0.380623868139367
27.8,1.3,2.933,-0.379648745534852
27.8,1.3,2.936,-0.378712419653642
27.8,1.3,2.939,-0.377814198296218
27.8,1.3,2.942,-0.376953413134717
27.8,1.3,2.945,-0.376129418930106
27.8,1.3,2.948,-0.375341592781396
27.8,1.3,2.951,-0.374589333405393
27.8,1.3,2.954,-0.373872060445617
27.8,1.3,2.957,-0.373189213809119
27.8,1.3,2.96,-0.372540253029913
27.8,1.3,2.963,-0.371924656657885
27.8,1.3,2.966,-0.371341921672018
27.8,1.3,2.969,-0.370791562916926
27.8,1.3,2.972,-0.370273112561622
27.8,1.3,2.975,-0.369786119579604
27.8,1.3,2.978,-0.369330149249324
27.8,1.3,2.981,-0.368904782674183
27.8,1.3,2.984,-0.368509616321176
27.8,1.3,2.987,-0.368144261577477
27.8,1.3,2.99,-0.367808344324141
27.8,1.3,2.993,-0.367501504526225
27.8,1.3,2.996,-0.367223395838672
27.8,1.3,2.999,-0.366973685227259
27.8,1.3,3.002,-0.366752052604048
27.8,1.3,3.005,-0.366558190476681
27.8,1.3,3.008,-0.366391803611002
27.8,1.3,3.011,-0.366252608706457
27.8,1.3,3.014,-0.366140334083748
27.8,1.3,3.017,-0.366054719384243
27.8,1.3,3.02,-0.365995515280711
27.8,1.3,3.023,-0.36596248319888
27.8,1.3,3.026,-0.365955395049446
27.8,1.3,3.029,-0.365974032970063
27.8,1.3,3.032,-0.366018189077016
27.8,1.3,3.035,-0.366087665226066
27.8,1.3,3.038,-0.36618227278227
27.8,1.3,3.041,-0.366301832398294
27.8,1.3,3.044,-0.366446173800996
27.8,1.3,3.047,-0.366615135585901
27.8,1.3,3.05,-0.3668085650193
27.8,1.5,1.85,-0.180714191019288
27.8,1.5,1.853,-0.182100711642827
27.8,1.5,1.856,-0.183504536400556
27.8,1.5,1.859,-0.184925987039467
27.8,1.5,1.862,-0.186365393092719
27.8,1.5,1.865,-0.187823092118312
27.8,1.5,1.868,-0.189299429945999
27.8,1.5,1.871,-0.190794760932752
27.8,1.5,1.874,-0.192309448227146
27.8,1.5,1.877,-0.193843864043036
27.8,1.5,1.88,-0.195398389942842
27.8,1.5,1.883,-0.196973417130901
27.8,1.5,1.886,-0.19856934675726
27.8,1.5,1.889,-0.200186590232341
27.8,1.5,1.892,-0.201825569552958
27.8,1.5,1.895,-0.203486717640096
27.8,1.5,1.898,-0.205170478689008
27.8,1.5,1.901,-0.206877308532115
27.8,1.5,1.904,-0.208607675015238
27.8,1.5,1.907,-0.210362058387741
27.8,1.5,1.91,-0.212140951707198
27.8,1.5,1.913,-0.213944861259142
27.8,1.5,1.916,-0.215774306992621
27.8,1.5,1.919,-0.217629822972181
27.8,1.5,1.922,-0.219511957847025
27.8,1.5,1.925,-0.221421275338098
27.8,1.5,1.928,-0.223358354743841
27.8,1.5,1.931,-0.225323791465515
27.8,1.5,1.934,-0.227318197552865
27.8,1.5,1.937,-0.229342202271133
27.8,1.5,1.94,-0.231396452690279
27.8,1.5,1.943,-0.233481614297491
27.8,1.5,1.946,-0.235598371633991
27.8,1.5,1.949,-0.23774742895724
27.8,1.5,1.952,-0.239929510929747
27.8,1.5,1.955,-0.242145363335661
27.8,1.5,1.958,-0.24439575382644
27.8,1.5,1.961,-0.246681472696985
27.8,1.5,1.964,-0.249003333693609
27.8,1.5,1.967,-0.251362174855377
27.8,1.5,1.97,-0.253758859390385
27.8,1.5,1.973,-0.256194276588638
27.8,1.5,1.976,-0.258669342773259
27.8,1.5,1.979,-0.26118500229192
27.8,1.5,1.982,-0.263742228550383
27.8,1.5,1.985,-0.266342025090245
27.8,1.5,1.988,-0.268985426713019
27.8,1.5,1.991,-0.271673500652842
27.8,1.5,1.994,-0.274407347800221
27.8,1.5,1.997,-0.27718810397936
27.8,1.5,2,-0.280016941281715
27.8,1.5,2.003,-0.282895069458673
27.8,1.5,2.006,-0.285823737376287
27.8,1.5,2.009,-0.288804234535254
27.8,1.5,2.012,-0.291837892659515
27.8,1.5,2.015,-0.294926087356933
27.8,1.5,2.018,-0.298070239855869
27.8,1.5,2.021,-0.301271818821595
27.8,1.5,2.024,-0.304532342256688
27.8,1.5,2.027,-0.307853379489924
27.8,1.5,2.03,-0.311236553258306
27.8,1.5,2.033,-0.314683541887252
27.8,1.5,2.036,-0.318196081574198
27.8,1.5,2.039,-0.321775968781233
27.8,1.5,2.042,-0.325425062742715
27.8,1.5,2.045,-0.329145288094142
27.8,1.5,2.048,-0.332938637629006
27.8,1.5,2.051,-0.336807175190724
27.8,1.5,2.054,-0.340753038707185
27.8,1.5,2.057,-0.344778443375969
27.8,1.5,2.06,-0.348885685008725
27.8,1.5,2.063,-0.353077143543823
27.8,1.5,2.066,-0.357355286736916
27.8,1.5,2.069,-0.361722674039665
27.8,1.5,2.072,-0.366181960677614
27.8,1.5,2.075,-0.370735901938817
27.8,1.5,2.078,-0.375387357685662
27.8,1.5,2.081,-0.380139297103124
27.8,1.5,2.084,-0.384994803697563
27.8,1.5,2.087,-0.389957080561118
27.8,1.5,2.09,-0.395029455917786
27.8,1.5,2.093,-0.400215388968332
27.8,1.5,2.096,-0.405518476052398
27.8,1.5,2.099,-0.410942457147374
27.8,1.5,2.102,-0.41649122272499
27.8,1.5,2.105,-0.422168820988077
27.8,1.5,2.108,-0.427979465511408
27.8,1.5,2.111,-0.433927543312378
27.8,1.5,2.114,-0.440017623378969
27.8,1.5,2.117,-0.446254465684495
27.8,1.5,2.12,-0.452643030720712
27.8,1.5,2.123,-0.459188489583201
27.8,1.5,2.126,-0.465896234645382
27.8,1.5,2.129,-0.472771890860198
27.8,1.5,2.132,-0.479821327731419
27.8,1.5,2.135,-0.48705067199966
27.8,1.5,2.138,-0.494466321091523
27.8,1.5,2.141,-0.502074957384061
27.8,1.5,2.144,-0.509883563340632
27.8,1.5,2.147,-0.5178994375786
27.8,1.5,2.15,-0.526130211933946
27.8,1.5,2.153,-0.534583869593026
27.8,1.5,2.156,-0.5432687643671
27.8,1.5,2.159,-0.55219364119139
27.8,1.5,2.162,-0.561367657936786
27.8,1.5,2.165,-0.570800408629525
27.8,1.5,2.168,-0.580501948181801
27.8,1.5,2.171,-0.590482818744711
27.8,1.5,2.174,-0.60075407780399
27.8,1.5,2.177,-0.611327328149134
27.8,1.5,2.18,-0.622214749857198
27.8,1.5,2.183,-0.633429134444532
27.8,1.5,2.186,-0.644983921352699
27.8,1.5,2.189,-0.65689323694895
27.8,1.5,2.192,-0.669171936237141
27.8,1.5,2.195,-0.681835647491944
27.8,1.5,2.198,-0.69490082004782
27.8,1.5,2.201,-0.708384775494484
27.8,1.5,2.204,-0.722305762553009
27.8,1.5,2.207,-0.736683015931112
27.8,1.5,2.21,-0.751536819483088
27.8,1.5,2.213,-0.766888574029419
27.8,1.5,2.216,-0.782760870223441
27.8,1.5,2.219,-0.799177566888237
27.8,1.5,2.222,-0.816163875286313
27.8,1.5,2.225,-0.833746449827706
27.8,1.5,2.228,-0.851953485770177
27.8,1.5,2.231,-0.870814824517611
27.8,1.5,2.234,-0.890362067181067
27.8,1.5,2.237,-0.910628697131072
27.8,1.5,2.24,-0.9316502123409
27.8,1.5,2.243,-0.953464268399191
27.8,1.5,2.246,-0.976110833157336
27.8,1.5,2.249,-0.999632354073763
27.8,1.5,2.252,-1.02407393942418
27.8,1.5,2.255,-1.04948355466598
27.8,1.5,2.258,-1.07591223537725
27.8,1.5,2.261,-1.10341431833767
27.8,1.5,2.264,-1.13204769248293
27.8,1.5,2.267,-1.16187407164654
27.8,1.5,2.27,-1.19295929120683
27.8,1.5,2.273,-1.22537363098506
27.8,1.5,2.276,-1.25919216699505
27.8,1.5,2.279,-1.29449515493042
27.8,1.5,2.282,-1.33136844859585
27.8,1.5,2.285,-1.36990395684849
27.8,1.5,2.288,-1.4102001430208
27.8,1.5,2.291,-1.4523625712524
27.8,1.5,2.294,-1.4965045046743
27.8,1.5,2.297,-1.54274756097237
27.8,1.5,2.3,-1.59122243151904
27.8,1.5,2.303,-1.64206967101508
27.8,1.5,2.306,-1.69544056544168
27.8,1.5,2.309,-1.75149808710514
27.8,1.5,2.312,-1.81041794668302
27.8,1.5,2.315,-1.87238975347795
27.8,1.5,2.318,-1.93761829658513
27.8,1.5,2.321,-2.0063249614208
27.8,1.5,2.324,-2.07874929808944
27.8,1.5,2.327,-2.1551507604483
27.8,1.5,2.33,-2.23581063753238
27.8,1.5,2.333,-2.32103420232839
27.8,1.5,2.336,-2.4111531068506
27.8,1.5,2.339,-2.50652805723105
27.8,1.5,2.342,-2.60755180828742
27.8,1.5,2.345,-2.71465252403142
27.8,1.5,2.348,-2.82829755916256
27.8,1.5,2.351,-2.94899772719269
27.8,1.5,2.354,-3.07731213404434
27.8,1.5,2.357,-3.21385367252476
27.8,1.5,2.36,-3.35929529402033
27.8,1.5,2.363,-3.51437720045785
27.8,1.5,2.366,-3.67991513390388
27.8,1.5,2.369,-3.85680998566083
27.8,1.5,2.372,-4.04605900487007
27.8,1.5,2.375,-4.24876896330205
27.8,1.5,2.378,-4.46617173500719
27.8,1.5,2.381,-4.69964288645949
27.8,1.5,2.384,-4.95072405855113
27.8,1.5,2.387,-5.22115017632466
27.8,1.5,2.39,-5.51288287511868
27.8,1.5,2.393,-5.82815202685392
27.8,1.5,2.396,-6.16950795430773
27.8,1.5,2.399,-6.53988793772933
27.8,1.5,2.402,-6.9427021100164
27.8,1.5,2.405,-7.38194606669167
27.8,1.5,2.408,-7.86235091906255
27.8,1.5,2.411,-8.38958682901187
27.8,1.5,2.414,-8.9705445660209
27.8,1.5,2.417,-9.6137336353818
27.8,1.5,2.42,-10.3298593615755
27.8,1.5,2.423,-11.1326833615024
27.8,1.5,2.426,-12.0403491174584
27.8,1.5,2.429,-13.0775030010238
27.8,1.5,2.432,-14.2788417212995
27.8,1.5,2.435,-15.6953574358547
27.8,1.5,2.438,-17.405972481861
27.8,1.5,2.441,-19.5403281413961
27.8,1.5,2.444,-22.3221404774196
27.8,1.5,2.447,-26.0911193148935
27.8,1.5,2.45,-30.1734207493895
27.8,1.5,2.453,-28.6003135899654
27.8,1.5,2.456,-24.3019855431348
27.8,1.5,2.459,-21.0051261972177
27.8,1.5,2.462,-18.5411705535392
27.8,1.5,2.465,-16.6116985905366
27.8,1.5,2.468,-15.0409652032276
27.8,1.5,2.471,-13.7253841127279
27.8,1.5,2.474,-12.6001988618964
27.8,1.5,2.477,-11.6225664083024
27.8,1.5,2.48,-10.7627531741782
27.8,1.5,2.483,-9.9992894736674
27.8,1.5,2.486,-9.31615240380789
27.8,1.5,2.489,-8.70104719974524
27.8,1.5,2.492,-8.14431444520727
27.8,1.5,2.495,-7.63821014266595
27.8,1.5,2.498,-7.17641669058787
27.8,1.5,2.501,-6.7537017426435
27.8,1.5,2.504,-6.36567458597133
27.8,1.5,2.507,-6.00860849460151
27.8,1.5,2.51,-5.67930873653554
27.8,1.5,2.513,-5.37501281300741
27.8,1.5,2.516,-5.09331386797884
27.8,1.5,2.519,-4.83210102806741
27.8,1.5,2.522,-4.58951230014942
27.8,1.5,2.525,-4.36389691333176
27.8,1.5,2.528,-4.1537848565489
27.8,1.5,2.531,-3.95786196594332
27.8,1.5,2.534,-3.77494934263679
27.8,1.5,2.537,-3.6039861870616
27.8,1.5,2.54,-3.44401535756759
27.8,1.5,2.543,-3.29417112340792
27.8,1.5,2.546,-3.1536687024501
27.8,1.5,2.549,-3.02179526384624
27.8,1.5,2.552,-2.8979021437085
27.8,1.5,2.555,-2.78139807344146
27.8,1.5,2.558,-2.67174325999149
27.8,1.5,2.561,-2.56844418792871
27.8,1.5,2.564,-2.47104903719708
27.8,1.5,2.567,-2.3791436291868
27.8,1.5,2.57,-2.2923478287066
27.8,1.5,2.573,-2.21031234136332
27.8,1.5,2.576,-2.13271585546778
27.8,1.5,2.579,-2.05926248539022
27.8,1.5,2.582,-1.98967947967303
27.8,1.5,2.585,-1.92371516247008
27.8,1.5,2.588,-1.86113708124883
27.8,1.5,2.591,-1.80173033734014
27.8,1.5,2.594,-1.74529607898905
27.8,1.5,2.597,-1.69165013915638
27.8,1.5,2.6,-1.64062180252912
27.8,1.5,2.603,-1.59205268808797
27.8,1.5,2.606,-1.54579573520339
27.8,1.5,2.609,-1.50171428263477
27.8,1.5,2.612,-1.45968123102212
27.8,1.5,2.615,-1.41957828051849
27.8,1.5,2.618,-1.38129523613448
27.8,1.5,2.621,-1.34472937417617
27.8,1.5,2.624,-1.30978486386843
27.8,1.5,2.627,-1.27637223888207
27.8,1.5,2.63,-1.24440791403613
27.8,1.5,2.633,-1.21381374293594
27.8,1.5,2.636,-1.18451661274123
27.8,1.5,2.639,-1.15644807264395
27.8,1.5,2.642,-1.12954399297822
27.8,1.5,2.645,-1.10374425219009
27.8,1.5,2.648,-1.07899244916756
27.8,1.5,2.651,-1.05523563867464
27.8,1.5,2.654,-1.03242408785127
27.8,1.5,2.657,-1.01051105193588
27.8,1.5,2.66,-0.989452567542517
27.8,1.5,2.663,-0.969207261981609
27.8,1.5,2.666,-0.949736177254286
27.8,1.5,2.669,-0.931002607477485
27.8,1.5,2.672,-0.912971948611175
27.8,1.5,2.675,-0.895611559462071
27.8,1.5,2.678,-0.878890633031056
27.8,1.5,2.681,-0.862780077355414
27.8,1.5,2.684,-0.847252405072645
27.8,1.5,2.687,-0.832281631001203
27.8,1.5,2.69,-0.817843177095251
27.8,1.5,2.693,-0.803913784186822
27.8,1.5,2.696,-0.790471429979472
27.8,1.5,2.699,-0.777495252803563
27.8,1.5,2.702,-0.764965480685263
27.8,1.5,2.705,-0.752863365319173
27.8,1.5,2.708,-0.741171120569061
27.8,1.5,2.711,-0.729871865152591
27.8,1.5,2.714,-0.71894956919442
27.8,1.5,2.717,-0.708389004358003
27.8,1.5,2.72,-0.698175697290299
27.8,1.5,2.723,-0.688295886134914
27.8,1.5,2.726,-0.678736479889156
27.8,1.5,2.729,-0.669485020398282
27.8,1.5,2.732,-0.660529646796768
27.8,1.5,2.735,-0.65185906222139
27.8,1.5,2.738,-0.643462502634641
27.8,1.5,2.741,-0.635329707609604
27.8,1.5,2.744,-0.627450892938906
27.8,1.5,2.747,-0.619816724940914
27.8,1.5,2.75,-0.612418296346027
27.8,1.5,2.753,-0.605247103654728
27.8,1.5,2.756,-0.59829502586735
27.8,1.5,2.759,-0.591554304492798
27.8,1.5,2.762,-0.585017524750468
27.8,1.5,2.765,-0.578677597885969
27.8,1.5,2.768,-0.572527744526871
27.8,1.5,2.771,-0.566561479010299
27.8,1.5,2.774,-0.560772594618938
27.8,1.5,2.777,-0.555155149666691
27.8,1.5,2.78,-0.54970345437927
27.8,1.5,2.783,-0.544412058519087
27.8,1.5,2.786,-0.539275739707112
27.8,1.5,2.789,-0.534289492397935
27.8,1.5,2.792,-0.529448517467071
27.8,1.5,2.795,-0.524748212372527
27.8,1.5,2.798,-0.520184161855211
27.8,1.5,2.801,-0.51575212914514
27.8,1.5,2.804,-0.511448047642622
27.8,1.5,2.807,-0.507268013045785
27.8,1.5,2.81,-0.503208275897565
27.8,1.5,2.813,-0.499265234527154
27.8,1.5,2.816,-0.49543542836253
27.8,1.5,2.819,-0.491715531592245
27.8,1.5,2.822,-0.488102347155957
27.8,1.5,2.825,-0.48459280104473
27.8,1.5,2.828,-0.481183936893114
27.8,1.5,2.831,-0.477872910846281
27.8,1.5,2.834,-0.47465698668661
27.8,1.5,2.837,-0.471533531204954
27.8,1.5,2.84,-0.468500009802825
27.8,1.5,2.843,-0.465553982312679
27.8,1.5,2.846,-0.462693099024025
27.8,1.5,2.849,-0.459915096904157
27.8,1.5,2.852,-0.457217796002713
27.8,1.5,2.855,-0.454599096030113
27.8,1.5,2.858,-0.452056973100411
27.8,1.5,2.861,-0.449589476629718
27.8,1.5,2.864,-0.447194726381902
27.8,1.5,2.867,-0.444870909653667
27.8,1.5,2.87,-0.44261627859172
27.8,1.5,2.873,-0.44042914763501
27.8,1.5,2.876,-0.438307891075593
27.8,1.5,2.879,-0.436250940731857
27.8,1.5,2.882,-0.434256783728421
27.8,1.5,2.885,-0.432323960377164
27.8,1.5,2.888,-0.43045106215424
27.8,1.5,2.891,-0.428636729768244
27.8,1.5,2.894,-0.426879651314904
27.8,1.5,2.897,-0.425178560513982
27.8,1.5,2.9,-0.423532235024279
27.8,1.5,2.903,-0.4219394948329
27.8,1.5,2.906,-0.420399200715083
27.8,1.5,2.909,-0.418910252761211
27.8,1.5,2.912,-0.417471588967628
27.8,1.5,2.915,-0.416082183888305
27.8,1.5,2.918,-0.414741047344311
27.8,1.5,2.921,-0.413447223188419
27.8,1.5,2.924,-0.412199788122137
27.8,1.5,2.927,-0.41099785056279
27.8,1.5,2.93,-0.409840549558177
27.8,1.5,2.933,-0.408727053746698
27.8,1.5,2.936,-0.407656560360761
27.8,1.5,2.939,-0.406628294271494
27.8,1.5,2.942,-0.405641507072848
27.8,1.5,2.945,-0.404695476203335
27.8,1.5,2.948,-0.403789504103628
27.8,1.5,2.951,-0.40292291740845
27.8,1.5,2.954,-0.402095066171183
27.8,1.5,2.957,-0.401305323119753
27.8,1.5,2.96,-0.400553082942378
27.8,1.5,2.963,-0.399837761601892
27.8,1.5,2.966,-0.399158795677357
27.8,1.5,2.969,-0.39851564173177
27.8,1.5,2.972,-0.397907775704759
27.8,1.5,2.975,-0.397334692329157
27.8,1.5,2.978,-0.396795904570448
27.8,1.5,2.981,-0.396290943088079
27.8,1.5,2.984,-0.39581935571773
27.8,1.5,2.987,-0.395380706973662
27.8,1.5,2.99,-0.394974577570271
27.8,1.5,2.993,-0.394600563962047
27.8,1.5,2.996,-0.394258277901199
27.8,1.5,2.999,-0.393947346012182
27.8,1.5,3.002,-0.39366740938245
27.8,1.5,3.005,-0.393418123168753
27.8,1.5,3.008,-0.393199156218362
27.8,1.5,3.011,-0.393010190704597
27.8,1.5,3.014,-0.392850921776098
27.8,1.5,3.017,-0.392721057219278
27.8,1.5,3.02,-0.392620317133431
27.8,1.5,3.023,-0.392548433617997
27.8,1.5,3.026,-0.392505150471505
27.8,1.5,3.029,-0.392490222901723
27.8,1.5,3.032,-0.392503417246588
27.8,1.5,3.035,-0.392544510705496
27.8,1.5,3.038,-0.392613291080567
27.8,1.5,3.041,-0.392709556527422
27.8,1.5,3.044,-0.392833115315261
27.8,1.5,3.047,-0.392983785595716
27.8,1.5,3.05,-0.393161395180262
27.8,1.7,1.85,-0.196588643832425
27.8,1.7,1.853,-0.198128371564279
27.8,1.7,1.856,-0.199687765229843
27.8,1.7,1.859,-0.201267153337299
27.8,1.7,1.862,-0.202866873279596
27.8,1.7,1.865,-0.204487271583233
27.8,1.7,1.868,-0.206128704165682
27.8,1.7,1.871,-0.207791536601896
27.8,1.7,1.874,-0.209476144400154
27.8,1.7,1.877,-0.211182913287667
27.8,1.7,1.88,-0.212912239506335
27.8,1.7,1.883,-0.214664530119029
27.8,1.7,1.886,-0.216440203326851
27.8,1.7,1.889,-0.218239688797796
27.8,1.7,1.892,-0.220063428007291
27.8,1.7,1.895,-0.221911874591078
27.8,1.7,1.898,-0.223785494710964
27.8,1.7,1.901,-0.225684767433957
27.8,1.7,1.904,-0.227610185125341
27.8,1.7,1.907,-0.22956225385627
27.8,1.7,1.91,-0.231541493826506
27.8,1.7,1.913,-0.233548439802887
27.8,1.7,1.916,-0.235583641574251
27.8,1.7,1.919,-0.237647664423465
27.8,1.7,1.922,-0.239741089617317
27.8,1.7,1.925,-0.241864514915007
27.8,1.7,1.928,-0.244018555096092
27.8,1.7,1.931,-0.246203842508638
27.8,1.7,1.934,-0.24842102763856
27.8,1.7,1.937,-0.250670779700993
27.8,1.7,1.94,-0.252953787254713
27.8,1.7,1.943,-0.255270758840606
27.8,1.7,1.946,-0.257622423645249
27.8,1.7,1.949,-0.260009532190752
27.8,1.7,1.952,-0.262432857051984
27.8,1.7,1.955,-0.264893193602492
27.8,1.7,1.958,-0.267391360790362
27.8,1.7,1.961,-0.269928201945391
27.8,1.7,1.964,-0.272504585619052
27.8,1.7,1.967,-0.275121406458689
27.8,1.7,1.97,-0.277779586117597
27.8,1.7,1.973,-0.280480074202643
27.8,1.7,1.976,-0.283223849261152
27.8,1.7,1.979,-0.286011919808953
27.8,1.7,1.982,-0.288845325401515
27.8,1.7,1.985,-0.291725137750235
27.8,1.7,1.988,-0.294652461886039
27.8,1.7,1.991,-0.297628437372566
27.8,1.7,1.994,-0.300654239571361
27.8,1.7,1.997,-0.303731080961593
27.8,1.7,2,-0.30686021251699
27.8,1.7,2.003,-0.310042925142781
27.8,1.7,2.006,-0.313280551175681
27.8,1.7,2.009,-0.316574465949965
27.8,1.7,2.012,-0.319926089433078
27.8,1.7,2.015,-0.32333688793416
27.8,1.7,2.018,-0.326808375889295
27.8,1.7,2.021,-0.330342117727303
27.8,1.7,2.024,-0.333939729820328
27.8,1.7,2.027,-0.337602882523476
27.8,1.7,2.03,-0.341333302308254
27.8,1.7,2.033,-0.345132773994599
27.8,1.7,2.036,-0.349003143086805
27.8,1.7,2.039,-0.352946318218738
27.8,1.7,2.042,-0.356964273714221
27.8,1.7,2.045,-0.361059052268763
27.8,1.7,2.048,-0.365232767759128
27.8,1.7,2.051,-0.369487608187723
27.8,1.7,2.054,-0.373825838769153
27.8,1.7,2.057,-0.378249805166727
27.8,1.7,2.06,-0.382761936887244
27.8,1.7,2.063,-0.387364750842815
27.8,1.7,2.066,-0.392060855089106
27.8,1.7,2.069,-0.396852952749927
27.8,1.7,2.072,-0.401743846138725
27.8,1.7,2.075,-0.406736441088211
27.8,1.7,2.078,-0.411833751500072
27.8,1.7,2.081,-0.417038904127518
27.8,1.7,2.084,-0.422355143604133
27.8,1.7,2.087,-0.427785837733532
27.8,1.7,2.09,-0.433334483055139
27.8,1.7,2.093,-0.43900471070247
27.8,1.7,2.096,-0.444800292571408
27.8,1.7,2.099,-0.450725147817096
27.8,1.7,2.102,-0.456783349699304
27.8,1.7,2.105,-0.462979132797531
27.8,1.7,2.108,-0.469316900618516
27.8,1.7,2.111,-0.475801233620355
27.8,1.7,2.114,-0.482436897679147
27.8,1.7,2.117,-0.489228853025881
27.8,1.7,2.12,-0.496182263683147
27.8,1.7,2.123,-0.503302507433441
27.8,1.7,2.126,-0.510595186352995
27.8,1.7,2.129,-0.518066137947543
27.8,1.7,2.132,-0.525721446929003
27.8,1.7,2.135,-0.533567457674887
27.8,1.7,2.138,-0.541610787415331
27.8,1.7,2.141,-0.549858340195859
27.8,1.7,2.144,-0.558317321667612
27.8,1.7,2.147,-0.566995254760499
27.8,1.7,2.15,-0.575899996299119
27.8,1.7,2.153,-0.585039754625453
27.8,1.7,2.156,-0.594423108297518
27.8,1.7,2.159,-0.604059025938223
27.8,1.7,2.162,-0.613956887314551
27.8,1.7,2.165,-0.624126505733178
27.8,1.7,2.168,-0.634578151845623
27.8,1.7,2.171,-0.645322578963085
27.8,1.7,2.174,-0.656371049989209
27.8,1.7,2.177,-0.667735366087543
27.8,1.7,2.18,-0.679427897209908
27.8,1.7,2.183,-0.69146161462195
27.8,1.7,2.186,-0.703850125573436
27.8,1.7,2.189,-0.716607710272742
27.8,1.7,2.192,-0.729749361338258
27.8,1.7,2.195,-0.743290825913819
27.8,1.7,2.198,-0.757248650650784
27.8,1.7,2.201,-0.77164022977668
27.8,1.7,2.204,-0.786483856488862
27.8,1.7,2.207,-0.801798777932094
27.8,1.7,2.21,-0.817605254041324
27.8,1.7,2.213,-0.833924620555254
27.8,1.7,2.216,-0.850779356533212
27.8,1.7,2.219,-0.868193156736934
27.8,1.7,2.222,-0.886191009271215
27.8,1.7,2.225,-0.904799278912482
27.8,1.7,2.228,-0.924045796593081
27.8,1.7,2.231,-0.943959955551658
27.8,1.7,2.234,-0.964572814706668
27.8,1.7,2.237,-0.985917209861454
27.8,1.7,2.24,-1.00802787340611
27.8,1.7,2.243,-1.03094156324344
27.8,1.7,2.246,-1.05469720173543
27.8,1.7,2.249,-1.07933602554215
27.8,1.7,2.252,-1.10490174730932
27.8,1.7,2.255,-1.13144073025286
27.8,1.7,2.258,-1.1590021767918
27.8,1.7,2.261,-1.18763833249404
27.8,1.7,2.264,-1.21740470672556
27.8,1.7,2.267,-1.24836031153331
27.8,1.7,2.27,-1.28056792044706
27.8,1.7,2.273,-1.31409434905824
27.8,1.7,2.276,-1.34901075942613
27.8,1.7,2.279,-1.38539299057568
27.8,1.7,2.282,-1.42332191759146
27.8,1.7,2.285,-1.46288384207925
27.8,1.7,2.288,-1.50417091706773
27.8,1.7,2.291,-1.54728160975893
27.8,1.7,2.294,-1.59232120591583
27.8,1.7,2.297,-1.63940236010203
27.8,1.7,2.3,-1.68864569647203
27.8,1.7,2.303,-1.7401804653567
27.8,1.7,2.306,-1.79414526151075
27.8,1.7,2.309,-1.85068881059634
27.8,1.7,2.312,-1.90997083128717
27.8,1.7,2.315,-1.97216298130569
27.8,1.7,2.318,-2.03744989677639
27.8,1.7,2.321,-2.10603033551577
27.8,1.7,2.324,-2.17811843631745
27.8,1.7,2.327,-2.25394510796999
27.8,1.7,2.33,-2.3337595637151
27.8,1.7,2.333,-2.41783101917859
27.8,1.7,2.336,-2.50645057456435
27.8,1.7,2.339,-2.59993330519386
27.8,1.7,2.342,-2.6986205884275
27.8,1.7,2.345,-2.80288269978227
27.8,1.7,2.348,-2.91312171687382
27.8,1.7,2.351,-3.02977477692968
27.8,1.7,2.354,-3.1533177423982
27.8,1.7,2.357,-3.28426934007442
27.8,1.7,2.36,-3.42319585278633
27.8,1.7,2.363,-3.57071645983243
27.8,1.7,2.366,-3.72750934410301
27.8,1.7,2.369,-3.89431871157818
27.8,1.7,2.372,-4.07196290460756
27.8,1.7,2.375,-4.261343836659
27.8,1.7,2.378,-4.46345803667491
27.8,1.7,2.381,-4.67940967077645
27.8,1.7,2.384,-4.91042601476601
27.8,1.7,2.387,-5.15787599254206
27.8,1.7,2.39,-5.42329258723186
27.8,1.7,2.393,-5.70840019396201
27.8,1.7,2.396,-6.01514834569749
27.8,1.7,2.399,-6.34575375120619
27.8,1.7,2.402,-6.7027533047953
27.8,1.7,2.405,-7.08907176582129
27.8,1.7,2.408,-7.50810932717697
27.8,1.7,2.411,-7.96385656163191
27.8,1.7,2.414,-8.46104769043076
27.8,1.7,2.417,-9.00536849851577
27.8,1.7,2.42,-9.603743807002
27.8,1.7,2.423,-10.264743498321
27.8,1.7,2.426,-10.9991699064528
27.8,1.7,2.429,-11.8209310284076
27.8,1.7,2.432,-12.7483795231369
27.8,1.7,2.435,-13.806439718176
27.8,1.7,2.438,-15.0301228111387
27.8,1.7,2.441,-16.470586354756
27.8,1.7,2.444,-18.2059682964351
27.8,1.7,2.447,-20.3606497104693
27.8,1.7,2.45,-23.130714803752
27.8,1.7,2.453,-26.6969967092729
27.8,1.7,2.456,-29.7478447700599
27.8,1.7,2.459,-27.8629428025647
27.8,1.7,2.462,-24.1323161098888
27.8,1.7,2.465,-21.1266614190325
27.8,1.7,2.468,-18.8084642447171
27.8,1.7,2.471,-16.9608779180253
27.8,1.7,2.474,-15.4400652847987
27.8,1.7,2.477,-14.156339820551
27.8,1.7,2.48,-13.0517846707264
27.8,1.7,2.483,-12.0872801076307
27.8,1.7,2.486,-11.2352932204939
27.8,1.7,2.489,-10.475746926115
27.8,1.7,2.492,-9.79355202041521
27.8,1.7,2.495,-9.17707153432168
27.8,1.7,2.498,-8.61712955032941
27.8,1.7,2.501,-8.10635046639538
27.8,1.7,2.504,-7.63870590058605
27.8,1.7,2.507,-7.20919615336327
27.8,1.7,2.51,-6.81362127729344
27.8,1.7,2.513,-6.44841327798325
27.8,1.7,2.516,-6.11051092367002
27.8,1.7,2.519,-5.79726482767428
27.8,1.7,2.522,-5.50636441297783
27.8,1.7,2.525,-5.23578094253679
27.8,1.7,2.528,-4.98372251420784
27.8,1.7,2.531,-4.74859808378194
27.8,1.7,2.534,-4.52898838394591
27.8,1.7,2.537,-4.32362217113699
27.8,1.7,2.54,-4.1313566335217
27.8,1.7,2.543,-3.95116108240693
27.8,1.7,2.546,-3.78210326008283
27.8,1.7,2.549,-3.62333775230954
27.8,1.7,2.552,-3.47409610913371
27.8,1.7,2.555,-3.3336783644246
27.8,1.7,2.558,-3.20144571018219
27.8,1.7,2.561,-3.07681413180808
27.8,1.7,2.564,-2.95924884911076
27.8,1.7,2.567,-2.84825943773238
27.8,1.7,2.57,-2.74339552904913
27.8,1.7,2.573,-2.64424300497829
27.8,1.7,2.576,-2.55042061868982
27.8,1.7,2.579,-2.46157698383995
27.8,1.7,2.582,-2.37738788428116
27.8,1.7,2.585,-2.29755386375689
27.8,1.7,2.588,-2.22179806124178
27.8,1.7,2.591,-2.14986426263566
27.8,1.7,2.594,-2.08151514368386
27.8,1.7,2.597,-2.01653068245965
27.8,1.7,2.6,-1.95470672263758
27.8,1.7,2.603,-1.89585367122249
27.8,1.7,2.606,-1.83979531645875
27.8,1.7,2.609,-1.78636775339763
27.8,1.7,2.612,-1.73541840610061
27.8,1.7,2.615,-1.68680513674501
27.8,1.7,2.618,-1.64039543301215
27.8,1.7,2.621,-1.59606566610367
27.8,1.7,2.624,-1.55370041257264
27.8,1.7,2.627,-1.51319183389125
27.8,1.7,2.63,-1.47443910832145
27.8,1.7,2.633,-1.4373479102224
27.8,1.7,2.636,-1.40182993242896
27.8,1.7,2.639,-1.36780244777842
27.8,1.7,2.642,-1.33518790625546
27.8,1.7,2.645,-1.30391356457428
27.8,1.7,2.648,-1.27391114532811
27.8,1.7,2.651,-1.24511652311341
27.8,1.7,2.654,-1.21746943528454
27.8,1.7,2.657,-1.19091321521608
27.8,1.7,2.66,-1.16539454615012
27.8,1.7,2.663,-1.14086323388347
27.8,1.7,2.666,-1.11727199671141
27.8,1.7,2.669,-1.0945762711887
27.8,1.7,2.672,-1.07273403239914
27.8,1.7,2.675,-1.05170562754262
27.8,1.7,2.678,-1.0314536217547
27.8,1.7,2.681,-1.01194265516954
27.8,1.7,2.684,-0.993139310324387
27.8,1.7,2.687,-0.975011989081639
27.8,1.7,2.69,-0.957530798316435
27.8,1.7,2.693,-0.940667443681899
27.8,1.7,2.696,-0.924395130822962
27.8,1.7,2.699,-0.908688473462828
27.8,1.7,2.702,-0.893523407834692
27.8,1.7,2.705,-0.878877112975173
27.8,1.7,2.708,-0.86472793643615
27.8,1.7,2.711,-0.851055325008014
27.8,1.7,2.714,-0.837839760080784
27.8,1.7,2.717,-0.825062697299753
27.8,1.7,2.72,-0.812706510200019
27.8,1.7,2.723,-0.800754437529614
27.8,1.7,2.726,-0.789190533993949
27.8,1.7,2.729,-0.777999624175463
27.8,1.7,2.732,-0.767167259401663
27.8,1.7,2.735,-0.756679677352442
27.8,1.7,2.738,-0.746523764213738
27.8,1.7,2.741,-0.736687019199479
27.8,1.7,2.744,-0.727157521277282
27.8,1.7,2.747,-0.717923897946004
27.8,1.7,2.75,-0.708975295924556
27.8,1.7,2.753,-0.700301353622041
27.8,1.7,2.756,-0.691892175268851
27.8,1.7,2.759,-0.683738306597378
27.8,1.7,2.762,-0.675830711969046
27.8,1.7,2.765,-0.668160752852008
27.8,1.7,2.768,-0.660720167560747
27.8,1.7,2.771,-0.653501052175231
27.8,1.7,2.774,-0.646495842563161
27.8,1.7,2.777,-0.639697297434304
27.8,1.7,2.78,-0.633098482360853
27.8,1.7,2.783,-0.626692754702559
27.8,1.7,2.786,-0.62047374937944
27.8,1.7,2.789,-0.614435365439036
27.8,1.7,2.792,-0.608571753368671
27.8,1.7,2.795,-0.602877303106691
27.8,1.7,2.798,-0.597346632709739
27.8,1.7,2.801,-0.591974577636004
27.8,1.7,2.804,-0.586756180607113
27.8,1.7,2.807,-0.581686682013808
27.8,1.7,2.81,-0.576761510832865
27.8,1.7,2.813,-0.571976276024866
27.8,1.7,2.816,-0.567326758384434
27.8,1.7,2.819,-0.562808902816328
27.8,1.7,2.822,-0.558418811012616
27.8,1.7,2.825,-0.55415273450771
27.8,1.7,2.828,-0.550007068089413
27.8,1.7,2.831,-0.545978343545722
27.8,1.7,2.834,-0.542063223728241
27.8,1.7,2.837,-0.538258496914361
27.8,1.7,2.84,-0.534561071451393
27.8,1.7,2.843,-0.530967970666993
27.8,1.7,2.846,-0.527476328031068
27.8,1.7,2.849,-0.524083382555336
27.8,1.7,2.852,-0.520786474417544
27.8,1.7,2.855,-0.517583040798127
27.8,1.7,2.858,-0.514470611917776
27.8,1.7,2.861,-0.511446807265193
27.8,1.7,2.864,-0.508509332004885
27.8,1.7,2.867,-0.505655973555312
27.8,1.7,2.87,-0.502884598328622
27.8,1.7,2.873,-0.500193148623311
27.8,1.7,2.876,-0.49757963966196
27.8,1.7,2.879,-0.495042156766497
27.8,1.7,2.882,-0.492578852663911
27.8,1.7,2.885,-0.490187944915745
27.8,1.7,2.888,-0.487867713465115
27.8,1.7,2.891,-0.485616498295254
27.8,1.7,2.894,-0.483432697194033
27.8,1.7,2.897,-0.481314763619164
27.8,1.7,2.9,-0.479261204659059
27.8,1.7,2.903,-0.477270579084692
27.8,1.7,2.906,-0.47534149548791
27.8,1.7,2.909,-0.473472610502123
27.8,1.7,2.912,-0.471662627101211
27.8,1.7,2.915,-0.469910292973068
27.8,1.7,2.918,-0.468214398964058
27.8,1.7,2.921,-0.46657377759113
27.8,1.7,2.924,-0.464987301618317
27.8,1.7,2.927,-0.463453882694655
27.8,1.7,2.93,-0.461972470050607
27.8,1.7,2.933,-0.460542049250337
27.8,1.7,2.936,-0.459161640997197
27.8,1.7,2.939,-0.457830299990051
27.8,1.7,2.942,-0.45654711382808
27.8,1.7,2.945,-0.455311201961916
27.8,1.7,2.948,-0.454121714688952
27.8,1.7,2.951,-0.452977832190984
27.8,1.7,2.954,-0.451878763612163
27.8,1.7,2.957,-0.450823746175581
27.8,1.7,2.96,-0.44981204433676
27.8,1.7,2.963,-0.448842948972464
27.8,1.7,2.966,-0.447915776603262
27.8,1.7,2.969,-0.44702986864847
27.8,1.7,2.972,-0.446184590711995
27.8,1.7,2.975,-0.445379331897881
27.8,1.7,2.978,-0.444613504154218
27.8,1.7,2.981,-0.443886541644279
27.8,1.7,2.984,-0.443197900143761
27.8,1.7,2.987,-0.442547056463011
27.8,1.7,2.99,-0.441933507893276
27.8,1.7,2.993,-0.441356771675971
27.8,1.7,2.996,-0.440816384494023
27.8,1.7,2.999,-0.440311901984482
27.8,1.7,3.002,-0.439842898271426
27.8,1.7,3.005,-0.439408965518536
27.8,1.7,3.008,-0.439009713500415
27.8,1.7,3.011,-0.438644769192021
27.8,1.7,3.014,-0.438313776375505
27.8,1.7,3.017,-0.438016395263746
27.8,1.7,3.02,-0.43775230214004
27.8,1.7,3.023,-0.437521189013241
27.8,1.7,3.026,-0.437322763287868
27.8,1.7,3.029,-0.43715674744859
27.8,1.7,3.032,-0.437022878758548
27.8,1.7,3.035,-0.436920908971087
27.8,1.7,3.038,-0.436850604054314
27.8,1.7,3.041,-0.43681174392817
27.8,1.7,3.044,-0.436804122213429
27.8,1.7,3.047,-0.436827545992344
27.8,1.7,3.05,-0.436881835580452
27.8,1.9,1.85,-0.206811124606289
27.8,1.9,1.853,-0.208448945586012
27.8,1.9,1.856,-0.210107508126694
27.8,1.9,1.859,-0.21178716161158
27.8,1.9,1.862,-0.213488264613456
27.8,1.9,1.865,-0.215211185152468
27.8,1.9,1.868,-0.216956300962765
27.8,1.9,1.871,-0.218723999768407
27.8,1.9,1.874,-0.220514679568859
27.8,1.9,1.877,-0.222328748934444
27.8,1.9,1.88,-0.224166627312146
27.8,1.9,1.883,-0.226028745342194
27.8,1.9,1.886,-0.227915545185829
27.8,1.9,1.889,-0.229827480864723
27.8,1.9,1.892,-0.231765018612486
27.8,1.9,1.895,-0.233728637238798
27.8,1.9,1.898,-0.235718828506615
27.8,1.9,1.901,-0.237736097523043
27.8,1.9,1.904,-0.239780963144376
27.8,1.9,1.907,-0.241853958395954
27.8,1.9,1.91,-0.243955630907385
27.8,1.9,1.913,-0.2460865433638
27.8,1.9,1.916,-0.248247273973816
27.8,1.9,1.919,-0.250438416954888
27.8,1.9,1.922,-0.252660583036801
27.8,1.9,1.925,-0.254914399984052
27.8,1.9,1.928,-0.257200513137952
27.8,1.9,1.931,-0.25951958597926
27.8,1.9,1.934,-0.261872300712247
27.8,1.9,1.937,-0.264259358871136
27.8,1.9,1.94,-0.26668148194984
27.8,1.9,1.943,-0.269139412056082
27.8,1.9,1.946,-0.271633912590901
27.8,1.9,1.949,-0.274165768954707
27.8,1.9,1.952,-0.276735789281041
27.8,1.9,1.955,-0.279344805199313
27.8,1.9,1.958,-0.281993672627732
27.8,1.9,1.961,-0.284683272597911
27.8,1.9,1.964,-0.287414512112454
27.8,1.9,1.967,-0.290188325037135
27.8,1.9,1.97,-0.293005673029161
27.8,1.9,1.973,-0.29586754650327
27.8,1.9,1.976,-0.298774965637326
27.8,1.9,1.979,-0.30172898141933
27.8,1.9,1.982,-0.304730676737699
27.8,1.9,1.985,-0.307781167516954
27.8,1.9,1.988,-0.310881603900852
27.8,1.9,1.991,-0.314033171485297
27.8,1.9,1.994,-0.317237092603379
27.8,1.9,1.997,-0.320494627665061
27.8,1.9,2,-0.323807076554134
27.8,1.9,2.003,-0.32717578008526
27.8,1.9,2.006,-0.330602121523983
27.8,1.9,2.009,-0.334087528172893
27.8,1.9,2.012,-0.337633473027118
27.8,1.9,2.015,-0.341241476502666
27.8,1.9,2.018,-0.344913108241216
27.8,1.9,2.021,-0.348649988995219
27.8,1.9,2.024,-0.352453792597401
27.8,1.9,2.027,-0.356326248018892
27.8,1.9,2.03,-0.36026914152061
27.8,1.9,2.033,-0.364284318902607
27.8,1.9,2.036,-0.36837368785655
27.8,1.9,2.039,-0.372539220426606
27.8,1.9,2.042,-0.376782955584501
27.8,1.9,2.045,-0.381107001924731
27.8,1.9,2.048,-0.385513540486284
27.8,1.9,2.051,-0.390004827707663
27.8,1.9,2.054,-0.394583198522349
27.8,1.9,2.057,-0.399251069602244
27.8,1.9,2.06,-0.404010942757239
27.8,1.9,2.063,-0.408865408499325
27.8,1.9,2.066,-0.413817149780368
27.8,1.9,2.069,-0.418868945913157
27.8,1.9,2.072,-0.424023676685882
27.8,1.9,2.075,-0.429284326680955
27.8,1.9,2.078,-0.434653989809622
27.8,1.9,2.081,-0.440135874074661
27.8,1.9,2.084,-0.445733306574159
27.8,1.9,2.087,-0.451449738760238
27.8,1.9,2.09,-0.457288751967472
27.8,1.9,2.093,-0.463254063226671
27.8,1.9,2.096,-0.46934953138077
27.8,1.9,2.099,-0.475579163520597
27.8,1.9,2.102,-0.481947121759548
27.8,1.9,2.105,-0.488457730367347
27.8,1.9,2.108,-0.495115483284529
27.8,1.9,2.111,-0.501925052040619
27.8,1.9,2.114,-0.508891294100647
27.8,1.9,2.117,-0.516019261666215
27.8,1.9,2.12,-0.523314210959174
27.8,1.9,2.123,-0.530781612017897
27.8,1.9,2.126,-0.53842715903817
27.8,1.9,2.129,-0.546256781293028
27.8,1.9,2.132,-0.55427665466819
27.8,1.9,2.135,-0.562493213852346
27.8,1.9,2.138,-0.570913165224452
27.8,1.9,2.141,-0.579543500482988
27.8,1.9,2.144,-0.588391511065555
27.8,1.9,2.147,-0.597464803410648
27.8,1.9,2.15,-0.606771315117124
27.8,1.9,2.153,-0.616319332061069
27.8,1.9,2.156,-0.626117506534174
27.8,1.9,2.159,-0.636174876472376
27.8,1.9,2.162,-0.646500885848822
27.8,1.9,2.165,-0.657105406310696
27.8,1.9,2.168,-0.667998760145492
27.8,1.9,2.171,-0.679191744668888
27.8,1.9,2.174,-0.690695658133401
27.8,1.9,2.177,-0.702522327264766
27.8,1.9,2.18,-0.714684136541189
27.8,1.9,2.183,-0.727194059339748
27.8,1.9,2.186,-0.740065691084026
27.8,1.9,2.189,-0.753313284537641
27.8,1.9,2.192,-0.76695178739998
27.8,1.9,2.195,-0.780996882373057
27.8,1.9,2.198,-0.795465029881994
27.8,1.9,2.201,-0.810373513646708
27.8,1.9,2.204,-0.825740489318459
27.8,1.9,2.207,-0.841585036412743
27.8,1.9,2.21,-0.857927213789202
27.8,1.9,2.213,-0.874788118950333
27.8,1.9,2.216,-0.892189951453777
27.8,1.9,2.219,-0.910156080757884
27.8,1.9,2.222,-0.928711118847922
27.8,1.9,2.225,-0.947880998020093
27.8,1.9,2.228,-0.967693054233223
27.8,1.9,2.231,-0.988176116474241
27.8,1.9,2.234,-1.00936060262241
27.8,1.9,2.237,-1.03127862234071
27.8,1.9,2.24,-1.05396408756999
27.8,1.9,2.243,-1.07745283125303
27.8,1.9,2.246,-1.10178273497325
27.8,1.9,2.249,-1.12699386625471
27.8,1.9,2.252,-1.15312862633949
27.8,1.9,2.255,-1.1802319093339
27.8,1.9,2.258,-1.20835127369875
27.8,1.9,2.261,-1.23753712715091
27.8,1.9,2.264,-1.26784292614467
27.8,1.9,2.267,-1.2993253912144
27.8,1.9,2.27,-1.33204473958309
27.8,1.9,2.273,-1.36606493657958
27.8,1.9,2.276,-1.40145396755905
27.8,1.9,2.279,-1.4382841321903
27.8,1.9,2.282,-1.4766323631613
27.8,1.9,2.285,-1.51658057156276
27.8,1.9,2.288,-1.55821602144286
27.8,1.9,2.291,-1.60163173628546
27.8,1.9,2.294,-1.64692694045506
27.8,1.9,2.297,-1.69420753897704
27.8,1.9,2.3,-1.74358663938774
27.8,1.9,2.303,-1.79518511980011
27.8,1.9,2.306,-1.84913224779575
27.8,1.9,2.309,-1.90556635527975
27.8,1.9,2.312,-1.96463557503189
27.8,1.9,2.315,-2.02649864536795
27.8,1.9,2.318,-2.09132579010237
27.8,1.9,2.321,-2.15929968189575
27.8,1.9,2.324,-2.23061649809896
27.8,1.9,2.327,-2.30548707939559
27.8,1.9,2.33,-2.38413820292817
27.8,1.9,2.333,-2.46681398321021
27.8,1.9,2.336,-2.55377741602503
27.8,1.9,2.339,-2.6453120827536
27.8,1.9,2.342,-2.74172403523482
27.8,1.9,2.345,-2.84334388443777
27.8,1.9,2.348,-2.95052912003885
27.8,1.9,2.351,-3.06366669260093
27.8,1.9,2.354,-3.18317589564179
27.8,1.9,2.357,-3.30951159170877
27.8,1.9,2.36,-3.44316783496267
27.8,1.9,2.363,-3.58468195313451
27.8,1.9,2.366,-3.73463916458785
27.8,1.9,2.369,-3.89367782228981
27.8,1.9,2.372,-4.06249539667478
27.8,1.9,2.375,-4.2418553348576
27.8,1.9,2.378,-4.43259496597497
27.8,1.9,2.381,-4.63563466365905
27.8,1.9,2.384,-4.85198852949139
27.8,1.9,2.387,-5.08277692936435
27.8,1.9,2.39,-5.32924130280699
27.8,1.9,2.393,-5.59276177994984
27.8,1.9,2.396,-5.87487829051512
27.8,1.9,2.399,-6.17731604550351
27.8,1.9,2.402,-6.5020165303133
27.8,1.9,2.405,-6.85117548771815
27.8,1.9,2.408,-7.22728981556373
27.8,1.9,2.411,-7.63321588707966
27.8,1.9,2.414,-8.07224255191497
27.8,1.9,2.417,-8.54818301145981
27.8,1.9,2.42,-9.06549085184585
27.8,1.9,2.423,-9.62940658818753
27.8,1.9,2.426,-10.2461415683873
27.8,1.9,2.429,-10.9231044625728
27.8,1.9,2.432,-11.6691677476522
27.8,1.9,2.435,-12.494946913305
27.8,1.9,2.438,-13.412995409312
27.8,1.9,2.441,-14.4376281580144
27.8,1.9,2.444,-15.5835710015676
27.8,1.9,2.447,-16.861244570163
27.8,1.9,2.45,-18.2629075146407
27.8,1.9,2.453,-19.7262835510399
27.8,1.9,2.456,-21.0583974955142
27.8,1.9,2.459,-21.8682764995135
27.8,1.9,2.462,-21.7633445369668
27.8,1.9,2.465,-20.8025624252728
27.8,1.9,2.468,-19.4166060979769
27.8,1.9,2.471,-17.9564194149574
27.8,1.9,2.474,-16.5789590022424
27.8,1.9,2.477,-15.3299894924009
27.8,1.9,2.48,-14.2113854988563
27.8,1.9,2.483,-13.2110969183289
27.8,1.9,2.486,-12.3142603381136
27.8,1.9,2.489,-11.5068851356244
27.8,1.9,2.492,-10.7768380909979
27.8,1.9,2.495,-10.1138987605066
27.8,1.9,2.498,-9.50953185820399
27.8,1.9,2.501,-8.95660609311322
27.8,1.9,2.504,-8.44913518852023
27.8,1.9,2.507,-7.98206069593178
27.8,1.9,2.51,-7.55107663224918
27.8,1.9,2.513,-7.15249004624937
27.8,1.9,2.516,-6.78311066855762
27.8,1.9,2.519,-6.44016349837568
27.8,1.9,2.522,-6.12121928275641
27.8,1.9,2.525,-5.82413890879867
27.8,1.9,2.528,-5.54702862530654
27.8,1.9,2.531,-5.28820372291243
27.8,1.9,2.534,-5.04615885306502
27.8,1.9,2.537,-4.81954358771434
27.8,1.9,2.54,-4.60714214199629
27.8,1.9,2.543,-4.40785642570556
27.8,1.9,2.546,-4.22069177463505
27.8,1.9,2.549,-4.04474485428813
27.8,1.9,2.552,-3.87919333683847
27.8,1.9,2.555,-3.72328703561226
27.8,1.9,2.558,-3.57634024585382
27.8,1.9,2.561,-3.43772509063751
27.8,1.9,2.564,-3.30686570990975
27.8,1.9,2.567,-3.18323316134596
27.8,1.9,2.57,-3.06634092592362
27.8,1.9,2.573,-2.95574093031348
27.8,1.9,2.576,-2.85102001349692
27.8,1.9,2.579,-2.75179677728271
27.8,1.9,2.582,-2.65771877028013
27.8,1.9,2.585,-2.5684599628938
27.8,1.9,2.588,-2.48371847743177
27.8,1.9,2.591,-2.40321454276644
27.8,1.9,2.594,-2.32668864739665
27.8,1.9,2.597,-2.253899868414
27.8,1.9,2.6,-2.18462435692414
27.8,1.9,2.603,-2.11865396302936
27.8,1.9,2.606,-2.05579498563419
27.8,1.9,2.609,-1.99586703416286
27.8,1.9,2.612,-1.93870199083597
27.8,1.9,2.615,-1.88414306348754
27.8,1.9,2.618,-1.83204392005352
27.8,1.9,2.621,-1.78226789685634
27.8,1.9,2.624,-1.73468727367378
27.8,1.9,2.627,-1.68918260933359
27.8,1.9,2.63,-1.64564213223474
27.8,1.9,2.633,-1.60396118077598
27.8,1.9,2.636,-1.56404168918292
27.8,1.9,2.639,-1.52579171467711
27.8,1.9,2.642,-1.48912500233082
27.8,1.9,2.645,-1.45396058430778
27.8,1.9,2.648,-1.42022241050723
27.8,1.9,2.651,-1.38783900791224
27.8,1.9,2.654,-1.35674316619678
27.8,1.9,2.657,-1.32687164737353
27.8,1.9,2.66,-1.29816491746825
27.8,1.9,2.663,-1.27056689839036
27.8,1.9,2.666,-1.24402473833462
27.8,1.9,2.669,-1.21848859919774
27.8,1.9,2.672,-1.19391145962856
27.8,1.9,2.675,-1.17024893245164
27.8,1.9,2.678,-1.14745909531483
27.8,1.9,2.681,-1.12550233351029
27.8,1.9,2.684,-1.10434119400928
27.8,1.9,2.687,-1.083940249833
27.8,1.9,2.69,-1.06426597395581
27.8,1.9,2.693,-1.04528662200533
27.8,1.9,2.696,-1.026972123085
27.8,1.9,2.699,-1.00929397810097
27.8,1.9,2.702,-0.992225165026108
27.8,1.9,2.705,-0.975740050580259
27.8,1.9,2.708,-0.95981430784855
27.8,1.9,2.711,-0.944424839397954
27.8,1.9,2.714,-0.929549705487869
27.8,1.9,2.717,-0.915168057002599
27.8,1.9,2.72,-0.901260072763225
27.8,1.9,2.723,-0.887806900903295
27.8,1.9,2.726,-0.87479060401757
27.8,1.9,2.729,-0.862194107815523
27.8,1.9,2.732,-0.850001153032241
27.8,1.9,2.735,-0.838196250368214
27.8,1.9,2.738,-0.826764638247049
27.8,1.9,2.741,-0.815692243196142
27.8,1.9,2.744,-0.804965642669941
27.8,1.9,2.747,-0.79457203014915
27.8,1.9,2.75,-0.784499182361425
27.8,1.9,2.753,-0.774735428480672
27.8,1.9,2.756,-0.765269621172531
27.8,1.9,2.759,-0.756091109363309
27.8,1.9,2.762,-0.747189712618513
27.8,1.9,2.765,-0.738555697025425
27.8,1.9,2.768,-0.730179752481651
27.8,1.9,2.771,-0.722052971298613
27.8,1.9,2.774,-0.714166828035429
27.8,1.9,2.777,-0.706513160484501
27.8,1.9,2.78,-0.699084151735728
27.8,1.9,2.783,-0.691872313251279
27.8,1.9,2.786,-0.684870468887614
27.8,1.9,2.789,-0.678071739805764
27.8,1.9,2.792,-0.671469530214899
27.8,1.9,2.795,-0.665057513897998
27.8,1.9,2.798,-0.658829621471848
27.8,1.9,2.801,-0.652780028336778
27.8,1.9,2.804,-0.646903143274584
27.8,1.9,2.807,-0.641193597655788
27.8,1.9,2.81,-0.635646235219959
27.8,1.9,2.813,-0.630256102395189
27.8,1.9,2.816,-0.625018439125071
27.8,1.9,2.819,-0.619928670173438
27.8,1.9,2.822,-0.614982396879279
27.8,1.9,2.825,-0.61017538933571
27.8,1.9,2.828,-0.605503578968807
27.8,1.9,2.831,-0.600963051493455
27.8,1.9,2.834,-0.596550040224893
27.8,1.9,2.837,-0.592260919725959
27.8,1.9,2.84,-0.58809219977122
27.8,1.9,2.843,-0.58404051961043
27.8,1.9,2.846,-0.580102642514747
27.8,1.9,2.849,-0.576275450590177
27.8,1.9,2.852,-0.572555939843735
27.8,1.9,2.855,-0.568941215488537
27.8,1.9,2.858,-0.565428487474992
27.8,1.9,2.861,-0.562015066235964
27.8,1.9,2.864,-0.558698358634558
27.8,1.9,2.867,-0.555475864103705
27.8,1.9,2.87,-0.552345170967603
27.8,1.9,2.873,-0.549303952935343
27.8,1.9,2.876,-0.546349965757934
27.8,1.9,2.879,-0.543481044040142
27.8,1.9,2.882,-0.540695098199299
27.8,1.9,2.885,-0.537990111563524
27.8,1.9,2.888,-0.535364137602322
27.8,1.9,2.891,-0.532815297282824
27.8,1.9,2.894,-0.530341776545458
27.8,1.9,2.897,-0.52794182389302
27.8,1.9,2.9,-0.525613748087582
27.8,1.9,2.903,-0.52335591594988
27.8,1.9,2.906,-0.521166750256239
27.8,1.9,2.909,-0.519044727728191
27.8,1.9,2.912,-0.516988377110423
27.8,1.9,2.915,-0.514996277332675
27.8,1.9,2.918,-0.513067055751718
27.8,1.9,2.921,-0.511199386469491
27.8,1.9,2.924,-0.509391988723885
27.8,1.9,2.927,-0.507643625348697
27.8,1.9,2.93,-0.505953101299613
27.8,1.9,2.933,-0.504319262243081
27.8,1.9,2.936,-0.5027409932052
27.8,1.9,2.939,-0.501217217277934
27.8,1.9,2.942,-0.499746894379949
27.8,1.9,2.945,-0.498329020069678
27.8,1.9,2.948,-0.496962624408244
27.8,1.9,2.951,-0.495646770869984
27.8,1.9,2.954,-0.494380555298546
27.8,1.9,2.957,-0.493163104906441
27.8,1.9,2.96,-0.491993577316241
27.8,1.9,2.963,-0.49087115964156
27.8,1.9,2.966,-0.489795067606115
27.8,1.9,2.969,-0.488764544699229
27.8,1.9,2.972,-0.487778861366231
27.8,1.9,2.975,-0.486837314232245
27.8,1.9,2.978,-0.485939225358034
27.8,1.9,2.981,-0.485083941526444
27.8,1.9,2.984,-0.484270833558321
27.8,1.9,2.987,-0.483499295656553
27.8,1.9,2.99,-0.482768744777189
27.8,1.9,2.993,-0.482078620026483
27.8,1.9,2.996,-0.481428382082821
27.8,1.9,2.999,-0.480817512642566
27.8,1.9,3.002,-0.480245513888841
27.8,1.9,3.005,-0.479711907982378
27.8,1.9,3.008,-0.479216236573527
27.8,1.9,3.011,-0.478758060334668
27.8,1.9,3.014,-0.478336958512179
27.8,1.9,3.017,-0.477952528497265
27.8,1.9,3.02,-0.477604385414918
27.8,1.9,3.023,-0.477292161730308
27.8,1.9,3.026,-0.477015506872015
27.8,1.9,3.029,-0.476774086871426
27.8,1.9,3.032,-0.476567584017748
27.8,1.9,3.035,-0.476395696528042
27.8,1.9,3.038,-0.4762581382318
27.8,1.9,3.041,-0.476154638269467
27.8,1.9,3.044,-0.476084940804514
27.8,1.9,3.047,-0.47604880474853
27.8,1.9,3.05,-0.476046003498902
27.8,2,1.85,-0.229568880100428
27.8,2,1.853,-0.231402339356875
27.8,2,1.856,-0.233258453597363
27.8,2,1.859,-0.235137601698225
27.8,2,1.862,-0.2370401725232
27.8,2,1.865,-0.238966565202742
27.8,2,1.868,-0.240917189422921
27.8,2,1.871,-0.242892465724278
27.8,2,1.874,-0.24489282581103
27.8,2,1.877,-0.246918712871018
27.8,2,1.88,-0.248970581906827
27.8,2,1.883,-0.251048900078525
27.8,2,1.886,-0.253154147058455
27.8,2,1.889,-0.255286815398593
27.8,2,1.892,-0.257447410910956
27.8,2,1.895,-0.259636453061564
27.8,2,1.898,-0.261854475378565
27.8,2,1.901,-0.264102025875017
27.8,2,1.904,-0.266379667487005
27.8,2,1.907,-0.268687978527633
27.8,2,1.91,-0.271027553157638
27.8,2,1.913,-0.273399001873247
27.8,2,1.916,-0.275802952011997
27.8,2,1.919,-0.278240048277328
27.8,2,1.922,-0.280710953282642
27.8,2,1.925,-0.283216348115742
27.8,2,1.928,-0.285756932924468
27.8,2,1.931,-0.288333427524403
27.8,2,1.934,-0.290946572029678
27.8,2,1.937,-0.293597127507797
27.8,2,1.94,-0.296285876659537
27.8,2,1.943,-0.299013624525044
27.8,2,1.946,-0.301781199217234
27.8,2,1.949,-0.304589452683712
27.8,2,1.952,-0.307439261498469
27.8,2,1.955,-0.310331527684676
27.8,2,1.958,-0.313267179569967
27.8,2,1.961,-0.31624717267566
27.8,2,1.964,-0.319272490641442
27.8,2,1.967,-0.322344146187151
27.8,2,1.97,-0.325463182113306
27.8,2,1.973,-0.32863067234219
27.8,2,1.976,-0.331847723001341
27.8,2,1.979,-0.335115473551406
27.8,2,1.982,-0.338435097960454
27.8,2,1.985,-0.341807805926869
27.8,2,1.988,-0.345234844153155
27.8,2,1.991,-0.348717497673042
27.8,2,1.994,-0.352257091234416
27.8,2,1.997,-0.355854990740782
27.8,2,2,-0.359512604754011
27.8,2,2.003,-0.36323138606139
27.8,2,2.006,-0.36701283331008
27.8,2,2.009,-0.370858492712262
27.8,2,2.012,-0.374769959824472
27.8,2,2.015,-0.378748881404773
27.8,2,2.018,-0.382796957351634
27.8,2,2.021,-0.386915942728624
27.8,2,2.024,-0.391107649879185
27.8,2,2.027,-0.395373950636109
27.8,2,2.03,-0.399716778630455
27.8,2,2.033,-0.404138131705071
27.8,2,2.036,-0.408640074438016
27.8,2,2.039,-0.413224740781666
27.8,2,2.042,-0.417894336823431
27.8,2,2.045,-0.42265114367451
27.8,2,2.048,-0.427497520493403
27.8,2,2.051,-0.432435907651306
27.8,2,2.054,-0.437468830046986
27.8,2,2.057,-0.44259890057909
27.8,2,2.06,-0.447828823784432
27.8,2,2.063,-0.453161399651223
27.8,2,2.066,-0.4585995276168
27.8,2,2.069,-0.464146210759996
27.8,2,2.072,-0.469804560198866
27.8,2,2.075,-0.475577799705215
27.8,2,2.078,-0.481469270548028
27.8,2,2.081,-0.487482436578681
27.8,2,2.084,-0.493620889571617
27.8,2,2.087,-0.499888354835014
27.8,2,2.09,-0.506288697106966
27.8,2,2.093,-0.512825926753572
27.8,2,2.096,-0.519504206286502
27.8,2,2.099,-0.526327857218636
27.8,2,2.102,-0.533301367277707
27.8,2,2.105,-0.540429397999054
27.8,2,2.108,-0.547716792720035
27.8,2,2.111,-0.555168585000211
27.8,2,2.114,-0.562790007492882
27.8,2,2.117,-0.570586501295392
27.8,2,2.12,-0.578563725807408
27.8,2,2.123,-0.586727569128366
27.8,2,2.126,-0.595084159027426
27.8,2,2.129,-0.603639874521567
27.8,2,2.132,-0.612401358099886
27.8,2,2.135,-0.621375528634867
27.8,2,2.138,-0.630569595024175
27.8,2,2.141,-0.639991070609671
27.8,2,2.144,-0.649647788423578
27.8,2,2.147,-0.659547917315355
27.8,2,2.15,-0.66969997901664
27.8,2,2.153,-0.680112866205777
27.8,2,2.156,-0.690795861637913
27.8,2,2.159,-0.701758658411499
27.8,2,2.162,-0.713011381447166
27.8,2,2.165,-0.724564610260714
27.8,2,2.168,-0.736429403117837
27.8,2,2.171,-0.748617322665063
27.8,2,2.174,-0.76114046313815
27.8,2,2.177,-0.774011479257272
27.8,2,2.18,-0.787243616926353
27.8,2,2.183,-0.800850745863092
27.8,2,2.186,-0.814847394296058
27.8,2,2.189,-0.829248785875678
27.8,2,2.192,-0.844070878957655
27.8,2,2.195,-0.859330408429714
27.8,2,2.198,-0.875044930266221
27.8,2,2.201,-0.891232869009876
27.8,2,2.204,-0.907913568395876
27.8,2,2.207,-0.925107345351095
27.8,2,2.21,-0.942835547620026
27.8,2,2.213,-0.961120615289753
27.8,2,2.216,-0.979986146508599
27.8,2,2.219,-0.999456967717736
27.8,2,2.222,-1.0195592087415
27.8,2,2.225,-1.04032038311144
27.8,2,2.228,-1.06176947403071
27.8,2,2.231,-1.08393702642005
27.8,2,2.234,-1.10685524552462
27.8,2,2.237,-1.13055810260197
27.8,2,2.24,-1.15508144825709
27.8,2,2.243,-1.18046313403946
27.8,2,2.246,-1.20674314297163
27.8,2,2.249,-1.23396372973796
27.8,2,2.252,-1.26216957132725
27.8,2,2.255,-1.29140792899453
27.8,2,2.258,-1.32172882248536
27.8,2,2.261,-1.35318521755236
27.8,2,2.264,-1.38583322788834
27.8,2,2.267,-1.41973233270442
27.8,2,2.27,-1.45494561129664
27.8,2,2.273,-1.4915399960709
27.8,2,2.276,-1.52958654563606
27.8,2,2.279,-1.56916073972933
27.8,2,2.282,-1.61034279790918
27.8,2,2.285,-1.65321802414046
27.8,2,2.288,-1.6978771796065
27.8,2,2.291,-1.74441688631699
27.8,2,2.294,-1.79294006434056
27.8,2,2.297,-1.84355640578146
27.8,2,2.3,-1.89638288894461
27.8,2,2.303,-1.95154433649727
27.8,2,2.306,-2.0091740218444
27.8,2,2.309,-2.06941432839583
27.8,2,2.312,-2.13241746692373
27.8,2,2.315,-2.19834625679907
27.8,2,2.318,-2.2673749775669
27.8,2,2.321,-2.33969029808628
27.8,2,2.324,-2.41549229133839
27.8,2,2.327,-2.49499554401575
27.8,2,2.33,-2.57843037117184
27.8,2,2.333,-2.66604414756293
27.8,2,2.336,-2.7581027688903
27.8,2,2.339,-2.8548922579953
27.8,2,2.342,-2.9567205332283
27.8,2,2.345,-3.0639193587726
27.8,2,2.348,-3.17684649973961
27.8,2,2.351,-3.29588810846636
27.8,2,2.354,-3.42146137276449
27.8,2,2.357,-3.55401746205139
27.8,2,2.36,-3.69404481352435
27.8,2,2.363,-3.84207280805465
27.8,2,2.366,-3.99867589455945
27.8,2,2.369,-4.16447823259239
27.8,2,2.372,-4.34015893617994
27.8,2,2.375,-4.52645801797819
27.8,2,2.378,-4.72418315214681
27.8,2,2.381,-4.93421739747047
27.8,2,2.384,-5.15752804968826
27.8,2,2.387,-5.39517682403065
27.8,2,2.39,-5.64833160546784
27.8,2,2.393,-5.91828004406133
27.8,2,2.396,-6.20644531314125
27.8,2,2.399,-6.51440438232423
27.8,2,2.402,-6.8439091725357
27.8,2,2.405,-7.1969109307982
27.8,2,2.408,-7.57558804033586
27.8,2,2.411,-7.98237717571737
27.8,2,2.414,-8.42000705267185
27.8,2,2.417,-8.89153268616988
27.8,2,2.42,-9.40036544796711
27.8,2,2.423,-9.95028913860723
27.8,2,2.426,-10.5454425085586
27.8,2,2.429,-11.1902298195557
27.8,2,2.432,-11.8890847057098
27.8,2,2.435,-12.6459427914516
27.8,2,2.438,-13.463146564367
27.8,2,2.441,-14.3392678754421
27.8,2,2.444,-15.2649541852242
27.8,2,2.447,-16.2155078487723
27.8,2,2.45,-17.1393280463619
27.8,2,2.453,-17.945331846266
27.8,2,2.456,-18.5040369744232
27.8,2,2.459,-18.6878252346768
27.8,2,2.462,-18.4463296799802
27.8,2,2.465,-17.8444978189987
27.8,2,2.468,-17.0143484847767
27.8,2,2.471,-16.0814026710864
27.8,2,2.474,-15.1308817307947
27.8,2,2.477,-14.2099300067413
27.8,2,2.48,-13.3405729044324
27.8,2,2.483,-12.5307416767879
27.8,2,2.486,-11.7811692284496
27.8,2,2.489,-11.0892052885232
27.8,2,2.492,-10.4508036709607
27.8,2,2.495,-9.86151645900549
27.8,2,2.498,-9.31696926162865
27.8,2,2.501,-8.81307092454519
27.8,2,2.504,-8.3460898715722
27.8,2,2.507,-7.91266535688252
27.8,2,2.51,-7.50978868448341
27.8,2,2.513,-7.13477221970142
27.8,2,2.516,-6.78521507277294
27.8,2,2.519,-6.45896969357577
27.8,2,2.522,-6.15411122203294
27.8,2,2.525,-5.86891022255855
27.8,2,2.528,-5.60180883393394
27.8,2,2.531,-5.35140009322168
27.8,2,2.534,-5.11641008715682
27.8,2,2.537,-4.89568256355723
27.8,2,2.54,-4.68816565441885
27.8,2,2.543,-4.49290039824323
27.8,2,2.546,-4.30901078984842
27.8,2,2.549,-4.13569512557939
27.8,2,2.552,-3.97221844785521
27.8,2,2.555,-3.81790592445684
27.8,2,2.558,-3.67213702482013
27.8,2,2.561,-3.53434037820027
27.8,2,2.564,-3.40398921742242
27.8,2,2.567,-3.28059732756742
27.8,2,2.57,-3.16371543187074
27.8,2,2.573,-3.05292795779022
27.8,2,2.576,-2.94785013502066
27.8,2,2.579,-2.8481253845272
27.8,2,2.582,-2.75342296371454
27.8,2,2.585,-2.66343583787005
27.8,2,2.588,-2.57787875220407
27.8,2,2.591,-2.49648648231033
27.8,2,2.594,-2.41901224380877
27.8,2,2.597,-2.34522624440986
27.8,2,2.6,-2.27491436373993
27.8,2,2.603,-2.2078769480503
27.8,2,2.606,-2.14392770846046
27.8,2,2.609,-2.08289271269456
27.8,2,2.612,-2.02460946140073
27.8,2,2.615,-1.96892604112109
27.8,2,2.618,-1.915700346832
27.8,2,2.621,-1.86479936771763
27.8,2,2.624,-1.81609853049225
27.8,2,2.627,-1.76948109516048
27.8,2,2.63,-1.72483759861197
27.8,2,2.633,-1.68206534189592
27.8,2,2.636,-1.64106791742006
27.8,2,2.639,-1.60175477267453
27.8,2,2.642,-1.56404080739861
27.8,2,2.645,-1.52784600139286
27.8,2,2.648,-1.49309507043448
27.8,2,2.651,-1.45971714798315
27.8,2,2.654,-1.42764549057119
27.8,2,2.657,-1.39681720495851
27.8,2,2.66,-1.36717299530085
27.8,2,2.663,-1.33865692873255
27.8,2,2.666,-1.31121621790265
27.8,2,2.669,-1.28480101912835
27.8,2,2.672,-1.25936424494351
27.8,2,2.675,-1.23486138992282
27.8,2,2.678,-1.21125036875598
27.8,2,2.681,-1.18849136563191
27.8,2,2.684,-1.16654669407041
27.8,2,2.687,-1.14538066640967
27.8,2,2.69,-1.12495947222279
27.8,2,2.693,-1.10525106499516
27.8,2,2.696,-1.08622505644863
27.8,2,2.699,-1.0678526179478
27.8,2,2.702,-1.05010638846813
27.8,2,2.705,-1.03296038864762
27.8,2,2.708,-1.01638994048085
27.8,2,2.711,-1.00037159224893
27.8,2,2.714,-0.98488304831059
27.8,2,2.717,-0.969903103408646
27.8,2,2.72,-0.95541158117252
27.8,2,2.723,-0.941389276522193
27.8,2,2.726,-0.927817901701083
27.8,2,2.729,-0.914680035686256
27.8,2,2.732,-0.901959076743017
27.8,2,2.735,-0.88963919790854
27.8,2,2.738,-0.877705305205136
27.8,2,2.741,-0.866142998398451
27.8,2,2.744,-0.854938534129579
27.8,2,2.747,-0.844078791262439
27.8,2,2.75,-0.833551238299351
27.8,2,2.753,-0.823343902728458
27.8,2,2.756,-0.813445342176181
27.8,2,2.759,-0.803844617247285
27.8,2,2.762,-0.794531265943155
27.8,2,2.765,-0.78549527955686
27.8,2,2.768,-0.776727079950484
27.8,2,2.771,-0.768217498126931
27.8,2,2.774,-0.75995775401454
27.8,2,2.777,-0.751939437388296
27.8,2,2.78,-0.744154489856797
27.8,2,2.783,-0.736595187849003
27.8,2,2.786,-0.729254126539033
27.8,2,2.789,-0.722124204651802
27.8,2,2.792,-0.715198610095696
27.8,2,2.795,-0.708470806372477
27.8,2,2.798,-0.701934519717603
27.8,2,2.801,-0.695583726927378
27.8,2,2.804,-0.689412643832196
27.8,2,2.807,-0.683415714377752
27.8,2,2.81,-0.677587600278567
27.8,2,2.813,-0.671923171210493
27.8,2,2.816,-0.666417495511027
27.8,2,2.819,-0.661065831358109
27.8,2,2.822,-0.655863618400145
27.8,2,2.825,-0.650806469811515
27.8,2,2.828,-0.645890164749558
27.8,2,2.831,-0.641110641190469
27.8,2,2.834,-0.636463989122976
27.8,2,2.837,-0.631946444079871
27.8,2,2.84,-0.627554380988862
27.8,2,2.843,-0.623284308325147
27.8,2,2.846,-0.619132862549297
27.8,2,2.849,-0.615096802815008
27.8,2,2.852,-0.611173005932144
27.8,2,2.855,-0.607358461571461
27.8,2,2.858,-0.603650267698076
27.8,2,2.861,-0.600045626221675
27.8,2,2.864,-0.596541838851966
27.8,2,2.867,-0.593136303148725
27.8,2,2.87,-0.589826508756265
27.8,2,2.873,-0.586610033812845
27.8,2,2.876,-0.583484541526032
27.8,2,2.879,-0.580447776905486
27.8,2,2.882,-0.577497563645291
27.8,2,2.885,-0.574631801148174
27.8,2,2.888,-0.57184846168456
27.8,2,2.891,-0.56914558767976
27.8,2,2.894,-0.566521289122864
27.8,2,2.897,-0.563973741091446
27.8,2,2.9,-0.561501181386329
27.8,2,2.903,-0.559101908271081
27.8,2,2.906,-0.556774278311204
27.8,2,2.909,-0.554516704308188
27.8,2,2.912,-0.552327653323882
27.8,2,2.915,-0.550205644790961
27.8,2,2.918,-0.548149248705333
27.8,2,2.921,-0.546157083896718
27.8,2,2.924,-0.544227816373683
27.8,2,2.927,-0.542360157739783
27.8,2,2.93,-0.540552863677367
27.8,2,2.933,-0.538804732496154
27.8,2,2.936,-0.537114603743469
27.8,2,2.939,-0.535481356873402
27.8,2,2.942,-0.53390390997232
27.8,2,2.945,-0.532381218538047
27.8,2,2.948,-0.530912274310524
27.8,2,2.951,-0.529496104151538
27.8,2,2.954,-0.528131768971437
27.8,2,2.957,-0.526818362700768
27.8,2,2.96,-0.525555011304918
27.8,2,2.963,-0.524340871839885
27.8,2,2.966,-0.523175131547438
27.8,2,2.969,-0.522057006988015
27.8,2,2.972,-0.520985743209756
27.8,2,2.975,-0.519960612952164
27.8,2,2.978,-0.518980915882964
27.8,2,2.981,-0.518045977866805
27.8,2,2.984,-0.517155150264495
27.8,2,2.987,-0.516307809261539
27.8,2,2.99,-0.515503355224778
27.8,2,2.993,-0.514741212086078
27.8,2,2.996,-0.514020826751902
27.8,2,2.999,-0.513341668537845
27.8,2,3.002,-0.512703228627095
27.8,2,3.005,-0.512105019551928
27.8,2,3.008,-0.511546574697362
27.8,2,3.011,-0.511027447826113
27.8,2,3.014,-0.510547212624058
27.8,2,3.017,-0.510105462265479
27.8,2,3.02,-0.509701808997285
27.8,2,3.023,-0.509335883741607
27.8,2,3.026,-0.509007335716054
27.8,2,3.029,-0.508715832070979
27.8,2,3.032,-0.508461057543256
27.8,2,3.035,-0.508242714125844
27.8,2,3.038,-0.508060520752729
27.8,2,3.041,-0.507914212998635
27.8,2,3.044,-0.507803542793064
27.8,2,3.047,-0.507728278148122
27.8,2,3.05,-0.507688202899754
